Crop_Type,Temperature_C,Humidity_pct,Rainfall_mm,Soil_Moisture_pct,Soil_pH,Nitrogen_ppm,Phosphorus_ppm,Potassium_ppm,Sunlight_Hours,Wind_Speed_kmh,Pest_Pressure,Irrigation_Frequency_per_Week,Fertilizer_Usage_kg_per_ha,Temperature_Humidity_Interaction,Rainfall_SoilMoisture_Interaction,Nutrient_Total,Nutrient_Balance,Weather_Stress_Index,Irrigation_Fertilizer_Interaction,Actual_Disease,Predicted_Disease,Disease_Probability_%,Prediction_Correct
Tomato,39.2,85.2,96.7,65.9,6.09,82.3,57.0,75.4,7.3,5.1,59.4,4,80.4,3339.84,6372.530000000001,214.70000000000002,0.6169415292353823,48.74,321.6,0,1,75.5,False
Wheat,30.4,65.8,245.3,90.0,5.61,39.2,46.5,62.4,8.0,10.4,45.5,4,116.8,2000.3199999999997,22077.0,148.1,0.356687898089172,39.059999999999995,467.2,0,1,71.0,False
Tomato,29.5,92.5,228.0,90.0,5.41,73.5,60.5,73.0,9.1,8.8,46.0,7,127.5,2728.75,20520.0,207.0,0.5464684014869888,40.51,892.5,0,1,57.99999999999999,False
Cotton,29.4,74.4,68.6,37.4,6.2,51.2,62.2,56.3,5.5,22.9,51.4,4,38.8,2187.36,2565.64,169.7,0.4284518828451883,41.419999999999995,155.2,1,0,45.0,False
Rice,31.8,61.6,105.6,49.5,5.87,54.2,30.1,5.0,6.2,14.6,59.6,1,46.1,1958.88,5227.2,89.30000000000001,1.5013850415512466,40.88,46.1,0,1,52.0,False
Groundnut,30.2,66.0,292.9,90.0,6.59,58.3,59.1,74.3,7.5,7.3,41.9,2,130.0,1993.2,26360.999999999996,191.7,0.43377976190476186,38.26,260.0,1,1,69.0,True
Wheat,23.8,67.9,56.8,47.0,7.03,11.7,20.4,49.1,10.8,1.2,63.6,2,41.6,1616.0200000000002,2669.6,81.19999999999999,0.16595744680851063,30.830000000000002,83.2,0,1,60.5,False
Maize,29.3,70.1,125.6,67.1,5.91,30.6,29.5,36.1,6.1,11.4,17.4,3,127.0,2053.93,8427.759999999998,96.2,0.45945945945945954,38.59,381.0,1,1,55.50000000000001,True
Rice,26.5,69.4,45.6,37.0,7.5,59.3,57.4,34.7,4.0,12.4,34.7,7,149.8,1839.1000000000001,1687.2,151.39999999999998,0.6369495166487648,35.919999999999995,1048.6000000000001,0,0,42.0,True
Soybean,29.1,88.5,68.2,59.0,6.89,116.3,35.8,21.3,7.2,10.8,56.5,6,59.9,2575.35,4023.8,173.4,2.0017211703958693,40.11,359.4,0,1,53.0,False
Maize,26.2,64.3,89.0,53.2,6.19,25.6,26.1,52.7,6.1,3.3,25.7,7,87.6,1684.6599999999999,4734.8,104.4,0.3208020050125313,33.28999999999999,613.1999999999999,0,1,60.0,False
Rice,32.4,50.5,132.7,70.0,6.93,61.5,43.1,58.5,3.7,21.7,29.2,1,98.4,1636.1999999999998,9289.0,163.1,0.5994152046783626,41.78999999999999,98.4,0,1,64.5,False
Wheat,37.7,86.3,74.7,38.6,6.56,54.6,59.0,53.3,7.2,8.0,53.1,4,175.7,3253.51,2883.42,166.89999999999998,0.48190644307149166,47.93,702.8,1,1,60.0,True
Soybean,23.0,75.1,82.3,42.1,5.42,53.8,33.4,32.1,5.5,5.6,39.1,4,68.2,1727.3,3464.83,119.29999999999998,0.8090225563909774,31.63,272.8,0,0,50.0,True
Rice,15.7,95.0,90.5,60.8,6.9,53.1,40.6,44.3,6.7,10.8,50.3,2,68.5,1491.5,5502.4,138.0,0.6181606519208381,27.36,137.0,1,1,56.00000000000001,True
Soybean,32.1,43.9,113.6,38.6,6.54,56.5,39.8,26.3,9.8,17.6,40.3,4,31.8,1409.19,4384.96,122.6,0.842026825633383,40.010000000000005,127.2,1,1,53.5,True
Wheat,28.0,66.3,181.5,72.1,6.78,43.2,59.2,25.1,6.7,15.7,54.2,7,82.3,1856.3999999999999,13086.15,127.5,0.5064478311840562,37.77,576.1,1,1,67.5,True
Rice,30.4,93.4,121.4,51.6,5.35,63.2,28.1,61.6,6.8,14.1,52.0,2,121.9,2839.36,6264.240000000001,152.9,0.6968026460859978,42.559999999999995,243.8,1,1,68.5,True
Wheat,36.2,50.7,159.9,58.5,6.54,85.5,33.0,66.2,6.9,9.0,21.0,2,54.2,1835.3400000000001,9354.15,184.7,0.8532934131736527,43.07,108.4,0,1,65.5,False
Maize,32.5,64.3,143.3,41.4,6.53,59.9,15.8,68.5,5.8,3.0,60.1,4,130.8,2089.75,5932.62,144.2,0.7022274325908558,39.53,523.2,0,1,57.99999999999999,False
Rice,20.7,59.1,98.6,45.8,6.1,87.7,23.8,31.5,7.6,16.6,36.8,2,36.7,1223.37,4515.879999999999,143.0,1.557726465364121,29.93,73.4,0,0,34.5,True
Soybean,21.6,61.2,171.5,85.9,6.9,61.9,33.2,74.9,9.0,16.2,41.6,5,164.4,1321.92,14731.85,170.0,0.5673693858845096,30.96,822.0,1,1,55.50000000000001,True
Cotton,21.5,50.7,161.9,82.0,6.26,89.5,40.6,46.2,4.7,8.7,24.0,1,63.4,1090.05,13275.800000000001,176.3,1.0193621867881548,28.31,63.4,1,0,50.0,False
Groundnut,33.1,91.3,40.1,31.2,7.2,81.0,49.5,60.4,7.7,15.2,60.8,5,55.7,3022.03,1251.1200000000001,190.9,0.7303877366997295,45.27,278.5,1,0,48.0,False
Rice,21.0,53.0,350.0,90.0,7.6,10.0,41.1,23.7,7.4,10.4,41.4,1,55.5,1113.0,31500.0,74.8,0.1519756838905775,28.380000000000003,55.5,1,1,59.0,True
Tomato,29.7,44.3,194.0,76.3,7.23,54.4,49.9,48.7,6.3,11.3,46.1,3,153.5,1315.7099999999998,14802.199999999999,153.0,0.5461847389558233,36.38999999999999,460.5,0,1,59.5,False
Maize,33.4,80.3,118.3,48.1,5.0,69.6,42.7,55.2,7.5,17.2,66.2,6,103.8,2682.02,5690.2300000000005,167.5,0.7037411526794741,44.87,622.8,0,1,62.5,False
Cotton,22.4,84.5,115.2,55.7,6.75,76.2,40.8,87.0,5.3,5.6,46.7,6,81.8,1892.8,6416.64,204.0,0.5916149068322981,31.97,490.79999999999995,1,1,56.49999999999999,True
Soybean,35.1,65.5,69.8,49.6,6.4,46.4,34.7,37.6,6.2,8.7,26.4,7,113.3,2299.05,3462.08,118.69999999999999,0.6330150068212823,43.39,793.1,1,0,43.5,False
Rice,29.3,44.9,73.5,34.5,6.03,53.8,27.2,62.0,9.6,25.5,39.2,3,73.6,1315.57,2535.75,143.0,0.5964523281596452,38.89,220.79999999999998,0,0,48.5,True
Groundnut,30.4,70.4,81.5,34.7,6.72,62.4,42.4,42.9,4.7,16.2,34.2,5,111.9,2140.16,2828.05,147.7,0.7230590961761297,40.68,559.5,1,1,54.0,True
Rice,31.9,80.1,91.8,25.1,5.79,49.5,27.5,36.3,8.2,12.9,20.3,4,107.0,2555.1899999999996,2304.18,113.3,0.763888888888889,42.489999999999995,428.0,1,1,55.50000000000001,True
Tomato,23.0,62.4,199.6,90.0,6.74,65.6,31.6,58.9,5.8,8.3,50.8,6,100.9,1435.2,17964.0,156.1,0.7169398907103824,30.900000000000002,605.4000000000001,0,1,68.0,False
Maize,23.7,66.0,222.5,90.0,6.28,29.4,26.7,19.3,8.4,16.7,46.5,2,159.8,1564.2,20025.0,75.39999999999999,0.625531914893617,33.64,319.6,0,1,52.5,False
Maize,31.7,63.6,249.9,90.0,6.55,70.6,41.4,29.5,7.0,16.6,40.5,2,40.8,2016.12,22491.0,141.5,0.9819193324061195,41.38,81.6,1,1,67.0,True
Tomato,25.9,73.5,62.0,50.2,5.57,61.6,17.3,78.2,6.5,11.5,55.3,1,130.5,1903.6499999999999,3112.4,157.10000000000002,0.6383419689119171,35.55,130.5,0,1,60.0,False
Soybean,31.9,43.5,74.9,15.0,5.97,68.9,49.0,56.5,8.1,5.7,34.8,4,105.5,1387.6499999999999,1123.5,174.4,0.6469483568075118,37.39,422.0,1,0,44.5,False
Tomato,34.1,39.8,101.3,43.8,5.64,81.5,24.7,57.1,7.3,8.7,4.0,4,116.0,1357.18,4436.94,163.3,0.9842995169082126,39.82,464.0,0,0,42.5,True
Rice,31.7,67.8,207.9,90.0,5.75,60.0,39.0,12.6,9.3,9.7,36.5,4,22.9,2149.2599999999998,18711.0,111.6,1.1406844106463878,40.419999999999995,91.6,1,1,61.0,True
Groundnut,30.0,56.4,146.3,46.9,6.6,62.8,30.4,47.5,6.8,4.1,7.6,5,121.8,1692.0,6861.47,140.7,0.7959442332065906,36.46,609.0,1,1,52.0,True
Soybean,26.2,76.0,151.7,75.0,7.31,57.6,47.8,71.2,7.1,14.7,29.9,7,126.7,1991.2,11377.5,176.60000000000002,0.48000000000000004,36.739999999999995,886.9,0,1,59.5,False
Tomato,29.0,70.6,196.4,84.7,7.22,58.1,44.6,63.2,6.4,10.8,43.7,6,101.7,2047.3999999999999,16635.08,165.9,0.5340073529411764,38.22,610.2,0,1,72.5,False
Soybean,29.4,74.1,83.5,61.4,7.0,34.7,35.4,5.0,8.7,9.9,45.8,4,20.0,2178.5399999999995,5126.9,75.1,0.8381642512077295,38.78999999999999,80.0,0,1,59.0,False
Groundnut,24.7,68.1,146.7,82.4,6.62,67.0,44.1,15.3,4.8,9.5,53.0,4,51.7,1682.0699999999997,12088.08,126.39999999999999,1.109271523178808,33.41,206.8,1,1,63.5,True
Cotton,25.6,94.4,228.0,90.0,5.83,58.2,5.0,24.2,6.0,7.2,70.9,1,77.6,2416.6400000000003,20520.0,87.4,1.9271523178807948,36.480000000000004,77.6,1,1,70.0,True
Groundnut,26.0,75.9,304.6,90.0,7.54,55.4,42.1,64.7,9.8,5.2,33.5,6,81.8,1973.4,27414.000000000004,162.2,0.5139146567717996,34.63,490.79999999999995,1,1,75.5,True
Soybean,26.0,67.8,136.8,71.8,7.18,32.3,7.4,64.2,8.8,10.1,25.6,6,102.9,1762.8,9822.24,103.9,0.4449035812672175,34.800000000000004,617.4000000000001,1,1,59.5,True
Groundnut,17.8,66.8,196.6,73.6,6.15,29.7,48.0,57.7,4.7,6.5,10.3,7,55.8,1189.04,14469.759999999998,135.4,0.27835051546391754,25.78,390.59999999999997,1,1,55.00000000000001,True
Soybean,30.3,68.1,136.7,37.3,5.35,52.1,30.1,48.3,7.6,17.7,28.8,7,76.4,2063.43,5098.909999999999,130.5,0.6561712846347607,40.65,534.8000000000001,1,1,56.99999999999999,True
Cotton,25.1,66.3,92.3,51.2,6.6,68.6,32.9,34.3,10.9,12.8,23.1,3,82.9,1664.13,4725.76,135.8,1.0058651026392962,34.29,248.70000000000002,0,1,52.5,False
Wheat,27.8,73.5,350.0,90.0,5.81,92.5,63.7,34.5,6.4,13.5,56.7,1,115.7,2043.3,31500.0,190.7,0.9324596774193548,37.85,115.7,0,1,65.0,False
Soybean,28.3,79.5,78.8,57.8,6.93,49.9,48.3,33.6,4.9,9.4,50.8,4,97.9,2249.85,4554.639999999999,131.79999999999998,0.6019300361881784,38.13,391.6,0,1,54.50000000000001,False
Tomato,37.4,53.5,116.2,50.9,6.52,50.4,21.8,93.2,6.8,21.2,36.4,3,98.6,2000.8999999999999,5914.58,165.4,0.43448275862068964,46.99,295.79999999999995,1,1,61.0,True
Groundnut,21.0,76.2,77.8,40.4,5.96,88.3,5.0,38.7,5.8,15.4,41.1,1,86.1,1600.2,3143.12,132.0,1.9753914988814316,31.700000000000003,86.1,1,0,42.0,False
Tomato,26.1,65.8,127.7,48.4,6.89,40.1,47.7,41.1,6.7,12.7,33.1,5,150.6,1717.38,6180.68,128.9,0.44654788418708236,35.22,753.0,1,1,62.5,True
Soybean,23.8,62.3,72.3,50.3,6.9,24.5,30.7,32.5,7.7,10.5,41.9,5,95.1,1482.74,3636.6899999999996,87.7,0.38161993769470404,32.13,475.5,0,0,42.5,True
Soybean,23.2,69.9,183.1,74.4,6.96,51.6,26.0,5.0,6.6,11.1,66.3,1,113.0,1621.68,13622.640000000001,82.6,1.6125,32.41,113.0,1,1,55.50000000000001,True
Groundnut,31.8,81.4,169.7,90.0,6.34,12.3,24.7,7.8,7.0,12.0,57.8,6,130.7,2588.5200000000004,15272.999999999998,44.8,0.36716417910447763,42.339999999999996,784.1999999999999,0,1,72.5,False
Groundnut,30.1,95.0,96.6,61.9,6.56,37.6,18.4,32.9,7.0,5.5,52.3,7,38.4,2859.5,5979.54,88.9,0.7189292543021033,40.7,268.8,1,1,58.5,True
Tomato,24.5,54.8,178.5,60.6,7.77,56.0,36.9,56.8,6.2,13.9,38.3,5,96.3,1342.6,10817.1,149.7,0.5913410770855333,32.76,481.5,0,1,64.0,False
Cotton,31.2,72.7,67.3,67.7,7.61,86.7,34.8,45.1,9.4,12.0,41.1,3,75.1,2268.2400000000002,4556.21,166.6,1.0716934487021013,40.87,225.29999999999998,1,1,63.5,True
Cotton,29.3,64.2,161.5,79.5,5.61,30.3,7.0,56.2,6.2,6.5,46.9,3,104.8,1881.0600000000002,12839.25,93.5,0.4719626168224299,37.019999999999996,314.4,0,1,60.0,False
Maize,34.1,69.5,231.0,87.5,7.45,83.5,44.7,31.9,9.9,12.5,49.7,2,66.6,2369.9500000000003,20212.5,160.1,1.0760309278350517,43.550000000000004,133.2,0,1,70.5,False
Soybean,23.7,55.9,74.7,39.6,6.1,64.9,51.1,59.3,8.9,15.0,50.0,6,89.0,1324.83,2958.1200000000003,175.3,0.5825852782764812,32.29,534.0,1,1,56.99999999999999,True
Groundnut,40.0,54.7,97.5,26.0,6.64,52.2,56.1,38.8,6.3,15.4,36.8,3,63.7,2188.0,2535.0,147.10000000000002,0.5443169968717414,48.55,191.10000000000002,0,1,53.5,False
Maize,24.7,71.0,81.3,56.6,5.61,66.6,41.6,22.2,5.9,15.0,56.8,3,134.6,1753.7,4601.58,130.39999999999998,1.0277777777777777,34.8,403.79999999999995,1,1,57.49999999999999,True
Rice,27.2,70.5,128.6,58.0,5.75,91.4,37.3,5.0,8.3,18.8,44.1,7,98.7,1917.6,7458.799999999999,133.7,2.1108545034642034,38.01,690.9,0,0,49.5,True
Tomato,28.2,62.4,108.6,48.3,6.16,57.1,44.8,33.8,4.0,21.5,46.5,6,96.1,1759.6799999999998,5245.379999999999,135.7,0.7173366834170855,38.739999999999995,576.5999999999999,0,1,61.0,False
Cotton,26.7,92.0,41.7,38.4,5.98,61.9,26.2,40.0,5.8,12.9,30.3,2,100.8,2456.4,1601.28,128.1,0.9211309523809523,38.48,201.6,0,1,52.0,False
Tomato,21.5,95.0,108.4,50.3,7.4,62.0,53.6,51.6,3.4,19.0,52.9,5,80.6,2042.5,5452.5199999999995,167.2,0.583804143126177,34.8,403.0,0,0,50.0,True
Maize,18.3,31.6,322.9,90.0,6.16,52.3,44.9,54.9,7.8,15.1,13.5,7,140.9,578.2800000000001,29060.999999999996,152.1,0.5188492063492063,24.48,986.3000000000001,1,1,77.5,True
Maize,29.2,78.6,130.0,65.1,6.89,49.6,30.4,80.8,6.7,11.2,48.3,5,81.8,2295.12,8463.0,160.8,0.4420677361853833,39.300000000000004,409.0,1,1,65.0,True
Soybean,24.2,74.0,40.0,25.1,5.0,29.1,5.0,30.2,6.5,15.1,30.0,5,49.7,1790.8,1004.0,64.3,0.8038674033149171,34.620000000000005,248.5,0,0,48.0,True
Groundnut,28.2,69.0,203.0,85.3,6.21,10.0,43.7,58.9,7.6,18.0,40.1,6,135.9,1945.8,17315.899999999998,112.6,0.09652509652509653,38.7,815.4000000000001,1,1,62.0,True
Rice,35.3,66.4,39.8,43.8,5.41,68.3,34.2,12.6,5.4,8.4,46.5,2,72.9,2343.92,1743.2399999999998,115.1,1.4288702928870292,43.62,145.8,0,0,48.5,True
Tomato,31.0,75.2,122.1,54.2,6.56,70.8,26.1,43.9,6.9,14.9,34.6,1,66.2,2331.2000000000003,6617.82,140.8,0.9971830985915493,41.5,66.2,0,1,53.5,False
Maize,32.6,70.7,199.4,69.1,6.96,67.1,36.8,49.7,6.0,14.9,63.6,5,127.1,2304.82,13778.539999999999,153.6,0.7668571428571428,42.65,635.5,1,1,70.5,True
Wheat,31.4,43.6,36.9,25.8,5.46,47.8,32.3,48.4,6.6,5.0,23.8,7,102.0,1369.04,952.02,128.5,0.5850673194614443,36.76,714.0,0,0,37.5,True
Groundnut,32.8,49.8,119.2,61.3,6.54,50.6,30.5,74.7,6.0,10.7,21.3,7,93.7,1633.4399999999998,7306.96,155.8,0.4764595103578154,39.919999999999995,655.9,0,1,56.49999999999999,False
Rice,25.3,74.5,74.3,33.2,7.05,62.7,17.7,45.9,6.6,10.9,46.7,4,111.3,1884.8500000000001,2466.76,126.30000000000001,0.9705882352941178,34.93,445.2,0,1,51.5,False
Rice,28.0,95.0,209.2,90.0,6.63,44.0,36.5,56.6,10.0,1.0,36.5,5,78.1,2660.0,18828.0,137.1,0.46758767268862916,37.7,390.5,0,1,68.5,False
Soybean,26.6,75.2,194.6,77.0,6.71,12.3,61.8,50.4,8.8,21.9,7.7,5,57.8,2000.3200000000002,14984.199999999999,124.5,0.10865724381625444,38.50000000000001,289.0,1,1,61.5,True
Maize,19.9,47.3,235.8,70.3,6.85,45.1,47.9,46.9,8.3,9.0,32.7,6,120.9,941.2699999999999,16576.74,139.9,0.4707724425887265,26.43,725.4000000000001,0,1,61.0,False
Cotton,32.4,89.1,171.8,81.1,6.88,88.6,42.6,44.1,9.7,7.4,33.9,6,137.8,2886.8399999999997,13932.98,175.29999999999998,1.010262257696693,42.79,826.8000000000001,0,1,59.0,False
Soybean,31.0,69.8,89.0,48.9,7.82,76.1,51.0,59.6,8.0,7.3,49.0,2,35.5,2163.7999999999997,4352.099999999999,186.7,0.681899641577061,39.44,71.0,0,1,54.50000000000001,False
Groundnut,20.4,61.3,77.3,65.6,6.48,73.7,24.8,47.4,6.6,11.0,21.0,1,112.9,1250.5199999999998,5070.879999999999,145.9,1.0068306010928962,28.729999999999997,112.9,0,0,43.0,True
Soybean,28.6,47.2,264.2,90.0,5.71,35.8,44.9,43.0,7.6,14.7,34.4,3,109.0,1349.92,23778.0,123.69999999999999,0.40269966254218215,36.26,327.0,0,1,69.5,False
Rice,29.1,81.6,204.8,90.0,7.03,66.6,18.6,47.5,6.2,8.5,38.5,1,80.1,2374.56,18432.0,132.7,0.992548435171386,38.96000000000001,80.1,1,1,66.0,True
Tomato,31.0,93.4,124.3,57.6,6.32,42.9,36.5,30.1,8.1,13.8,41.1,1,97.8,2895.4,7159.68,109.5,0.6346153846153847,43.1,97.8,0,1,74.0,False
Tomato,21.5,76.8,89.9,37.9,7.94,40.6,20.1,21.7,7.8,8.0,38.5,3,98.1,1651.2,3407.21,82.4,0.9485981308411215,30.78,294.29999999999995,0,1,66.0,False
Maize,30.9,92.4,125.5,43.5,7.21,65.3,42.7,57.3,5.8,12.1,47.2,2,47.9,2855.16,5459.25,165.3,0.6465346534653466,42.56,95.8,0,1,70.5,False
Tomato,26.7,62.4,162.4,78.1,7.15,41.7,48.3,23.1,8.4,11.1,27.2,2,87.2,1666.08,12683.439999999999,113.1,0.5759668508287292,35.16,174.4,1,1,63.0,True
Maize,29.1,49.3,117.6,35.3,6.92,39.9,50.8,30.2,9.2,11.3,30.1,5,115.7,1434.6299999999999,4151.28,120.89999999999999,0.4865853658536585,36.29,578.5,1,1,57.99999999999999,True
Wheat,28.2,64.8,99.4,52.1,5.66,25.5,20.6,72.5,7.6,14.7,30.6,3,82.8,1827.36,5178.740000000001,118.6,0.2709883103081828,37.62,248.39999999999998,1,1,59.5,True
Tomato,28.3,59.8,85.9,30.5,6.31,50.0,36.6,60.2,6.5,6.2,31.0,7,90.3,1692.34,2619.9500000000003,146.8,0.5112474437627811,35.52,632.1,1,0,42.0,False
Soybean,16.7,63.7,46.7,52.2,8.0,35.7,21.0,47.0,7.2,11.8,34.1,6,70.1,1063.79,2437.7400000000002,103.7,0.5173913043478261,25.43,420.59999999999997,0,1,54.0,False
Groundnut,28.2,61.1,15.0,35.7,6.58,63.7,30.0,19.4,7.8,2.8,48.4,3,70.7,1723.02,535.5,113.1,1.263888888888889,34.870000000000005,212.10000000000002,1,0,48.5,False
Wheat,22.0,46.2,165.3,67.4,6.91,88.7,41.1,74.2,7.1,16.3,8.7,6,71.7,1016.4000000000001,11141.220000000001,204.0,0.76268271711092,29.880000000000003,430.20000000000005,1,0,48.5,False
Cotton,33.6,60.6,327.1,90.0,6.21,46.8,22.4,21.9,7.9,13.8,36.4,6,92.2,2036.16,29439.000000000004,91.1,1.033112582781457,42.42,553.2,0,1,75.5,False
Tomato,37.4,76.9,37.8,15.0,7.79,99.1,31.6,54.8,6.9,8.0,27.2,1,42.4,2876.06,567.0,185.5,1.1338672768878717,46.69,42.4,0,1,54.0,False
Wheat,20.8,62.4,208.5,78.8,6.81,51.1,22.0,93.1,8.9,9.7,16.7,3,83.5,1297.92,16429.8,166.2,0.44013781223083553,28.98,250.5,1,1,60.5,True
Tomato,26.7,67.7,169.1,77.0,5.47,95.9,45.4,35.0,3.4,4.2,56.9,4,82.9,1807.59,13020.699999999999,176.3,1.1781326781326782,34.31,331.6,1,1,65.0,True
Wheat,33.0,61.6,49.4,35.9,6.49,44.1,23.8,37.3,4.6,12.2,50.6,4,142.9,2032.8,1773.4599999999998,105.2,0.7101449275362319,41.599999999999994,571.6,0,1,59.0,False
Soybean,17.2,84.5,154.2,65.1,6.49,72.3,63.1,36.9,8.5,13.3,53.2,6,113.7,1453.3999999999999,10038.419999999998,172.3,0.7158415841584158,28.31,682.2,1,1,60.5,True
Groundnut,31.6,72.0,132.5,56.0,6.3,66.8,36.0,60.0,7.1,9.7,51.0,7,95.9,2275.2000000000003,7420.0,162.8,0.688659793814433,40.74,671.3000000000001,0,1,55.00000000000001,False
Tomato,26.6,82.7,80.0,42.5,5.49,61.1,36.0,59.1,5.9,12.9,36.4,1,56.7,2199.82,3400.0,156.2,0.63579604578564,37.45,56.7,1,1,52.5,True
Wheat,25.5,65.6,179.9,73.5,6.74,77.5,36.6,27.8,4.3,27.0,21.1,3,107.6,1672.8,13222.65,141.9,1.1850152905198776,37.46,322.79999999999995,0,1,58.5,False
Cotton,29.7,69.8,170.1,73.2,6.75,64.7,43.1,32.8,8.8,15.9,43.4,2,131.0,2073.06,12451.32,140.60000000000002,0.8413524057217164,39.86,262.0,1,1,63.5,True
Rice,28.4,78.7,116.3,54.6,7.87,65.0,40.4,77.0,7.5,22.7,37.6,4,148.2,2235.08,6349.98,182.4,0.5489864864864865,40.809999999999995,592.8,0,0,49.5,True
Rice,37.2,79.5,123.0,78.7,6.76,47.9,20.7,49.3,10.7,13.1,58.6,5,94.0,2957.4,9680.1,117.89999999999999,0.6746478873239437,47.77,470.0,1,1,57.99999999999999,True
Rice,32.6,51.6,80.2,55.1,6.51,92.6,41.3,30.0,9.5,22.0,31.7,2,74.6,1682.16,4419.02,163.89999999999998,1.280774550484094,42.160000000000004,149.2,0,0,49.5,True
Maize,24.4,56.1,49.7,28.0,7.29,69.4,52.0,64.0,8.5,12.6,21.9,5,79.9,1368.84,1391.6000000000001,185.4,0.5931623931623932,32.53,399.5,0,0,45.5,True
Maize,35.7,95.0,40.0,27.8,5.9,61.5,34.3,52.6,6.7,14.8,68.3,2,89.9,3391.5000000000005,1112.0,148.4,0.6996587030716723,48.160000000000004,179.8,0,1,67.5,False
Rice,22.9,55.6,350.0,90.0,6.79,60.0,29.0,19.1,7.8,8.8,28.0,7,47.9,1273.24,31500.0,108.1,1.2219959266802443,30.220000000000002,335.3,1,1,74.0,True
Groundnut,24.0,72.3,37.7,43.4,6.18,79.1,29.0,45.4,4.5,17.0,27.7,7,108.7,1735.1999999999998,1636.18,153.5,1.0490716180371351,34.63,760.9,0,0,41.0,True
Maize,24.9,70.2,74.0,40.0,6.25,31.0,26.1,60.2,7.4,12.7,35.0,4,82.0,1747.98,2960.0,117.30000000000001,0.3550973654066437,34.46,328.0,1,0,47.0,False
Wheat,30.5,61.8,91.7,50.6,6.72,80.5,25.2,56.0,7.0,12.4,56.4,6,38.9,1884.8999999999999,4640.02,161.7,0.9793187347931873,39.16,233.39999999999998,0,1,53.5,False
Soybean,32.5,52.5,49.5,48.0,6.5,74.0,39.2,53.3,5.6,15.0,32.0,2,68.9,1706.25,2376.0,166.5,0.7914438502673797,40.75,137.8,1,0,45.0,False
Maize,35.2,68.5,60.1,50.9,6.54,79.3,52.4,23.9,5.4,21.3,51.1,4,84.7,2411.2000000000003,3059.09,155.6,1.0258732212160413,46.31,338.8,0,1,54.0,False
Wheat,25.7,36.7,79.1,49.8,5.63,62.3,32.4,46.9,5.4,10.1,15.0,5,137.8,943.19,3939.1799999999994,141.6,0.775840597758406,31.39,689.0,0,0,34.0,True
Maize,21.6,95.0,211.0,90.0,5.77,43.1,29.5,39.8,10.2,9.6,47.9,2,108.4,2052.0,18990.0,112.39999999999999,0.6130867709815079,33.02,216.8,1,1,80.0,True
Soybean,35.0,55.8,49.9,15.0,6.49,74.5,48.9,63.4,6.5,13.1,36.4,7,135.0,1953.0,748.5,186.8,0.6575463371579877,43.199999999999996,945.0,1,0,49.5,False
Maize,28.9,76.4,25.3,43.9,8.0,44.5,21.8,51.0,6.3,13.7,45.3,7,101.7,2207.96,1110.67,117.3,0.6029810298102981,39.28,711.9,0,1,56.00000000000001,False
Rice,28.4,60.2,148.8,90.0,6.54,66.6,37.7,59.0,7.0,21.5,30.3,6,115.5,1709.68,13392.000000000002,163.3,0.6816786079836232,38.72,693.0,0,1,69.0,False
Rice,15.3,62.5,117.8,63.7,6.68,65.4,29.1,64.9,7.2,11.4,38.2,3,74.0,956.25,7503.860000000001,159.4,0.688421052631579,23.830000000000002,222.0,0,1,54.0,False
Rice,28.0,74.9,138.3,53.3,5.84,49.4,57.0,53.2,7.8,11.2,38.6,4,99.6,2097.2000000000003,7371.39,159.60000000000002,0.4442446043165467,37.730000000000004,398.4,1,1,71.0,True
Groundnut,25.3,62.2,91.5,63.5,7.07,67.5,12.3,41.7,5.1,11.1,34.5,1,99.0,1573.66,5810.25,121.5,1.2272727272727273,33.74,99.0,0,0,47.0,True
Tomato,25.8,65.8,135.6,60.6,8.0,46.9,35.5,35.7,5.8,17.6,43.3,4,133.1,1697.6399999999999,8217.36,118.10000000000001,0.6495844875346259,35.900000000000006,532.4,1,1,56.00000000000001,True
Rice,29.3,52.4,99.0,45.2,6.39,90.3,39.8,30.7,10.5,18.2,10.8,7,104.9,1535.32,4474.8,160.79999999999998,1.2629370629370629,38.18,734.3000000000001,0,1,59.5,False
Wheat,29.4,86.0,66.4,35.1,6.5,55.8,38.0,28.1,8.0,10.7,30.8,5,68.8,2528.4,2330.6400000000003,121.9,0.8315946348733234,40.14,344.0,1,1,54.50000000000001,True
Tomato,29.9,82.5,96.7,34.0,6.44,37.2,57.7,55.1,7.6,7.8,38.4,1,89.3,2466.75,3287.8,150.0,0.3268892794376098,39.71,89.3,1,1,64.5,True
Cotton,36.7,65.4,172.0,62.3,6.39,43.2,37.3,43.5,9.7,19.4,39.4,6,69.3,2400.1800000000003,10715.6,124.0,0.528117359413203,47.120000000000005,415.79999999999995,0,1,58.5,False
Rice,29.8,66.4,174.3,82.2,5.97,45.8,56.0,41.6,6.9,25.3,34.4,3,100.1,1978.7200000000003,14327.460000000001,143.4,0.4645030425963489,41.5,300.29999999999995,1,1,59.0,True
Wheat,27.4,72.4,34.1,49.6,6.81,78.3,37.5,51.8,8.1,9.6,42.3,6,118.1,1983.76,1691.3600000000001,167.6,0.867109634551495,36.56,708.5999999999999,0,0,48.0,True
Rice,29.5,30.7,202.9,76.4,6.46,32.5,39.1,37.4,9.5,13.7,11.1,3,83.1,905.65,15501.560000000001,109.0,0.41935483870967744,35.31,249.29999999999998,1,1,61.5,True
Wheat,25.7,88.4,39.2,54.4,6.6,61.4,39.7,32.4,6.4,11.7,42.8,3,67.0,2271.88,2132.48,133.5,0.8399452804377565,36.879999999999995,201.0,1,1,52.5,True
Cotton,35.8,70.0,179.3,63.5,7.36,58.2,43.6,39.7,4.9,8.0,32.8,4,71.9,2506.0,11385.550000000001,141.5,0.690391459074733,44.4,287.6,0,1,63.5,False
Wheat,19.9,40.2,171.7,73.6,5.91,41.6,18.6,35.5,7.4,16.9,10.4,1,111.4,799.98,12637.119999999999,95.7,0.7549909255898367,27.299999999999997,111.4,0,1,62.5,False
Wheat,29.7,47.4,198.4,58.2,6.62,52.2,49.6,58.9,5.0,3.0,10.5,4,128.4,1407.78,11546.880000000001,160.70000000000002,0.47671232876712333,35.04,513.6,0,0,47.0,True
Tomato,35.2,89.5,103.3,60.7,6.18,91.6,38.7,32.4,9.3,9.1,53.7,1,175.7,3150.4,6270.31,162.70000000000002,1.2704576976421638,45.970000000000006,175.7,1,1,64.5,True
Tomato,29.6,66.3,179.3,54.1,6.73,43.6,40.1,41.0,9.4,13.3,57.2,1,72.4,1962.48,9700.130000000001,124.7,0.531059683313033,38.89,72.4,0,1,69.0,False
Maize,35.9,66.0,111.0,65.1,6.29,71.7,33.6,33.5,4.8,15.2,50.0,6,100.3,2369.4,7226.099999999999,138.8,1.0528634361233482,45.54,601.8,0,1,65.5,False
Wheat,25.8,41.3,119.0,56.4,5.0,69.4,59.1,18.8,10.1,10.9,24.3,1,112.8,1065.54,6711.599999999999,147.3,0.8795944233206591,32.11,112.8,1,0,48.0,False
Soybean,29.4,76.6,36.0,49.0,6.47,53.0,44.9,65.0,8.9,9.6,62.6,1,43.9,2252.0399999999995,1764.0,162.9,0.4779080252479711,38.98,43.9,1,1,56.00000000000001,True
Groundnut,29.1,78.7,154.0,78.9,7.16,58.9,35.9,48.1,7.6,11.8,29.8,4,116.4,2290.17,12150.6,142.9,0.6929411764705882,39.33,465.6,1,1,56.99999999999999,True
Groundnut,27.7,93.3,220.5,90.0,6.63,76.3,33.6,47.0,8.1,15.3,54.5,3,129.6,2584.41,19845.0,156.9,0.9350490196078431,40.09,388.79999999999995,1,1,77.5,True
Cotton,28.1,72.2,97.6,53.0,7.19,105.6,55.7,16.4,11.0,16.2,50.3,7,92.6,2028.8200000000002,5172.799999999999,177.70000000000002,1.4445964432284542,38.56,648.1999999999999,1,1,50.5,True
Maize,31.6,63.0,292.4,89.4,6.19,37.6,35.8,24.1,8.9,8.6,45.3,7,61.2,1990.8000000000002,26140.56,97.5,0.6174055829228243,39.62,428.40000000000003,1,1,74.0,True
Tomato,30.3,74.2,100.7,52.2,7.32,36.7,45.2,24.7,8.1,20.8,26.4,5,97.8,2248.26,5256.540000000001,106.60000000000001,0.5176304654442877,41.879999999999995,489.0,1,0,41.0,False
Soybean,25.7,95.0,213.1,90.0,5.84,95.2,32.2,31.0,8.8,12.2,59.8,6,73.9,2441.5,19179.0,158.4,1.482866043613707,37.64,443.40000000000003,1,1,79.5,True
Soybean,33.2,58.6,39.6,28.5,5.93,43.9,43.1,56.0,7.5,15.3,32.9,4,36.4,1945.5200000000002,1128.6000000000001,143.0,0.4385614385614386,42.120000000000005,145.6,1,0,41.5,False
Maize,19.5,66.4,161.6,61.5,5.93,73.4,28.7,50.3,6.8,16.3,13.5,5,90.2,1294.8000000000002,9938.4,152.4,0.9175000000000001,29.400000000000002,451.0,1,1,58.5,True
Soybean,21.3,66.8,90.7,57.9,6.44,30.9,34.7,35.3,6.7,11.6,51.4,7,57.7,1422.84,5251.53,100.89999999999999,0.4352112676056338,30.3,403.90000000000003,1,1,51.0,True
Soybean,35.4,69.0,350.0,90.0,8.0,27.6,20.8,47.5,8.3,21.2,36.5,2,94.5,2442.6,31500.0,95.9,0.3982683982683983,46.54,189.0,0,1,79.5,False
Tomato,24.1,47.5,188.0,76.2,6.48,80.9,28.3,15.7,6.9,9.2,44.9,3,66.5,1144.75,14325.6,124.9,1.797777777777778,30.69,199.5,1,1,60.5,True
Tomato,25.5,74.6,117.9,45.1,6.63,53.7,64.1,43.7,8.3,20.5,60.2,3,99.0,1902.3,5317.290000000001,161.5,0.49356617647058826,37.06,297.0,0,1,55.00000000000001,False
Maize,30.9,63.1,173.0,80.3,6.26,61.3,33.0,76.3,4.6,10.9,43.1,6,58.6,1949.79,13891.9,170.6,0.5557570262919311,39.39,351.6,0,1,65.0,False
Soybean,29.8,69.5,94.6,47.8,6.4,47.7,37.2,49.1,5.3,17.3,55.6,7,124.2,2071.1,4521.879999999999,134.0,0.5463917525773195,40.21,869.4,1,1,52.5,True
Maize,28.0,31.2,64.4,15.0,6.23,20.8,29.7,13.7,5.8,10.7,26.1,5,109.2,873.6,966.0000000000001,64.2,0.4684684684684685,33.26,546.0,1,1,52.5,True
Maize,26.8,62.8,111.9,75.3,5.88,35.7,34.5,66.0,5.8,12.4,21.2,6,88.6,1683.04,8426.07,136.2,0.3517241379310345,35.559999999999995,531.5999999999999,0,1,50.5,False
Rice,31.6,51.7,121.0,56.2,6.3,65.9,31.2,17.0,6.5,11.8,20.3,6,149.4,1633.7200000000003,6800.200000000001,114.10000000000001,1.339430894308943,39.13,896.4000000000001,0,0,47.0,True
Tomato,23.1,87.0,226.6,83.2,6.44,67.1,44.0,33.1,6.8,12.7,55.5,7,20.0,2009.7,18853.12,144.2,0.8591549295774648,34.34,140.0,1,1,72.5,True
Cotton,25.8,63.9,134.0,48.1,6.35,15.9,28.5,16.0,3.8,16.1,30.2,3,62.6,1648.6200000000001,6445.400000000001,60.4,0.3494505494505495,35.41,187.8,1,1,61.5,True
Wheat,23.5,85.0,27.8,49.7,6.52,51.4,35.1,59.4,9.6,14.0,60.2,3,149.6,1997.5,1381.66,145.9,0.5382198952879581,34.8,448.79999999999995,1,1,60.0,True
Rice,28.4,95.0,110.9,84.9,6.62,73.7,25.4,17.7,7.6,14.2,52.9,5,102.0,2698.0,9415.410000000002,116.8,1.6712018140589573,40.739999999999995,510.0,1,1,69.0,True
Tomato,26.3,63.9,96.8,59.9,6.43,40.2,21.7,78.8,3.3,13.4,22.3,2,112.2,1680.57,5798.32,140.7,0.39605911330049265,35.37,224.4,1,1,56.00000000000001,True
Tomato,22.6,51.2,136.0,31.8,7.02,51.3,65.3,78.8,7.6,3.2,23.9,5,87.7,1157.1200000000001,4324.8,195.39999999999998,0.35354927636113026,28.360000000000003,438.5,1,1,60.5,True
Tomato,20.9,81.5,108.5,66.8,6.19,10.0,39.1,50.5,8.9,14.3,31.1,6,97.7,1703.35,7247.799999999999,99.6,0.11037527593818985,31.909999999999997,586.2,1,0,45.5,False
Wheat,24.7,58.5,247.5,90.0,7.06,78.0,32.6,12.9,6.8,20.2,31.7,6,80.3,1444.95,22275.0,123.5,1.6774193548387097,34.589999999999996,481.79999999999995,0,1,60.5,False
Rice,29.6,57.0,162.3,66.4,6.23,56.3,35.2,43.2,7.1,16.2,53.8,2,90.2,1687.2,10776.720000000001,134.7,0.7090680100755666,38.540000000000006,180.4,0,1,62.0,False
Wheat,27.7,82.9,275.5,90.0,6.96,89.1,29.1,22.2,8.3,12.5,52.3,6,98.2,2296.33,24795.0,140.39999999999998,1.7036328871892925,38.49,589.2,1,1,66.0,True
Groundnut,25.3,80.7,69.2,43.9,5.78,64.4,21.2,68.6,5.6,8.7,43.2,7,76.5,2041.71,3037.88,154.2,0.709251101321586,35.11000000000001,535.5,0,1,55.00000000000001,False
Groundnut,30.1,78.3,150.0,59.7,7.29,79.0,41.8,37.6,6.6,16.0,36.5,6,91.2,2356.83,8955.0,158.4,0.9825870646766168,41.13,547.2,0,1,62.0,False
Wheat,26.5,74.9,204.8,89.9,6.58,38.7,18.8,47.5,11.0,11.2,41.1,6,58.6,1984.8500000000001,18411.52,105.0,0.5750371471025261,36.230000000000004,351.6,0,1,68.5,False
Cotton,35.2,59.6,194.8,55.7,5.97,64.3,39.4,35.7,5.2,2.8,36.9,4,138.3,2097.92,10850.36,139.39999999999998,0.8449408672798949,41.720000000000006,553.2,1,1,59.0,True
Soybean,24.2,60.0,114.5,64.8,6.45,42.5,38.1,45.5,8.9,17.6,55.6,7,119.9,1452.0,7419.599999999999,126.1,0.5023640661938534,33.72,839.3000000000001,1,0,49.0,False
Groundnut,19.8,75.4,104.7,74.5,5.93,60.2,12.1,49.3,4.9,8.6,42.5,2,126.5,1492.92,7800.150000000001,121.6,0.9647435897435898,29.060000000000002,253.0,1,1,57.49999999999999,True
Wheat,25.6,86.7,136.1,73.3,5.17,55.0,35.2,16.5,5.4,13.4,66.9,4,86.4,2219.52,9976.13,106.7,1.0436432637571158,36.95,345.6,1,1,66.5,True
Groundnut,27.1,75.6,58.3,43.6,7.72,66.3,56.2,33.7,6.7,10.7,36.7,2,134.6,2048.7599999999998,2541.88,156.2,0.7293729372937293,36.800000000000004,269.2,0,0,46.5,True
Wheat,27.7,88.2,87.9,70.1,6.85,25.2,9.9,59.0,9.5,20.9,68.0,7,68.3,2443.14,6161.79,94.1,0.3605150214592274,40.699999999999996,478.09999999999997,1,1,59.5,True
Wheat,25.0,72.5,114.0,53.8,6.01,40.7,45.5,55.4,9.6,14.0,29.4,5,155.7,1812.5,6133.2,141.6,0.3994111874386654,35.05,778.5,1,1,56.00000000000001,True
Cotton,31.5,72.3,286.8,90.0,5.0,63.6,47.0,58.6,6.4,14.7,32.8,3,97.5,2277.45,25812.0,169.2,0.5966228893058162,41.669999999999995,292.5,1,1,74.5,True
Cotton,27.9,73.6,298.1,90.0,5.41,74.7,25.7,7.8,8.6,7.7,46.8,3,61.5,2053.4399999999996,26829.000000000004,108.2,2.1652173913043478,36.8,184.5,1,1,73.0,True
Tomato,26.9,61.2,192.6,54.9,5.44,77.4,9.8,67.3,7.7,12.1,19.8,4,74.4,1646.28,10573.74,154.5,0.9910371318822024,35.44,297.6,1,1,52.0,True
Wheat,26.6,79.1,66.3,30.0,5.95,29.2,28.4,47.7,3.5,2.3,55.5,2,59.5,2104.06,1989.0,105.3,0.37872892347600523,34.97,119.0,1,1,60.0,True
Rice,28.0,75.4,100.1,76.7,5.11,23.2,21.4,44.9,8.8,19.3,46.8,5,73.5,2111.2000000000003,7677.67,89.5,0.3447251114413076,39.4,367.5,1,1,56.99999999999999,True
Rice,25.0,70.3,81.3,36.5,6.71,57.7,18.9,17.5,9.7,6.0,43.3,6,107.3,1757.5,2967.45,94.1,1.5427807486631018,33.230000000000004,643.8,1,0,43.0,False
Maize,25.8,82.3,50.1,18.5,6.84,25.6,42.5,50.6,6.5,16.6,72.2,5,103.1,2123.34,926.85,118.69999999999999,0.27205100956429334,37.35,515.5,0,1,61.0,False
Rice,18.7,30.0,101.0,47.5,7.63,65.5,49.6,39.2,4.7,16.7,8.6,1,75.1,561.0,4797.5,154.3,0.7293986636971046,25.04,75.1,0,0,49.5,True
Rice,33.3,52.5,138.9,60.3,5.9,32.6,20.2,55.0,8.2,14.7,31.4,3,85.3,1748.2499999999998,8375.67,107.8,0.42782152230971127,41.489999999999995,255.89999999999998,1,1,54.50000000000001,True
Rice,34.3,75.2,121.5,44.4,5.77,60.9,37.2,54.9,5.2,13.6,70.1,7,117.4,2579.3599999999997,5394.599999999999,153.0,0.6541353383458647,44.54,821.8000000000001,1,1,62.5,True
Maize,28.7,77.5,156.2,31.3,7.2,42.1,49.4,66.7,6.6,15.8,55.5,5,89.7,2224.25,4889.0599999999995,158.2,0.3595217762596072,39.61,448.5,1,1,62.5,True
Soybean,23.5,69.8,336.3,90.0,6.64,79.1,33.3,67.5,8.9,9.7,55.0,4,157.6,1640.3,30267.0,179.89999999999998,0.7770137524557956,32.42,630.4,1,1,65.5,True
Wheat,34.1,72.8,58.1,39.4,5.94,52.5,30.7,63.6,6.6,11.6,54.3,6,113.3,2482.48,2289.14,146.8,0.5508919202518363,43.7,679.8,0,0,49.0,True
Maize,36.9,67.1,72.9,45.8,7.41,27.9,9.3,38.2,5.7,15.0,43.0,3,55.4,2475.99,3338.82,75.4,0.5752577319587628,46.61,166.2,1,1,55.00000000000001,True
Soybean,32.5,73.7,127.2,90.0,6.79,67.2,51.1,70.6,6.7,10.0,54.4,3,113.4,2395.25,11448.0,188.9,0.547677261613692,41.87,340.20000000000005,1,1,63.0,True
Soybean,29.1,67.2,181.6,90.0,6.54,62.5,32.1,51.4,9.7,10.3,12.6,1,78.7,1955.5200000000002,16344.0,146.0,0.7396449704142012,37.88,78.7,1,1,61.0,True
Soybean,32.7,95.0,119.1,65.2,5.98,18.1,35.3,59.1,8.3,9.8,42.7,1,145.6,3106.5000000000005,7765.32,112.5,0.18972746331236898,44.160000000000004,145.6,0,1,74.5,False
Maize,27.3,80.8,81.9,72.1,7.45,76.5,42.0,57.2,6.6,14.4,51.8,6,75.9,2205.84,5904.99,175.7,0.7634730538922155,38.260000000000005,455.40000000000003,0,1,56.00000000000001,False
Rice,19.4,80.9,48.2,33.4,6.09,36.4,63.9,10.6,8.6,12.7,40.3,4,104.7,1569.46,1609.88,110.89999999999999,0.4821192052980132,30.029999999999998,418.8,1,1,59.5,True
Cotton,24.3,84.1,54.9,38.0,5.82,44.3,21.9,52.3,6.6,19.3,57.0,7,64.8,2043.6299999999999,2086.2,118.49999999999999,0.5890957446808511,36.57,453.59999999999997,0,1,51.5,False
Wheat,29.8,73.0,58.8,27.6,7.06,71.7,25.9,31.5,6.8,9.0,34.4,7,58.8,2175.4,1622.88,129.1,1.2277397260273974,38.9,411.59999999999997,0,0,42.0,True
Wheat,17.2,67.8,256.2,90.0,7.22,47.4,37.5,5.0,6.9,11.7,21.5,7,78.0,1166.1599999999999,23058.0,89.9,1.089655172413793,26.319999999999997,546.0,1,1,57.49999999999999,True
Maize,37.2,69.1,108.4,70.5,5.88,26.3,23.8,48.2,6.1,7.4,27.9,2,95.4,2570.52,7642.200000000001,98.30000000000001,0.36027397260273974,45.589999999999996,190.8,1,1,66.5,True
Wheat,28.7,59.7,120.6,61.8,7.0,36.8,38.4,14.7,9.3,15.9,24.5,7,123.1,1713.39,7453.079999999999,89.89999999999999,0.6802218114602588,37.85,861.6999999999999,0,0,47.0,True
Tomato,23.6,63.0,125.6,41.8,7.22,44.7,34.7,43.7,7.3,11.4,27.1,6,20.0,1486.8000000000002,5250.079999999999,123.10000000000001,0.5629722921914357,32.18,120.0,1,1,55.50000000000001,True
Rice,15.0,73.8,45.7,37.7,6.73,31.7,54.6,20.2,5.1,11.9,34.1,5,74.9,1107.0,1722.8900000000003,106.5,0.4182058047493404,24.759999999999998,374.5,1,0,40.5,False
Tomato,18.4,70.1,92.9,58.0,6.16,42.4,19.8,56.6,9.7,12.8,32.4,1,122.1,1289.8399999999997,5388.200000000001,118.80000000000001,0.5478036175710593,27.969999999999995,122.1,0,0,46.0,True
Maize,26.2,78.5,350.0,90.0,6.24,66.9,72.3,43.4,5.0,6.9,22.2,7,107.2,2056.7,31500.0,182.6,0.5732647814910027,35.43,750.4,1,1,67.5,True
Maize,27.0,74.0,108.0,63.0,6.79,46.1,39.4,32.1,6.6,6.0,43.4,1,67.3,1998.0,6804.0,117.6,0.6358620689655172,35.6,67.3,1,1,56.99999999999999,True
Maize,25.0,70.1,36.8,27.8,5.66,64.3,45.8,58.9,8.2,19.0,39.1,1,79.8,1752.4999999999998,1023.04,169.0,0.6083254493850521,35.809999999999995,79.8,1,0,50.0,False
Groundnut,27.8,75.3,64.6,64.9,6.72,24.9,19.1,69.0,7.4,8.5,66.4,7,115.6,2093.34,4192.54,113.0,0.27946127946127947,37.03,809.1999999999999,0,1,56.99999999999999,False
Groundnut,25.9,58.7,50.7,39.5,6.5,82.0,22.1,70.4,6.8,9.8,46.4,4,112.3,1520.33,2002.65,174.5,0.8770053475935828,33.73,449.2,0,0,39.0,True
Groundnut,40.0,62.4,167.3,75.3,6.21,66.1,20.5,60.5,6.5,5.0,46.6,1,76.9,2496.0,12597.69,147.1,0.8060975609756097,47.24,76.9,1,1,60.0,True
Maize,25.4,59.4,177.7,66.0,6.54,64.3,27.9,42.4,8.0,13.2,33.3,6,126.6,1508.76,11728.199999999999,134.6,0.9018232819074333,33.98,759.5999999999999,0,1,60.5,False
Maize,20.2,55.1,107.6,43.5,5.12,16.0,54.3,36.0,6.9,18.2,29.5,5,152.7,1113.02,4680.599999999999,106.3,0.17524644030668127,29.35,763.5,1,1,52.5,True
Maize,38.9,63.9,194.3,86.9,6.31,12.7,47.8,14.4,9.1,17.1,20.1,1,59.1,2485.71,16884.670000000002,74.9,0.2009493670886076,48.71,59.1,0,1,59.5,False
Tomato,25.6,74.0,71.4,39.9,7.02,33.5,30.4,47.0,4.0,14.5,64.8,2,101.6,1894.4,2848.86,110.9,0.4272959183673469,35.9,203.2,1,1,59.0,True
Rice,26.0,78.7,150.7,72.3,6.38,70.4,54.1,38.5,4.0,14.0,50.7,3,63.0,2046.2,10895.609999999999,163.0,0.7521367521367522,36.669999999999995,189.0,1,1,62.0,True
Soybean,25.2,56.3,71.2,34.0,7.34,74.0,38.2,42.3,10.9,13.1,36.9,2,79.1,1418.76,2420.8,154.5,0.9079754601226994,33.449999999999996,158.2,0,0,45.0,True
Tomato,20.9,53.5,177.4,60.5,5.21,73.6,13.7,37.6,8.8,19.2,42.9,5,100.0,1118.1499999999999,10732.7,124.9,1.407265774378585,30.09,500.0,1,1,56.00000000000001,True
Tomato,37.8,73.0,76.1,41.2,5.64,50.8,32.6,65.5,8.3,10.1,45.0,7,72.4,2759.3999999999996,3135.32,148.9,0.5126135216952573,47.12,506.80000000000007,0,1,56.00000000000001,False
Tomato,23.0,88.3,156.2,90.0,6.98,56.0,49.2,40.4,6.2,7.8,64.1,7,58.0,2030.8999999999999,14057.999999999998,145.6,0.6181015452538632,33.39,406.0,0,1,73.5,False
Cotton,30.9,70.7,151.2,59.9,6.48,59.1,23.2,27.2,5.2,8.2,33.9,5,112.5,2184.63,9056.88,109.5,1.1498054474708173,39.61,562.5,0,1,71.0,False
Tomato,17.0,54.0,41.4,30.7,6.94,47.0,37.2,28.5,6.5,5.2,17.1,4,107.8,918.0,1270.98,112.7,0.704647676161919,23.439999999999998,431.2,0,0,46.5,True
Rice,26.5,70.1,34.5,25.4,5.98,105.7,28.8,81.8,4.4,20.0,49.3,6,56.0,1857.6499999999999,876.3,216.3,0.9471326164874553,37.51,336.0,1,1,52.0,True
Wheat,32.9,78.6,208.6,86.4,6.09,68.8,24.3,44.0,9.6,9.3,50.1,1,91.3,2585.9399999999996,18023.04,137.1,0.9927849927849928,42.62,91.3,0,1,54.0,False
Rice,27.5,82.7,152.7,70.6,5.58,27.7,41.3,37.5,6.1,19.6,46.5,6,62.5,2274.25,10780.619999999999,106.5,0.34711779448621555,39.69,375.0,1,1,66.5,True
Tomato,30.6,58.2,46.6,30.1,5.86,76.2,41.0,47.1,7.1,1.0,0.0,3,100.9,1780.92,1402.66,164.3,0.8552188552188553,36.620000000000005,302.70000000000005,1,1,51.5,True
Cotton,15.0,58.4,133.3,70.9,7.32,61.7,40.0,72.8,4.0,8.1,24.1,4,78.5,876.0,9450.970000000001,174.5,0.5421792618629174,22.46,314.0,0,1,52.5,False
Soybean,20.6,74.6,68.1,60.2,6.85,44.4,11.7,37.5,8.6,3.7,33.5,3,89.8,1536.76,4099.62,93.6,0.8844621513944222,28.8,269.4,1,0,49.0,False
Rice,20.4,68.9,165.7,64.9,5.44,73.3,34.8,74.9,7.3,8.5,51.5,2,77.5,1405.56,10753.93,183.0,0.6621499548328816,28.99,155.0,1,1,70.5,True
Maize,35.0,72.9,133.8,56.9,5.37,58.0,54.6,42.6,6.1,13.2,42.8,1,126.1,2551.5,7613.22,155.2,0.5906313645621181,44.93,126.1,0,1,65.5,False
Rice,15.7,70.8,277.6,90.0,6.79,84.8,23.3,34.9,6.7,15.0,26.5,1,108.1,1111.56,24984.000000000004,143.0,1.4324324324324322,25.78,108.1,1,1,54.50000000000001,True
Groundnut,16.3,39.6,60.4,44.5,5.9,44.9,23.6,38.7,7.4,7.9,25.1,6,103.4,645.48,2687.7999999999997,107.2,0.7093206951026856,21.840000000000003,620.4000000000001,0,0,45.5,True
Rice,27.0,58.5,152.7,78.5,6.54,38.0,41.4,52.5,9.1,10.4,41.7,3,95.2,1579.5,11986.949999999999,131.9,0.40042149631190727,34.93,285.6,1,1,71.5,True
Maize,26.4,68.6,51.9,46.4,6.09,48.2,42.2,56.7,11.0,15.0,56.7,6,108.6,1811.0399999999997,2408.16,147.10000000000002,0.4824824824824825,36.26,651.5999999999999,0,1,56.99999999999999,False
Rice,26.9,56.6,350.0,90.0,7.56,81.4,24.7,17.9,6.1,10.7,46.9,2,69.8,1522.54,31500.0,124.0,1.8669724770642206,34.7,139.6,1,1,74.5,True
Rice,27.7,69.0,132.9,57.0,7.25,28.7,55.3,37.7,6.9,10.4,41.1,1,90.0,1911.3,7575.3,121.7,0.3053191489361702,36.68,90.0,1,1,55.50000000000001,True
Groundnut,31.9,66.7,99.7,48.5,7.38,47.6,34.0,55.8,7.5,7.7,23.7,6,66.2,2127.73,4835.45,137.39999999999998,0.5242290748898679,40.11,397.20000000000005,1,0,49.5,False
Maize,29.2,65.7,132.9,58.1,6.7,49.8,53.7,51.3,5.5,11.2,57.9,5,89.4,1918.44,7721.490000000001,154.8,0.46981132075471693,38.01,447.0,1,1,57.99999999999999,True
Rice,30.0,79.1,127.6,83.2,7.34,68.8,23.9,35.9,7.4,15.7,35.1,5,164.5,2373.0,10616.32,128.6,1.131578947368421,41.05,822.5,1,1,54.50000000000001,True
Soybean,31.3,57.0,143.6,48.0,6.86,69.2,28.9,33.5,7.5,9.0,23.3,3,115.4,1784.1000000000001,6892.799999999999,131.6,1.0914826498422714,38.8,346.20000000000005,0,1,56.49999999999999,False
Wheat,23.3,62.9,29.5,55.2,7.22,40.2,45.2,47.3,4.7,7.4,47.4,5,124.6,1465.57,1628.4,132.7,0.42994652406417116,31.07,623.0,1,0,49.5,False
Wheat,26.3,77.4,153.1,90.0,6.08,76.9,29.8,74.8,7.5,13.9,49.7,1,146.5,2035.6200000000001,13779.0,181.5,0.728219696969697,36.82,146.5,1,1,60.0,True
Maize,20.6,58.7,97.3,44.7,6.56,76.8,36.0,76.4,8.3,7.4,34.2,5,20.0,1209.2200000000003,4349.31,189.2,0.6772486772486772,27.950000000000003,100.0,0,0,48.0,True
Rice,28.0,65.2,52.2,38.9,6.54,30.6,38.9,25.9,7.4,15.8,30.7,5,68.4,1825.6000000000001,2030.58,95.4,0.4650455927051672,37.68000000000001,342.0,0,0,36.0,True
Soybean,23.5,81.6,109.6,57.1,6.16,56.9,40.1,35.9,7.3,11.1,63.6,1,112.6,1917.6,6258.16,132.9,0.7389610389610389,33.88,112.6,0,1,65.5,False
Rice,31.8,69.2,158.3,60.4,6.53,76.6,39.4,5.0,6.1,10.3,32.5,7,47.0,2200.56,9561.32,121.0,1.6872246696035242,40.78,329.0,0,1,54.0,False
Tomato,18.1,62.2,146.6,57.6,7.76,77.5,29.5,83.0,5.0,7.2,34.8,3,107.8,1125.8200000000002,8444.16,190.0,0.6828193832599119,25.76,323.4,0,1,56.49999999999999,False
Wheat,29.2,54.2,27.8,18.5,6.65,45.4,43.6,54.0,10.0,15.1,26.0,3,96.9,1582.64,514.3000000000001,143.0,0.4604462474645031,37.64,290.70000000000005,1,0,27.500000000000004,False
Wheat,20.3,80.6,29.4,24.4,8.0,38.4,12.3,5.0,7.4,5.2,50.2,2,150.9,1636.1799999999998,717.3599999999999,55.7,2.0983606557377046,29.4,301.8,0,1,53.0,False
Maize,24.7,86.2,35.1,32.0,5.95,69.9,25.1,54.5,10.0,7.7,52.1,3,64.8,2129.14,1123.2,149.5,0.8672456575682383,34.86,194.39999999999998,0,0,46.5,True
Wheat,20.8,44.1,55.0,33.9,7.33,51.2,23.4,28.2,5.2,10.1,46.5,4,125.6,917.2800000000001,1864.5,102.8,0.9733840304182511,27.23,502.4,0,0,41.0,True
Soybean,29.6,40.6,126.4,72.9,7.26,59.5,45.2,80.4,7.3,9.8,31.5,3,77.9,1201.76,9214.560000000001,185.10000000000002,0.46998420221169035,35.620000000000005,233.70000000000002,0,1,62.0,False
Wheat,26.7,62.4,196.7,77.7,6.8,52.6,47.2,68.1,7.2,1.0,21.7,5,114.4,1666.08,15283.59,167.9,0.45227858985382635,33.14,572.0,0,1,54.0,False
Groundnut,25.3,49.9,145.7,67.6,6.13,67.5,30.7,62.9,8.1,21.1,38.7,4,94.8,1262.47,9849.319999999998,161.1,0.7135306553911206,34.51,379.2,0,1,52.5,False
Rice,23.5,67.5,111.0,33.2,6.7,64.4,15.6,56.2,7.0,14.7,21.1,7,97.3,1586.25,3685.2000000000003,136.2,0.8846153846153847,33.19,681.1,0,1,52.5,False
Soybean,22.3,56.8,159.8,79.4,7.37,42.1,26.6,35.2,6.5,5.9,35.6,6,65.3,1266.6399999999999,12688.120000000003,103.9,0.6703821656050956,29.16,391.79999999999995,1,1,61.0,True
Wheat,25.1,69.0,69.8,56.8,5.64,63.7,36.7,59.4,6.6,22.0,60.1,2,120.7,1731.9,3964.6399999999994,159.8,0.6560247167868177,36.4,241.4,1,1,63.5,True
Rice,24.1,57.0,140.1,75.3,6.61,65.7,35.7,27.6,9.1,12.7,17.7,6,133.8,1373.7,10549.529999999999,129.0,1.0217729393468118,32.34,802.8000000000001,1,1,60.0,True
Tomato,38.0,85.9,195.2,64.1,7.13,79.3,14.6,49.6,3.7,1.5,90.0,3,126.4,3264.2000000000003,12512.319999999998,143.5,1.2162576687116564,46.89,379.20000000000005,1,1,69.5,True
Groundnut,24.4,92.1,256.8,90.0,6.21,41.8,26.8,54.3,8.5,15.3,50.1,5,86.2,2247.24,23112.0,122.89999999999999,0.5091352009744214,36.67,431.0,1,1,77.5,True
Maize,21.0,76.8,30.2,24.1,6.88,47.9,5.0,60.4,6.8,11.9,45.4,7,43.3,1612.8,727.82,113.3,0.7213855421686746,31.06,303.09999999999997,1,0,41.5,False
Soybean,32.6,54.2,156.5,58.5,6.13,44.0,34.0,60.8,8.7,8.3,27.8,4,114.9,1766.92,9155.25,138.8,0.4592901878914405,39.68000000000001,459.6,1,1,60.0,True
Rice,27.4,95.0,206.3,89.8,6.13,49.2,27.3,27.6,7.7,12.0,56.7,5,34.8,2603.0,18525.74,104.1,0.8801431127012522,39.3,174.0,1,1,78.5,True
Groundnut,33.8,74.8,254.2,80.8,6.18,20.9,38.8,61.1,3.0,12.5,48.1,2,41.3,2528.24,20539.359999999997,120.8,0.2071357779980178,43.779999999999994,82.6,1,1,78.0,True
Tomato,29.3,80.7,156.8,69.5,6.9,51.3,33.4,12.6,5.3,13.9,34.5,2,106.8,2364.51,10897.6,97.29999999999998,1.0914893617021275,40.150000000000006,213.6,0,1,63.5,False
Wheat,25.3,86.8,141.9,63.1,6.67,41.9,57.3,68.3,5.7,9.3,64.2,5,68.3,2196.04,8953.890000000001,167.5,0.33096366508688785,35.84,341.5,0,1,50.5,False
Soybean,25.7,74.3,111.4,73.7,7.59,119.3,41.7,34.6,7.0,12.8,39.8,7,65.8,1909.5099999999998,8210.18,195.6,1.543337645536869,35.69,460.59999999999997,0,1,54.0,False
Cotton,16.8,76.5,13.1,51.4,6.32,32.8,27.2,44.4,6.4,15.1,48.7,4,146.5,1285.2,673.3399999999999,104.4,0.45179063360881544,27.470000000000002,586.0,0,1,61.0,False
Rice,26.8,49.6,220.6,78.7,6.52,54.4,55.5,53.3,7.6,15.9,31.1,2,97.6,1329.28,17361.22,163.2,0.49544626593806923,34.940000000000005,195.2,1,1,61.0,True
Cotton,24.4,71.9,216.8,76.9,6.52,44.4,39.6,51.0,8.5,12.7,47.3,4,92.5,1754.3600000000001,16671.920000000002,135.0,0.4847161572052402,34.13,370.0,0,1,72.0,False
Tomato,32.3,57.5,15.1,15.0,6.58,60.1,29.7,43.7,7.2,7.1,20.3,4,83.5,1857.2499999999998,226.5,133.5,0.8077956989247311,39.47,334.0,1,0,37.5,False
Tomato,19.9,60.4,155.5,47.1,5.31,103.5,59.6,26.1,5.6,17.5,37.0,3,127.2,1201.9599999999998,7324.05,189.2,1.1937716262975777,29.439999999999998,381.6,0,1,53.5,False
Maize,35.0,59.4,116.1,71.3,5.38,80.3,27.7,31.2,3.9,11.7,47.0,2,59.1,2079.0,8277.929999999998,139.2,1.340567612687813,43.28,118.2,1,1,62.0,True
Soybean,26.0,71.6,106.7,60.5,6.11,33.5,22.6,41.1,10.8,8.1,43.0,2,156.7,1861.6,6455.35,97.2,0.517774343122102,34.779999999999994,313.4,0,1,59.5,False
Soybean,30.8,65.5,79.0,60.1,5.65,67.7,31.6,43.7,9.2,18.7,55.8,1,120.3,2017.4,4747.900000000001,143.0,0.8872870249017037,41.09,120.3,0,1,57.99999999999999,False
Maize,18.0,87.8,185.8,77.4,7.34,69.5,50.7,59.7,5.1,3.8,46.9,3,61.4,1580.3999999999999,14380.920000000002,179.9,0.6238779174147216,27.540000000000003,184.2,1,1,59.5,True
Groundnut,31.3,84.9,129.0,88.3,6.34,63.4,28.8,48.5,7.2,15.8,43.9,3,103.3,2657.3700000000003,11390.699999999999,140.7,0.80970625798212,42.95,309.9,1,1,70.5,True
Rice,27.7,60.3,104.2,43.5,7.03,81.8,46.2,34.6,7.1,15.8,22.4,6,104.8,1670.31,4532.7,162.6,0.9999999999999998,36.89,628.8,0,1,54.0,False
Groundnut,16.6,57.0,118.8,47.8,5.97,48.8,54.6,23.5,7.0,13.4,27.9,3,109.6,946.2,5678.639999999999,126.9,0.6169405815423514,24.98,328.79999999999995,0,0,48.5,True
Groundnut,32.4,78.9,219.2,90.0,6.92,86.4,44.3,77.8,9.1,13.6,56.6,7,60.3,2556.36,19728.0,208.5,0.701868399675061,43.01,422.09999999999997,1,1,55.00000000000001,True
Rice,34.7,80.3,101.2,50.5,6.06,56.8,40.6,25.4,8.1,6.1,61.3,6,127.1,2786.4100000000003,5110.6,122.80000000000001,0.8477611940298507,43.95,762.5999999999999,0,1,58.5,False
Soybean,27.9,60.3,125.3,68.4,6.2,60.2,56.6,22.7,6.5,2.1,33.3,5,105.1,1682.37,8570.52,139.5,0.7496886674968868,34.35,525.5,0,1,51.5,False
Rice,24.2,60.1,254.0,90.0,8.0,42.4,23.5,30.9,5.6,15.8,43.0,2,47.5,1454.42,22860.0,96.80000000000001,0.7653429602888087,33.370000000000005,95.0,1,0,46.5,False
Cotton,28.1,69.1,90.1,52.9,6.61,17.0,11.6,65.6,5.0,13.4,38.2,7,126.8,1941.71,4766.29,94.19999999999999,0.2173913043478261,37.69,887.6,1,1,55.50000000000001,True
Soybean,30.9,58.9,120.4,54.7,5.56,78.7,41.2,54.5,4.4,19.0,56.5,4,57.8,1820.0099999999998,6585.880000000001,174.4,0.8138572905894519,40.589999999999996,231.2,0,1,63.5,False
Cotton,34.6,95.0,165.1,80.3,6.67,95.5,26.6,40.9,6.1,18.4,54.6,2,75.9,3287.0,13257.529999999999,163.0,1.3941605839416058,47.78,151.8,0,1,73.5,False
Groundnut,26.6,62.1,60.4,28.1,5.14,33.4,29.5,77.0,5.4,11.6,39.9,6,103.6,1651.8600000000001,1697.24,139.9,0.31069767441860463,35.13,621.5999999999999,0,0,41.0,True
Tomato,24.8,63.5,36.8,21.0,5.73,105.2,26.8,38.0,5.3,11.6,38.5,5,83.2,1574.8,772.8,170.0,1.5987841945288754,33.47,416.0,0,1,52.0,False
Rice,27.8,62.2,120.6,65.9,7.69,50.4,45.3,5.0,8.7,10.8,45.7,6,74.9,1729.16,7947.54,100.69999999999999,0.9824561403508772,36.18000000000001,449.40000000000003,1,1,58.5,True
Wheat,21.4,44.0,249.7,73.5,6.78,54.0,7.5,63.9,4.6,13.1,29.7,7,104.3,941.5999999999999,18352.95,125.4,0.7458563535911602,28.419999999999998,730.1,1,1,52.0,True
Cotton,24.1,63.1,144.9,41.4,7.65,50.1,17.8,62.9,8.6,18.0,36.2,1,102.6,1520.71,5998.86,130.8,0.613219094247246,34.010000000000005,102.6,0,1,61.5,False
Soybean,33.8,67.5,98.1,65.9,6.01,77.8,41.4,43.1,7.4,8.7,44.9,1,85.3,2281.5,6464.79,162.29999999999998,0.9099415204678363,42.29,85.3,1,1,66.0,True
Groundnut,21.7,58.7,145.9,54.8,7.26,66.6,51.1,100.0,6.9,13.0,43.3,2,74.9,1273.79,7995.32,217.7,0.43786982248520706,30.17,149.8,1,1,53.0,True
Groundnut,18.2,67.8,104.4,38.0,6.72,50.3,38.1,5.0,6.4,14.6,24.7,1,162.8,1233.9599999999998,3967.2000000000003,93.4,1.1405895691609977,27.9,162.8,0,1,56.00000000000001,False
Soybean,28.2,73.4,194.5,81.8,6.14,55.3,38.6,92.0,6.1,5.2,41.9,1,96.5,2069.88,15910.099999999999,185.9,0.42021276595744683,36.58,96.5,1,1,70.5,True
Cotton,16.5,82.8,118.5,78.2,7.14,48.2,21.0,66.7,7.0,14.7,58.3,4,105.4,1366.2,9266.7,135.9,0.5434047350620068,27.720000000000002,421.6,1,1,67.5,True
Tomato,30.8,55.2,156.7,41.7,6.27,73.8,33.2,30.5,7.2,10.0,59.9,7,90.9,1700.16,6534.39,137.5,1.1406491499227203,38.32,636.3000000000001,0,0,50.0,True
Groundnut,22.1,73.0,251.2,90.0,5.57,39.2,17.7,5.0,3.4,21.6,45.3,1,78.4,1613.3000000000002,22608.0,61.900000000000006,1.6540084388185656,33.72,78.4,1,0,49.0,False
Rice,23.4,69.4,73.6,38.6,6.18,51.5,32.2,61.2,6.8,13.5,26.3,7,129.8,1623.96,2840.96,144.9,0.545550847457627,33.04,908.6000000000001,1,0,47.5,False
Groundnut,24.4,59.8,198.0,74.4,6.43,77.8,39.8,71.5,6.4,11.9,51.5,4,103.1,1459.12,14731.2,189.1,0.692787177203918,32.76,412.4,1,1,65.5,True
Cotton,28.8,44.6,105.8,15.0,6.5,70.7,42.2,56.6,6.0,10.0,41.9,4,66.7,1284.48,1587.0,169.5,0.7084168336673347,35.26,266.8,0,0,31.5,True
Maize,27.6,68.7,130.7,62.4,6.57,38.9,37.5,43.9,9.9,10.4,44.4,1,150.8,1896.1200000000001,8155.679999999999,120.30000000000001,0.47208737864077666,36.55,150.8,0,1,65.0,False
Wheat,29.4,70.3,149.2,58.0,7.39,77.0,42.4,62.9,4.6,15.7,51.4,7,75.4,2066.8199999999997,8653.599999999999,182.3,0.7243650047036689,39.57,527.8000000000001,1,1,62.5,True
Groundnut,31.8,90.0,126.6,85.7,7.4,60.5,26.5,44.2,5.9,17.2,54.4,7,114.9,2862.0,10849.619999999999,131.2,0.8437935843793584,44.239999999999995,804.3000000000001,0,1,63.5,False
Rice,19.5,51.9,339.2,90.0,7.3,40.5,31.9,14.7,7.9,14.6,35.1,6,112.0,1012.05,30528.0,87.10000000000001,0.8508403361344539,27.61,672.0,1,1,72.0,True
Soybean,33.5,76.6,269.2,90.0,5.65,62.8,38.5,75.8,10.4,13.9,52.0,1,113.0,2566.1,24228.0,177.1,0.5446660884648742,43.94,113.0,0,1,68.5,False
Groundnut,31.9,72.1,100.4,61.2,6.75,72.4,36.0,39.7,9.0,7.9,29.8,2,89.7,2299.99,6144.4800000000005,148.10000000000002,0.9439374185136897,40.69,179.4,1,0,46.5,False
Maize,17.3,48.5,173.1,90.0,6.11,36.6,48.5,29.3,6.7,12.4,35.6,3,48.0,839.0500000000001,15579.0,114.39999999999999,0.4644670050761422,24.63,144.0,1,1,58.5,True
Maize,23.7,72.3,118.7,59.9,6.46,32.3,58.7,35.1,3.6,11.1,28.4,2,155.5,1713.51,7110.13,126.1,0.340717299578059,33.15,311.0,0,1,51.5,False
Cotton,26.1,82.0,190.9,89.5,6.5,68.9,33.8,40.6,6.0,11.3,51.0,3,132.2,2140.2000000000003,17085.55,143.3,0.9137931034482759,36.559999999999995,396.59999999999997,1,1,73.0,True
Maize,28.1,59.9,136.7,79.4,6.59,87.6,46.6,36.8,6.4,19.6,50.2,5,102.8,1683.19,10853.98,171.0,1.037914691943128,38.010000000000005,514.0,1,0,49.5,False
Soybean,31.5,64.2,64.3,28.2,5.94,62.5,43.5,41.0,9.1,17.7,34.2,7,48.2,2022.3000000000002,1813.2599999999998,147.0,0.7309941520467836,41.46,337.40000000000003,0,0,44.0,True
Groundnut,23.8,82.1,74.2,51.9,6.46,54.6,22.8,29.7,10.0,9.5,46.6,7,52.5,1953.98,3850.98,107.10000000000001,1.0205607476635514,33.91,367.5,1,0,47.0,False
Tomato,28.6,81.7,247.6,90.0,6.78,64.3,32.8,62.4,7.1,4.5,52.4,4,183.3,2336.6200000000003,22284.0,159.5,0.6683991683991685,37.67,733.2,1,1,73.5,True
Groundnut,32.5,45.9,152.6,56.5,7.27,51.1,45.6,36.2,7.1,9.8,29.9,2,66.5,1491.75,8621.9,132.9,0.6171497584541062,39.050000000000004,133.0,1,1,59.0,True
Tomato,31.7,86.6,51.0,29.7,6.92,41.6,32.5,81.9,10.2,9.4,64.2,3,97.5,2745.22,1514.7,156.0,0.36048526863084923,42.24,292.5,1,1,62.0,True
Soybean,25.4,70.3,92.9,66.5,7.21,72.3,38.2,42.0,5.5,10.7,39.7,6,67.6,1785.62,6177.85,152.5,0.8903940886699506,34.57,405.59999999999997,1,1,65.5,True
Cotton,29.7,51.6,101.1,60.6,5.83,33.3,40.4,65.2,7.6,12.5,44.3,6,99.4,1532.52,6126.66,138.89999999999998,0.3123827392120075,37.36,596.4000000000001,1,1,60.5,True
Maize,40.0,73.7,188.4,90.0,6.59,85.2,71.1,46.1,4.8,13.6,44.9,2,21.8,2948.0,16956.0,202.4,0.7208121827411168,50.089999999999996,43.6,0,1,57.99999999999999,False
Tomato,24.4,62.2,259.4,90.0,6.28,92.1,40.6,39.9,9.4,13.9,32.6,3,98.8,1517.68,23345.999999999996,172.6,1.1300613496932514,33.4,296.4,1,1,72.0,True
Tomato,24.3,74.1,97.9,64.6,6.62,79.0,6.1,44.5,9.6,18.0,55.0,1,56.0,1800.6299999999999,6324.34,129.6,1.5310077519379846,35.31,56.0,0,1,56.49999999999999,False
Soybean,25.7,88.5,115.5,46.6,6.41,10.0,70.4,45.8,5.3,19.8,48.2,3,103.2,2274.45,5382.3,126.2,0.08532423208191126,38.51,309.6,1,1,64.5,True
Groundnut,16.7,65.7,83.7,40.9,5.76,106.0,27.7,5.0,6.6,8.6,46.8,6,120.4,1097.19,3423.33,138.7,3.14540059347181,24.99,722.4000000000001,0,0,44.0,True
Rice,20.6,59.5,250.8,86.5,6.37,63.6,15.6,69.7,5.0,13.5,45.3,3,106.6,1225.7,21694.2,148.9,0.7369640787949016,29.25,319.79999999999995,1,1,77.0,True
Rice,21.6,50.8,30.1,29.2,7.25,83.1,20.0,27.0,7.9,11.8,16.6,2,92.2,1097.28,878.9200000000001,130.1,1.73125,29.04,184.4,1,0,34.5,False
Maize,22.1,95.0,151.3,51.0,5.31,60.5,20.7,61.6,6.4,7.6,36.5,5,71.1,2099.5,7716.3,142.8,0.7262905162064827,33.120000000000005,355.5,0,1,58.5,False
Groundnut,33.7,81.9,239.1,77.8,6.71,32.3,41.3,33.0,8.1,7.4,49.7,3,120.9,2760.03,18601.98,106.6,0.4289508632138114,43.37,362.70000000000005,1,1,77.0,True
Cotton,39.0,59.1,284.1,90.0,6.09,77.2,13.0,48.8,5.6,10.6,30.9,6,98.3,2304.9,25569.000000000004,139.0,1.229299363057325,47.029999999999994,589.8,0,1,59.5,False
Cotton,30.8,73.1,65.5,57.8,5.78,54.9,38.0,46.1,8.3,13.4,28.8,5,20.0,2251.48,3785.8999999999996,139.0,0.6451233842538191,40.79,100.0,1,1,57.49999999999999,True
Cotton,28.4,51.8,282.9,90.0,6.89,46.2,41.6,25.4,5.9,8.2,21.4,1,71.6,1471.12,25460.999999999996,113.20000000000002,0.6794117647058824,35.22,71.6,1,1,57.99999999999999,True
Rice,27.6,95.0,152.3,89.9,7.27,85.9,31.9,33.8,7.1,16.3,52.6,4,108.9,2622.0,13691.770000000002,151.60000000000002,1.2878560719640182,40.36,435.6,1,1,70.5,True
Cotton,24.4,82.8,184.3,85.7,5.94,73.5,36.2,42.3,11.0,21.6,48.1,6,88.6,2020.3199999999997,15794.510000000002,152.0,0.9245283018867925,37.0,531.5999999999999,0,1,65.0,False
Wheat,30.7,80.3,176.2,80.3,7.76,40.9,17.8,53.8,8.1,9.6,37.4,5,68.0,2465.21,14148.859999999999,112.5,0.5633608815426997,40.65,340.0,1,1,52.5,True
Groundnut,19.0,67.7,151.4,73.3,6.79,73.1,44.9,22.1,4.3,13.8,13.5,4,115.2,1286.3,11097.62,140.1,1.075,28.53,460.8,1,1,50.5,True
Soybean,24.5,50.9,179.7,70.5,5.61,55.6,30.6,41.9,7.0,13.9,21.3,7,100.6,1247.05,12668.849999999999,128.1,0.7564625850340136,32.37,704.1999999999999,0,1,51.0,False
Wheat,22.8,80.3,259.8,90.0,6.25,67.8,15.9,54.4,6.0,11.9,54.1,6,36.1,1830.84,23382.0,138.1,0.9509116409537167,33.21,216.60000000000002,1,1,65.0,True
Tomato,30.9,60.2,212.1,90.0,6.9,21.6,52.6,43.7,9.8,14.3,43.7,3,80.5,1860.18,19089.0,117.9,0.22199383350462487,39.78,241.5,1,1,66.5,True
Wheat,28.4,69.2,128.4,67.4,5.42,58.5,56.9,52.3,5.0,12.8,25.5,5,85.2,1965.28,8654.160000000002,167.7,0.530852994555354,37.88,426.0,0,1,56.49999999999999,False
Cotton,24.2,67.2,55.9,18.2,7.37,34.8,46.2,42.4,7.8,4.4,31.9,5,115.0,1626.24,1017.3799999999999,123.4,0.38839285714285715,31.8,575.0,0,0,42.0,True
Rice,24.1,78.2,55.3,64.1,7.38,48.2,46.1,59.4,5.0,18.8,39.9,5,77.2,1884.6200000000001,3544.7299999999996,153.70000000000002,0.45258215962441317,35.68,386.0,0,0,40.5,True
Soybean,30.5,61.4,142.3,61.7,6.85,66.7,37.3,35.4,9.0,6.9,39.7,3,115.2,1872.7,8779.910000000002,139.4,0.905020352781547,38.02,345.6,0,1,67.0,False
Wheat,24.0,57.1,35.7,32.6,5.71,10.0,7.6,36.9,8.3,10.8,69.4,5,104.8,1370.4,1163.8200000000002,54.5,0.21978021978021978,31.87,524.0,1,1,53.5,True
Maize,34.3,84.1,140.4,66.9,6.14,60.0,37.5,43.8,5.6,15.8,61.3,4,63.1,2884.6299999999997,9392.760000000002,141.3,0.7290400972053463,45.86999999999999,252.4,0,1,62.0,False
Rice,25.8,38.4,62.1,36.2,7.65,36.8,36.2,46.9,6.7,3.2,55.7,1,120.0,990.72,2248.0200000000004,119.9,0.43757431629013077,30.28,120.0,0,1,53.5,False
Wheat,30.5,95.0,203.6,90.0,5.69,63.8,48.5,43.6,5.4,19.7,54.7,5,32.1,2897.5,18324.0,155.9,0.6852846401718582,43.94,160.5,0,1,63.0,False
Rice,30.8,80.8,75.6,15.0,6.3,64.6,36.6,36.9,4.1,11.6,48.9,5,59.9,2488.64,1134.0,138.1,0.8671140939597315,41.2,299.5,1,0,48.5,False
Maize,22.7,63.8,38.3,18.9,6.31,54.3,27.5,24.6,8.8,4.5,22.4,1,130.0,1448.26,723.8699999999999,106.4,1.0225988700564972,29.979999999999997,130.0,0,0,47.0,True
Groundnut,22.3,55.9,72.8,30.3,6.48,24.7,19.8,50.9,7.8,9.4,18.4,2,104.2,1246.57,2205.84,95.4,0.3444909344490934,29.77,208.4,1,0,28.499999999999996,False
Cotton,25.9,78.6,43.9,42.4,5.11,64.0,63.6,14.4,5.9,9.2,31.3,6,165.2,2035.7399999999998,1861.36,142.0,0.810126582278481,35.599999999999994,991.1999999999999,1,0,50.0,False
Tomato,18.4,78.9,231.7,90.0,5.4,69.6,20.2,43.3,9.1,13.5,52.6,4,136.4,1451.76,20853.0,133.1,1.0790697674418603,28.99,545.6,0,1,68.5,False
Wheat,34.7,39.7,17.9,21.1,6.29,53.5,21.7,50.4,8.0,14.4,39.8,2,49.5,1377.5900000000001,377.69,125.6,0.73187414500684,41.550000000000004,99.0,0,0,46.5,True
Soybean,23.4,79.5,107.7,59.9,6.37,65.9,41.4,46.9,8.7,12.7,41.5,2,92.9,1860.3,6451.23,154.20000000000002,0.7379619260918254,33.89,185.8,1,1,59.0,True
Cotton,22.9,56.7,221.1,78.1,6.71,73.0,48.9,32.1,5.5,8.2,34.1,6,135.7,1298.43,17267.91,154.0,0.8902439024390244,30.21,814.1999999999999,1,1,67.0,True
Rice,29.5,59.3,92.8,47.8,5.68,76.3,55.1,57.6,5.3,16.2,41.5,4,128.3,1749.35,4435.839999999999,189.0,0.6710642040457343,38.67,513.2,1,1,51.5,True
Maize,35.8,68.5,94.0,15.5,7.01,82.9,58.1,55.6,5.1,9.9,57.0,5,93.3,2452.2999999999997,1457.0,196.6,0.7227550130775937,44.629999999999995,466.5,1,1,52.5,True
Tomato,23.4,61.4,131.8,61.1,5.21,49.8,44.3,38.0,7.2,1.0,48.3,3,20.0,1436.76,8052.9800000000005,132.1,0.5978391356542617,29.74,60.0,0,1,58.5,False
Tomato,35.0,68.6,81.5,35.6,7.12,51.6,56.7,44.5,6.1,14.2,53.4,5,32.6,2401.0,2901.4,152.8,0.5048923679060665,44.7,163.0,1,0,41.0,False
Soybean,25.1,56.1,10.9,17.0,6.34,54.5,32.8,54.2,7.6,5.8,44.2,7,112.5,1408.1100000000001,185.3,141.5,0.6193181818181818,31.87,787.5,1,0,34.0,False
Soybean,27.1,53.2,131.0,68.7,6.31,49.6,39.0,59.6,10.6,15.1,55.0,1,133.1,1441.7200000000003,8999.7,148.2,0.497991967871486,35.440000000000005,133.1,0,1,65.5,False
Wheat,26.3,75.2,46.4,51.0,6.18,44.8,50.3,18.1,8.3,16.1,41.6,2,58.3,1977.7600000000002,2366.4,113.19999999999999,0.6455331412103745,37.04,116.6,1,0,44.0,False
Maize,32.6,58.3,100.3,57.9,7.13,48.5,32.1,44.7,4.9,4.2,21.0,4,159.1,1900.58,5807.37,125.3,0.6233933161953726,39.27,636.4,1,0,48.5,False
Cotton,25.6,61.9,55.9,33.4,6.2,47.9,28.0,43.1,7.4,8.6,32.4,6,87.1,1584.64,1867.06,119.0,0.6643550624133149,33.51,522.5999999999999,0,0,38.5,True
Cotton,23.7,76.8,116.1,59.6,6.0,46.8,19.6,26.2,5.4,14.0,27.9,7,133.9,1820.1599999999999,6919.5599999999995,92.60000000000001,1.0,34.18,937.3000000000001,0,1,60.0,False
Groundnut,28.7,63.6,80.1,41.2,5.9,89.5,43.7,59.9,10.2,14.5,50.2,5,105.6,1825.32,3300.12,193.1,0.855640535372849,37.96,528.0,0,1,59.5,False
Wheat,25.2,76.3,45.2,51.9,6.02,51.7,29.7,9.8,6.8,10.8,49.4,1,73.2,1922.7599999999998,2345.88,91.2,1.2765432098765432,34.989999999999995,73.2,0,1,54.0,False
Groundnut,28.0,78.6,168.5,90.0,5.82,55.8,18.9,87.2,7.1,17.2,30.4,1,107.0,2200.7999999999997,15165.0,161.89999999999998,0.5210084033613446,39.3,107.0,1,1,70.5,True
Wheat,30.8,70.5,11.8,24.3,6.71,53.7,20.5,77.6,5.3,18.3,48.3,2,114.8,2171.4,286.74,151.8,0.5418768920282544,41.510000000000005,229.6,1,1,52.5,True
Tomato,17.4,85.4,271.6,90.0,7.09,75.9,65.3,74.8,8.1,13.4,43.2,4,111.0,1485.96,24444.000000000004,216.0,0.5379163713678243,28.619999999999997,444.0,1,1,65.5,True
Groundnut,32.0,68.1,139.2,39.8,7.37,31.3,35.3,60.7,5.2,9.3,57.3,2,67.5,2179.2,5540.159999999999,127.3,0.32268041237113404,40.67,135.0,1,1,66.5,True
Rice,32.3,62.3,350.0,90.0,5.74,74.3,26.6,51.8,10.4,15.7,44.9,1,26.9,2012.2899999999997,31500.0,152.7,0.9357682619647354,41.669999999999995,26.9,1,1,69.5,True
Maize,21.1,69.0,118.8,51.5,5.34,59.2,40.4,57.5,7.0,21.3,23.5,4,58.9,1455.9,6118.2,157.1,0.5985844287158746,32.26,235.6,1,0,48.5,False
Maize,19.8,60.0,199.4,79.8,5.37,21.5,30.6,42.5,6.4,9.5,28.6,7,123.1,1188.0,15912.119999999999,94.6,0.2901484480431849,27.7,861.6999999999999,1,0,47.5,False
Rice,36.3,30.6,147.8,72.2,6.47,55.9,19.3,48.0,6.8,18.4,34.3,7,117.3,1110.78,10671.160000000002,123.2,0.8184480234260615,43.04,821.1,0,0,46.5,True
Maize,27.0,60.5,54.0,43.1,8.0,53.7,15.6,68.1,8.4,16.3,36.6,2,78.6,1633.5,2327.4,137.39999999999998,0.6340023612750887,36.309999999999995,157.2,1,0,49.5,False
Soybean,27.1,81.8,133.0,71.8,5.69,80.6,60.6,44.7,7.3,15.2,54.8,2,113.4,2216.78,9549.4,185.89999999999998,0.7582314205079961,38.32,226.8,1,1,60.0,True
Wheat,19.3,67.6,85.2,63.2,5.97,83.7,32.5,41.0,6.7,14.8,44.0,4,184.5,1304.6799999999998,5384.64,157.2,1.123489932885906,29.020000000000003,738.0,1,1,52.5,True
Tomato,19.9,62.9,116.6,66.5,5.22,73.6,31.2,37.1,8.6,15.3,35.8,7,56.3,1251.7099999999998,7753.9,141.9,1.062049062049062,29.249999999999996,394.09999999999997,1,0,47.5,False
Wheat,30.2,72.5,47.3,27.2,6.12,56.7,44.6,48.0,7.3,15.2,22.3,2,60.4,2189.5,1286.56,149.3,0.6057692307692308,40.49,120.8,1,1,53.0,True
Maize,34.3,66.1,68.6,42.5,6.91,56.9,45.0,21.3,6.7,10.1,51.6,2,82.3,2267.2299999999996,2915.4999999999995,123.2,0.8454680534918276,42.93,164.6,1,0,45.5,False
Maize,23.2,71.1,261.5,90.0,6.3,46.4,43.9,37.1,5.8,14.9,36.8,7,88.9,1649.5199999999998,23535.0,127.4,0.5658536585365853,33.29,622.3000000000001,1,1,66.5,True
Tomato,28.8,65.1,222.0,90.0,7.17,27.6,25.2,18.6,6.3,15.1,31.8,3,134.9,1874.8799999999999,19980.0,71.4,0.6160714285714286,38.330000000000005,404.70000000000005,1,1,64.5,True
Groundnut,29.9,85.2,98.3,54.0,6.85,81.6,29.0,53.9,5.4,12.8,44.8,4,23.2,2547.48,5308.2,164.5,0.9725864123957091,40.980000000000004,92.8,0,1,58.5,False
Cotton,33.8,62.1,63.1,63.4,6.65,57.2,55.4,55.4,9.0,14.8,56.2,4,135.5,2098.98,4000.54,168.0,0.5116279069767442,42.97,542.0,0,1,63.5,False
Groundnut,21.7,61.1,30.8,25.0,5.76,83.9,56.5,46.4,7.5,16.3,25.5,3,120.1,1325.87,770.0,186.8,0.8075072184793071,31.07,360.29999999999995,1,0,41.0,False
Rice,23.8,75.6,107.3,54.7,5.0,36.8,45.9,48.1,6.9,14.7,33.6,6,91.3,1799.28,5869.31,130.79999999999998,0.38736842105263153,34.3,547.8,1,0,47.0,False
Wheat,20.5,61.7,76.0,55.1,7.06,57.6,26.7,43.9,5.1,18.3,21.2,7,71.8,1264.8500000000001,4187.6,128.2,0.8044692737430168,30.330000000000002,502.59999999999997,0,1,57.49999999999999,False
Rice,29.5,82.9,350.0,90.0,6.28,49.6,27.4,46.3,6.6,11.8,64.9,3,102.6,2445.55,31500.0,123.3,0.6639892904953147,40.15,307.79999999999995,1,1,85.0,True
Rice,28.6,75.3,41.4,49.3,6.47,54.4,21.0,61.6,7.9,19.5,24.8,2,88.2,2153.58,2041.0199999999998,137.0,0.6507177033492824,40.03,176.4,0,1,53.0,False
Tomato,26.4,44.9,89.0,46.4,7.43,45.1,38.3,36.3,8.0,7.9,31.7,7,107.7,1185.36,4129.599999999999,119.7,0.5965608465608466,32.47,753.9,1,1,52.0,True
Tomato,27.9,62.8,99.3,39.5,5.95,52.6,47.8,39.7,5.9,8.7,42.8,1,86.2,1752.12,3922.35,140.10000000000002,0.5943502824858757,35.92,86.2,0,0,46.5,True
Maize,21.7,56.0,144.3,66.3,6.62,71.2,31.2,20.6,5.4,12.0,14.5,6,148.7,1215.2,9567.09,123.0,1.3484848484848486,29.699999999999996,892.1999999999999,1,1,57.99999999999999,True
Maize,23.7,55.9,107.2,55.3,7.54,25.7,49.5,95.7,6.5,8.0,23.1,7,82.0,1324.83,5928.16,170.9,0.17578659370725036,30.89,574.0,1,1,56.49999999999999,True
Wheat,24.7,59.2,80.8,31.9,5.58,74.6,52.1,24.9,4.6,15.8,29.3,1,93.5,1462.24,2577.52,151.6,0.9564102564102563,33.78,93.5,0,0,36.0,True
Wheat,24.0,57.9,49.4,26.7,6.42,60.9,35.5,64.4,7.4,5.5,60.7,3,81.7,1389.6,1318.98,160.8,0.6035678889990088,30.89,245.10000000000002,1,1,54.50000000000001,True
Rice,32.2,83.1,49.4,44.3,5.29,30.2,25.5,43.8,6.3,5.0,42.9,5,119.1,2675.82,2188.4199999999996,99.5,0.4295874822190612,41.510000000000005,595.5,1,0,37.5,False
Groundnut,22.5,48.4,80.2,42.7,7.0,44.8,34.2,65.9,5.9,17.2,35.0,3,85.7,1089.0,3424.5400000000004,144.9,0.4431256181998021,30.78,257.1,1,0,40.5,False
Soybean,24.3,69.1,158.2,61.1,5.14,42.0,28.6,38.8,8.2,12.7,49.7,5,68.1,1679.1299999999999,9666.02,109.39999999999999,0.6140350877192982,33.75,340.5,1,1,62.0,True
Rice,28.6,79.1,159.7,68.9,7.01,30.6,43.0,44.2,10.4,17.9,34.3,4,45.8,2262.2599999999998,11003.33,117.8,0.3469387755102041,40.089999999999996,183.2,0,1,61.5,False
Maize,31.6,92.5,172.8,81.0,5.94,53.8,33.6,52.4,6.5,14.0,54.9,2,83.5,2923.0,13996.800000000001,139.8,0.6183908045977011,43.65,167.0,1,1,66.0,True
Maize,23.5,85.3,48.7,51.8,5.2,32.3,44.3,42.7,7.5,10.3,63.3,7,85.3,2004.55,2522.66,119.3,0.3670454545454545,34.09,597.1,1,1,63.5,True
Soybean,29.8,81.4,154.4,57.0,5.91,27.1,23.4,23.2,8.9,14.6,41.7,7,98.8,2425.7200000000003,8800.800000000001,73.7,0.5693277310924371,40.86,691.6,1,1,51.0,True
Wheat,25.7,80.1,40.0,38.9,5.92,66.3,35.9,31.6,6.4,9.4,52.5,2,75.4,2058.5699999999997,1556.0,133.79999999999998,0.9678832116788321,35.59,150.8,0,0,46.0,True
Soybean,21.3,67.8,164.7,60.0,6.69,52.6,20.3,34.8,7.2,10.5,24.7,1,68.6,1444.14,9882.0,107.7,0.9376114081996436,30.18,68.6,1,1,50.5,True
Soybean,24.1,75.8,124.7,65.4,5.02,34.8,37.3,61.0,6.5,8.6,40.4,1,104.7,1826.78,8155.380000000001,133.1,0.35045317220543803,33.4,104.7,0,1,60.0,False
Rice,33.7,55.5,45.6,47.8,6.87,87.4,53.6,41.0,3.8,15.0,26.6,1,90.5,1870.3500000000001,2179.68,182.0,0.9142259414225943,42.25,90.5,1,1,50.5,True
Wheat,22.8,95.0,350.0,90.0,7.16,56.4,50.8,56.2,9.5,8.9,45.1,4,48.1,2166.0,31500.0,163.39999999999998,0.5222222222222223,34.08,192.4,1,1,70.5,True
Groundnut,25.0,74.9,67.7,46.8,6.81,35.9,53.8,25.3,8.1,4.2,40.7,2,82.0,1872.5000000000002,3168.36,114.99999999999999,0.4481897627965044,33.330000000000005,164.0,0,0,48.5,True
Soybean,39.0,87.4,124.0,71.1,5.82,56.7,43.8,54.4,8.7,8.2,52.2,4,77.5,3408.6000000000004,8816.4,154.9,0.5715725806451614,49.38,310.0,1,1,75.0,True
Soybean,22.8,58.9,60.4,34.1,6.05,86.6,37.9,62.6,8.8,1.0,38.6,2,102.6,1342.92,2059.64,187.1,0.8532019704433497,28.89,205.2,0,0,39.5,True
Rice,33.8,75.0,103.3,61.0,6.92,43.9,54.4,15.6,6.3,11.4,53.9,2,65.2,2535.0,6301.3,113.89999999999999,0.6183098591549295,43.58,130.4,0,1,53.5,False
Groundnut,18.1,88.2,120.4,63.8,7.3,53.0,27.6,61.8,7.9,18.9,65.7,2,72.4,1596.42,7681.52,142.39999999999998,0.5862831858407079,30.700000000000003,144.8,1,1,51.5,True
Rice,24.1,58.8,255.2,89.1,6.11,26.5,29.7,42.8,8.4,9.6,36.2,4,130.4,1417.08,22738.319999999996,99.0,0.36054421768707484,31.9,521.6,0,1,69.0,False
Maize,19.5,70.0,110.5,35.6,6.85,62.6,47.0,27.5,6.3,11.4,19.1,3,118.2,1365.0,3933.8,137.1,0.8291390728476822,28.78,354.6,0,0,47.0,True
Tomato,27.1,65.0,46.2,29.2,6.0,34.2,21.0,63.2,8.6,9.8,41.8,5,134.2,1761.5,1349.04,118.4,0.4014084507042254,35.56,671.0,0,1,50.5,False
Wheat,21.1,32.4,58.4,26.0,6.52,35.3,52.5,96.2,8.0,6.3,17.1,6,115.1,683.64,1518.3999999999999,184.0,0.23580494321977288,25.6,690.5999999999999,0,0,41.5,True
Tomato,29.1,68.4,94.7,31.3,6.53,75.6,44.9,72.9,8.4,15.5,63.0,4,116.2,1990.4400000000003,2964.11,193.4,0.6363636363636362,39.040000000000006,464.8,1,1,52.0,True
Groundnut,21.0,79.8,135.2,54.3,7.03,65.3,45.0,19.7,5.9,15.5,17.9,3,78.3,1675.8,7341.359999999999,130.0,0.9939117199391171,32.08,234.89999999999998,0,1,51.0,False
Maize,23.1,70.3,100.7,43.2,6.85,62.3,31.4,32.7,8.4,18.8,40.8,5,101.0,1623.93,4350.240000000001,126.39999999999999,0.956989247311828,33.89,505.0,1,0,49.0,False
Wheat,15.0,68.4,57.5,32.4,5.39,52.9,39.6,44.8,7.9,10.1,38.8,4,116.5,1026.0,1863.0,137.3,0.6194379391100702,23.86,466.0,1,1,53.0,True
Tomato,25.9,57.2,116.4,43.6,6.61,69.3,44.0,16.7,4.9,13.2,45.7,2,99.0,1481.48,5075.04,130.0,1.1231766612641814,34.26,198.0,1,1,50.5,True
Wheat,38.0,92.3,75.6,56.0,6.49,40.9,43.5,35.2,7.1,8.5,58.1,5,56.6,3507.4,4233.599999999999,119.60000000000001,0.5131744040150564,48.93000000000001,283.0,0,1,70.5,False
Tomato,25.4,62.3,100.6,61.4,6.36,54.2,32.7,41.7,7.2,15.6,21.3,2,28.3,1582.4199999999998,6176.839999999999,128.60000000000002,0.7188328912466844,34.75,56.6,0,0,47.5,True
Maize,21.2,95.0,179.6,90.0,5.64,89.7,43.9,50.3,7.1,14.2,42.3,5,80.8,2014.0,16164.0,183.89999999999998,0.9422268907563026,33.54,404.0,0,1,70.5,False
Soybean,23.5,63.5,144.0,55.3,7.9,46.2,17.7,30.1,4.1,17.1,24.2,5,63.9,1492.25,7963.2,94.0,0.9467213114754099,33.27,319.5,1,0,47.0,False
Tomato,27.8,86.5,110.6,46.4,6.97,72.0,18.7,69.5,5.9,12.6,41.0,3,135.5,2404.7000000000003,5131.839999999999,160.2,0.8071748878923767,38.970000000000006,406.5,0,0,49.0,True
Cotton,21.6,48.1,289.6,90.0,5.82,24.7,28.5,27.6,8.6,9.8,40.3,5,106.7,1038.96,26064.000000000004,80.80000000000001,0.4325744308231173,28.370000000000005,533.5,1,1,68.0,True
Rice,28.5,87.5,153.6,53.4,7.06,54.1,49.2,83.0,8.0,9.5,61.0,4,83.3,2493.75,8202.24,186.3,0.4061561561561562,39.15,333.2,0,1,61.0,False
Groundnut,28.5,63.4,151.0,55.2,5.96,72.1,28.5,46.0,5.4,7.0,57.1,7,68.6,1806.8999999999999,8335.2,146.6,0.9549668874172185,36.24,480.19999999999993,1,1,54.50000000000001,True
Rice,23.0,80.7,110.2,57.2,6.61,44.5,14.5,83.6,6.8,15.4,49.3,1,53.3,1856.1000000000001,6303.4400000000005,142.6,0.4490413723511605,34.15,53.3,0,1,53.5,False
Wheat,24.9,55.7,160.7,70.4,8.0,26.3,45.9,33.3,6.4,1.4,23.0,1,107.7,1386.93,11313.28,105.5,0.3279301745635911,30.75,107.7,1,0,47.0,False
Cotton,28.2,89.8,72.0,35.1,5.82,26.2,26.0,23.7,7.6,15.2,51.8,5,100.4,2532.3599999999997,2527.2000000000003,75.9,0.5167652859960552,40.22,502.0,0,1,62.5,False
Soybean,25.1,78.4,213.8,90.0,7.45,53.6,8.8,27.3,7.3,14.9,46.8,7,109.3,1967.8400000000001,19242.0,89.7,1.4447439353099731,35.92,765.1,1,1,63.5,True
Maize,25.5,75.9,83.1,46.5,6.03,72.4,35.4,12.2,7.0,9.8,49.6,3,30.0,1935.45,3864.1499999999996,120.00000000000001,1.489711934156379,35.050000000000004,90.0,0,1,57.99999999999999,False
Cotton,27.7,80.4,222.7,75.1,6.58,32.5,41.2,65.1,5.9,15.2,62.9,2,20.0,2227.08,16724.769999999997,138.8,0.30288909599254427,38.78,40.0,1,1,72.5,True
Cotton,26.0,56.1,137.6,44.5,6.59,74.3,31.6,24.9,5.6,14.5,28.5,7,112.6,1458.6000000000001,6123.2,130.8,1.2921739130434782,34.51,788.1999999999999,1,1,55.50000000000001,True
Cotton,30.7,67.6,208.9,90.0,6.85,54.8,30.3,68.5,7.8,11.1,41.4,2,106.6,2075.3199999999997,18801.0,153.6,0.5490981963927856,39.68,213.2,1,1,71.5,True
Rice,29.7,51.5,39.0,20.0,7.16,68.1,43.8,15.7,6.5,13.0,40.5,7,71.4,1529.55,780.0,127.6,1.1256198347107438,37.45,499.80000000000007,1,1,52.5,True
Rice,32.2,44.9,314.9,90.0,6.48,58.2,22.9,24.8,8.7,14.2,27.6,7,55.7,1445.78,28340.999999999996,105.89999999999999,1.1950718685831623,39.53,389.90000000000003,0,1,72.0,False
Maize,18.6,59.2,117.7,71.4,6.41,54.8,43.7,60.0,7.8,21.5,18.2,5,70.4,1101.1200000000001,8403.78,158.5,0.5234001910219674,28.820000000000004,352.0,0,1,58.5,False
Groundnut,26.1,91.7,112.7,69.2,6.71,75.2,21.4,54.1,6.8,14.7,71.5,4,39.8,2393.3700000000003,7798.84,150.7,0.9830065359477125,38.21,159.2,1,1,62.5,True
Rice,35.9,71.2,74.5,61.5,6.4,61.0,31.5,45.6,9.9,4.0,49.5,6,49.9,2556.08,4581.75,138.1,0.7810499359795136,43.81999999999999,299.4,0,1,58.5,False
Soybean,35.5,61.0,87.2,42.0,5.88,16.4,23.5,28.4,5.0,12.6,71.2,5,131.0,2165.5,3662.4,68.3,0.3100189035916824,44.120000000000005,655.0,1,1,55.00000000000001,True
Wheat,34.4,54.9,140.2,58.3,6.14,19.7,36.5,60.3,4.6,14.6,20.1,6,110.9,1888.56,8173.659999999999,116.5,0.20143149284253578,42.81,665.4000000000001,0,1,55.00000000000001,False
Rice,26.2,71.8,155.1,71.9,6.62,42.3,38.6,56.8,5.7,4.7,30.0,3,74.3,1881.1599999999999,11151.69,137.7,0.43879668049792525,34.31999999999999,222.89999999999998,1,1,56.99999999999999,True
Tomato,22.7,82.0,131.5,85.1,7.49,32.9,25.4,28.1,7.0,16.1,47.3,7,105.3,1861.3999999999999,11190.65,86.4,0.6036697247706422,34.12,737.1,0,1,51.5,False
Soybean,17.2,74.6,86.3,56.8,6.95,47.5,46.9,40.0,5.1,4.8,35.0,4,22.9,1283.12,4901.839999999999,134.4,0.540386803185438,25.619999999999997,91.6,0,1,57.99999999999999,False
Wheat,33.1,72.8,67.7,61.1,6.72,68.7,37.6,59.0,9.1,20.3,51.8,5,145.1,2409.68,4136.47,165.3,0.7038934426229508,44.440000000000005,725.5,0,1,54.50000000000001,False
Wheat,24.7,78.8,173.1,83.1,7.34,41.1,24.3,53.9,6.7,9.8,23.1,7,147.5,1946.36,14384.609999999999,119.30000000000001,0.5189393939393939,34.54,1032.5,1,1,64.5,True
Tomato,23.7,79.4,143.4,50.8,5.6,47.1,35.9,11.5,4.3,4.0,36.7,1,145.0,1881.78,7284.72,94.5,0.9731404958677686,32.44,145.0,0,1,52.0,False
Rice,29.0,56.3,112.1,57.7,7.0,42.1,44.3,57.5,9.3,6.2,59.6,1,157.2,1632.6999999999998,6468.17,143.9,0.40953307392996113,35.870000000000005,157.2,1,1,68.5,True
Groundnut,20.4,68.6,113.4,51.0,6.1,45.9,29.6,42.6,6.7,16.1,24.4,1,71.8,1399.4399999999998,5783.400000000001,118.1,0.6270491803278688,30.479999999999997,71.8,1,1,52.5,True
Rice,34.9,82.9,232.1,90.0,6.36,44.9,35.2,15.1,5.8,14.2,54.4,6,101.9,2893.21,20889.0,95.19999999999999,0.8752436647173488,46.03,611.4000000000001,1,1,72.5,True
Rice,24.5,47.5,108.9,61.6,7.12,46.2,60.8,18.3,5.4,17.8,50.1,4,131.4,1163.75,6708.240000000001,125.3,0.5767790262172285,32.81,525.6,0,1,56.00000000000001,False
Groundnut,19.0,66.2,54.6,38.0,7.9,50.1,26.8,60.2,8.9,10.3,40.6,1,63.4,1257.8,2074.8,137.10000000000002,0.5693181818181818,27.68,63.4,1,0,46.0,False
Rice,22.6,65.4,96.2,41.0,7.99,44.8,20.3,56.3,10.9,11.7,14.0,3,109.3,1478.0400000000002,3944.2000000000003,121.39999999999999,0.577319587628866,31.48,327.9,0,1,56.00000000000001,False
Rice,22.9,77.4,97.0,54.0,7.73,62.1,40.4,21.6,7.1,7.8,17.7,6,111.8,1772.46,5238.0,124.1,0.9857142857142858,32.2,670.8,1,1,56.49999999999999,True
Groundnut,34.0,76.1,115.7,61.4,5.45,44.1,30.3,55.7,6.8,23.1,44.7,3,98.3,2587.3999999999996,7103.98,130.10000000000002,0.506896551724138,46.23,294.9,1,1,66.0,True
Tomato,31.7,42.3,83.4,50.4,6.27,56.9,34.4,59.2,8.2,10.8,43.5,4,27.2,1340.9099999999999,4203.360000000001,150.5,0.6014799154334038,38.09,108.8,0,1,51.0,False
Wheat,24.7,79.2,35.5,18.4,6.88,65.1,29.9,34.3,7.9,12.3,30.9,3,39.2,1956.24,653.1999999999999,129.3,0.9984662576687118,35.08,117.60000000000001,0,1,56.00000000000001,False
Maize,27.3,68.8,79.0,34.1,6.29,57.2,40.3,26.5,5.2,18.3,30.3,7,159.7,1878.24,2693.9,124.0,0.8436578171091447,37.84,1117.8999999999999,0,0,44.0,True
Tomato,21.2,65.3,176.0,72.9,7.1,48.2,30.5,53.5,8.2,8.3,52.9,4,28.4,1384.36,12830.400000000001,132.2,0.5670588235294118,29.389999999999997,113.6,0,1,66.0,False
Maize,27.7,84.5,191.6,86.3,5.9,37.8,33.0,14.2,6.5,10.4,48.0,2,97.4,2340.65,16535.079999999998,85.0,0.7842323651452281,38.23,194.8,1,1,69.5,True
Wheat,30.7,44.2,271.7,90.0,7.03,39.9,41.5,63.7,6.2,13.2,29.9,4,108.4,1356.94,24453.0,145.10000000000002,0.3757062146892655,37.76,433.6,1,1,67.5,True
Rice,33.7,81.7,70.2,69.5,6.12,47.3,44.2,88.4,6.4,10.6,41.2,6,97.9,2753.2900000000004,4878.900000000001,179.9,0.3540419161676646,43.99,587.4000000000001,1,1,65.0,True
Wheat,21.3,62.6,125.1,48.9,7.01,56.3,49.2,70.8,11.0,18.0,27.6,7,88.8,1333.38,6117.389999999999,176.3,0.4652892561983471,31.160000000000004,621.6,1,1,52.0,True
Groundnut,31.5,64.0,62.7,51.1,7.38,57.3,41.7,56.3,6.8,21.0,18.4,3,122.0,2016.0,3203.9700000000003,155.3,0.5787878787878787,42.1,366.0,0,0,49.0,True
Wheat,16.9,85.4,110.3,57.6,5.92,44.2,21.8,30.4,5.6,15.9,56.2,5,115.2,1443.26,6353.28,96.4,0.8308270676691729,28.619999999999997,576.0,0,1,55.50000000000001,False
Maize,23.9,67.9,175.3,90.0,5.66,60.1,35.2,23.5,7.0,10.2,34.3,4,88.9,1622.81,15777.000000000002,118.80000000000001,1.0067001675041876,32.73,355.6,0,1,65.0,False
Wheat,27.5,66.5,229.0,82.8,5.97,44.5,31.8,33.4,5.8,10.3,44.0,5,77.1,1828.75,18961.2,109.69999999999999,0.6722054380664653,36.21,385.5,0,1,71.0,False
Rice,21.3,95.0,137.4,51.7,6.31,28.6,35.1,50.0,5.0,24.2,64.1,7,38.3,2023.5,7103.580000000001,113.7,0.33217189314750295,35.64,268.09999999999997,0,1,58.5,False
Groundnut,23.6,78.6,73.8,15.0,5.83,30.1,45.7,46.0,3.7,8.9,38.0,4,133.7,1854.96,1107.0,121.80000000000001,0.32470334412081986,33.24,534.8,0,1,54.50000000000001,False
Wheat,30.3,69.8,133.6,47.1,7.37,92.6,41.3,38.8,8.4,6.5,30.9,6,85.3,2114.94,6292.5599999999995,172.7,1.1418002466091246,38.58,511.79999999999995,0,1,55.00000000000001,False
Groundnut,22.3,51.6,153.0,51.8,6.88,53.4,27.2,61.1,7.0,17.7,23.9,4,140.5,1150.68,7925.4,141.7,0.5979843225083986,31.0,562.0,0,1,59.0,False
Tomato,31.1,54.5,210.3,87.0,5.02,76.7,38.1,42.9,6.4,8.2,23.5,7,58.6,1694.95,18296.100000000002,157.70000000000002,0.9353658536585366,38.190000000000005,410.2,0,1,51.5,False
Wheat,28.3,56.3,21.4,15.0,6.75,44.6,35.2,56.8,7.5,15.8,35.4,6,116.2,1593.29,321.0,136.60000000000002,0.4795698924731183,37.09,697.2,0,0,29.5,True
Tomato,24.5,61.0,233.7,84.0,6.15,50.7,42.1,69.2,7.3,9.7,32.8,3,113.4,1494.5,19630.8,162.0,0.45146927871772036,32.54,340.20000000000005,1,1,66.5,True
Wheat,28.7,61.6,56.1,60.5,6.02,69.1,34.3,31.1,8.4,15.2,48.5,3,61.2,1767.92,3394.05,134.5,1.0406626506024095,37.9,183.60000000000002,1,1,53.5,True
Wheat,31.1,49.2,159.4,64.8,6.54,52.1,50.0,50.9,6.0,19.0,13.7,1,70.6,1530.1200000000001,10329.12,153.0,0.5112855740922473,39.82,70.6,0,1,54.50000000000001,False
Maize,28.4,73.3,67.2,50.6,6.17,36.8,5.0,51.9,7.3,15.4,36.6,6,137.3,2081.72,3400.32,93.69999999999999,0.6355785837651122,38.809999999999995,823.8000000000001,1,1,53.5,True
Cotton,30.7,54.9,115.8,81.0,6.93,44.2,37.3,10.0,5.9,18.8,44.8,4,37.0,1685.4299999999998,9379.8,91.5,0.9151138716356109,39.949999999999996,148.0,0,1,67.5,False
Wheat,27.0,65.8,143.1,44.0,6.17,46.0,52.4,27.5,6.3,11.4,46.4,4,68.8,1776.6,6296.4,125.9,0.5686032138442522,35.86,275.2,1,0,50.0,False
Wheat,25.1,70.5,70.9,44.6,7.44,51.5,52.8,47.9,8.5,19.4,40.3,2,97.2,1769.5500000000002,3162.1400000000003,152.2,0.5063913470993118,36.03,194.4,0,0,47.0,True
Wheat,24.9,93.3,192.9,90.0,5.74,39.2,52.0,45.1,8.4,12.1,32.1,4,85.4,2323.1699999999996,17361.0,136.3,0.39959225280326205,36.65,341.6,1,1,74.5,True
Cotton,23.9,63.2,174.2,57.7,6.57,65.8,15.0,54.9,4.7,9.9,38.9,6,115.0,1510.48,10051.34,135.7,0.928067700987306,32.199999999999996,690.0,1,1,57.99999999999999,True
Groundnut,29.1,79.2,108.1,66.3,6.84,74.8,21.1,25.7,5.5,5.8,56.4,3,56.2,2304.7200000000003,7167.03,121.60000000000001,1.5648535564853556,38.18,168.60000000000002,1,1,68.0,True
Wheat,29.9,48.2,311.4,90.0,6.64,61.0,42.2,92.5,7.4,13.9,43.2,2,114.7,1441.18,28025.999999999996,195.7,0.4495210022107591,37.5,229.4,1,1,65.0,True
Soybean,20.0,77.4,49.5,34.7,6.82,23.0,18.4,47.7,6.7,13.4,39.3,1,49.4,1548.0,1717.65,89.1,0.34277198211624443,30.42,49.4,1,0,44.0,False
Tomato,29.7,44.8,319.2,90.0,6.3,46.5,41.8,40.4,4.9,13.1,24.8,4,94.0,1330.56,28728.0,128.7,0.5588942307692308,36.8,376.0,0,1,72.5,False
Rice,28.0,61.6,111.8,48.2,6.91,52.6,27.7,49.9,7.3,11.2,45.0,3,112.3,1724.8,5388.76,130.2,0.6692111959287532,36.4,336.9,0,1,56.99999999999999,False
Wheat,34.5,61.9,124.4,53.8,6.13,65.8,41.9,5.0,8.6,18.1,49.0,5,87.1,2135.5499999999997,6692.72,112.69999999999999,1.3736951983298538,44.309999999999995,435.5,1,0,50.0,False
Soybean,22.0,71.3,146.8,71.8,6.96,61.9,65.3,90.3,5.4,8.4,42.5,1,57.9,1568.6,10540.24,217.5,0.39527458492975737,30.81,57.9,1,1,60.5,True
Cotton,30.1,80.3,132.9,68.3,7.5,66.8,70.4,41.0,9.9,7.2,36.7,7,88.7,2417.03,9077.07,178.2,0.594306049822064,39.57,620.9,1,1,58.5,True
Rice,36.1,91.1,131.8,43.4,7.79,37.1,20.0,41.3,8.0,3.2,70.0,5,78.2,3288.71,5720.12,98.4,0.5955056179775281,45.85,391.0,1,1,61.5,True
Wheat,24.4,50.0,119.2,43.5,7.8,93.4,19.7,35.9,4.9,19.6,14.7,3,125.4,1220.0,5185.2,149.0,1.6501766784452299,33.32,376.20000000000005,1,1,52.5,True
Groundnut,27.4,68.4,67.7,49.7,7.68,47.0,22.1,67.3,7.9,14.6,65.5,6,51.7,1874.16,3364.6900000000005,136.39999999999998,0.5199115044247787,37.160000000000004,310.20000000000005,0,1,51.0,False
Rice,27.1,89.1,123.3,55.5,6.4,49.4,54.5,52.1,10.2,20.3,56.9,4,117.6,2414.61,6843.15,156.0,0.45910780669144985,40.07000000000001,470.4,0,1,75.0,False
Soybean,27.6,73.3,276.8,89.5,6.82,36.1,29.3,64.1,4.4,18.9,43.4,1,102.4,2023.08,24773.600000000002,129.5,0.38241525423728817,38.71,102.4,0,1,79.0,False
Rice,24.3,62.1,94.1,52.8,6.89,41.7,32.2,57.7,9.1,7.6,48.3,5,125.8,1509.03,4968.48,131.60000000000002,0.45874587458745875,32.03,629.0,1,1,60.0,True
Maize,31.3,95.0,10.3,29.3,6.18,56.1,43.3,44.9,5.6,5.1,41.5,3,105.4,2973.5,301.79,144.3,0.6289237668161436,41.82,316.20000000000005,1,0,45.0,False
Groundnut,29.4,84.1,229.3,90.0,6.17,25.7,44.2,50.8,5.8,15.7,57.1,4,96.2,2472.5399999999995,20637.0,120.7,0.2677083333333333,40.95,384.8,1,1,80.0,True
Tomato,29.0,56.8,71.8,34.4,6.37,40.7,55.1,72.7,6.9,17.8,30.1,7,57.5,1647.1999999999998,2469.9199999999996,168.5,0.3159937888198758,38.24,402.5,1,0,46.0,False
Rice,18.6,84.0,88.4,66.6,5.37,52.2,29.2,75.9,7.7,11.4,26.0,2,118.3,1562.4,5887.44,157.3,0.49198868991517436,29.28,236.6,0,1,56.00000000000001,False
Groundnut,24.6,69.0,300.4,90.0,6.24,51.0,30.1,50.8,8.7,12.1,43.5,4,100.3,1697.4,27035.999999999996,131.89999999999998,0.6227106227106227,33.92,401.2,1,1,75.0,True
Rice,21.7,90.8,80.6,72.2,6.1,56.0,59.9,75.0,7.6,10.0,49.1,1,135.7,1970.36,5819.32,190.9,0.4120676968359087,32.78,135.7,0,1,52.5,False
Maize,24.6,86.2,211.4,90.0,6.87,35.8,42.8,29.8,7.1,6.4,38.1,5,47.2,2120.52,19026.0,108.39999999999999,0.48641304347826086,34.5,236.0,1,1,76.5,True
Soybean,26.1,67.4,180.2,54.4,7.66,50.5,23.4,44.1,7.1,7.3,37.8,3,104.4,1759.1400000000003,9802.88,118.0,0.7372262773722628,34.300000000000004,313.20000000000005,1,1,53.5,True
Groundnut,24.0,60.3,274.0,90.0,6.57,36.3,21.9,69.4,8.1,15.1,27.7,5,70.2,1447.1999999999998,24660.0,127.6,0.3932827735644636,33.050000000000004,351.0,0,1,56.49999999999999,False
Groundnut,28.0,71.4,134.4,56.1,6.13,61.7,16.4,44.5,4.9,14.0,33.1,7,142.8,1999.2000000000003,7539.84,122.6,0.9967689822294024,37.94,999.6000000000001,1,1,55.00000000000001,True
Soybean,24.9,82.6,152.3,88.0,6.73,36.2,44.0,53.6,8.3,16.3,56.2,6,107.3,2056.74,13402.400000000001,133.8,0.36713995943204875,36.419999999999995,643.8,1,1,75.0,True
Tomato,15.0,71.6,147.8,60.1,6.01,64.6,19.4,51.0,8.5,8.3,47.5,3,136.7,1074.0,8882.78,135.0,0.9047619047619047,23.82,410.09999999999997,1,1,65.0,True
Groundnut,30.3,73.2,113.2,72.2,6.71,48.4,14.2,42.0,7.1,20.7,32.7,6,148.8,2217.96,8173.040000000001,104.6,0.846153846153846,41.760000000000005,892.8000000000001,0,1,53.5,False
Soybean,27.2,52.0,70.3,35.2,5.56,58.7,39.6,47.8,6.8,13.4,18.8,7,96.8,1414.3999999999999,2474.56,146.10000000000002,0.6640271493212669,35.08,677.6,1,0,35.0,False
Wheat,24.3,72.6,49.1,51.4,6.7,85.3,50.4,59.1,5.3,18.2,45.4,1,106.3,1764.1799999999998,2523.74,194.79999999999998,0.771945701357466,35.2,106.3,0,1,50.5,False
Cotton,28.7,70.3,138.6,66.5,5.48,53.0,29.7,46.7,4.9,21.8,37.9,1,87.3,2017.61,9216.9,129.4,0.6847545219638242,40.089999999999996,87.3,0,1,65.5,False
Wheat,27.1,53.9,214.2,90.0,7.85,26.8,58.8,51.0,6.8,1.0,28.7,7,107.3,1460.69,19278.0,136.6,0.24187725631768955,32.690000000000005,751.1,1,1,66.0,True
Wheat,23.7,72.5,350.0,90.0,5.72,10.0,51.9,64.3,6.0,4.9,53.4,5,95.9,1718.25,31500.0,126.19999999999999,0.08532423208191127,31.93,479.5,0,1,60.5,False
Maize,17.7,45.0,119.0,63.9,5.7,73.6,30.7,43.8,5.8,10.8,48.7,1,147.5,796.5,7604.099999999999,148.1,0.9748344370860926,24.36,147.5,0,1,53.5,False
Maize,36.3,58.5,165.3,52.1,6.87,86.2,35.9,21.6,7.6,4.8,40.8,5,114.1,2123.5499999999997,8612.130000000001,143.7,1.4735042735042736,43.11,570.5,1,1,62.5,True
Cotton,22.3,58.9,71.4,53.1,6.88,14.6,47.1,69.2,9.1,11.4,53.4,7,74.6,1313.47,3791.3400000000006,130.9,0.12446717817561806,30.470000000000002,522.1999999999999,1,0,50.0,False
Cotton,33.1,68.6,107.5,53.9,6.89,51.3,32.3,31.7,7.1,19.1,35.1,1,125.1,2270.66,5794.25,115.3,0.7892307692307692,43.78,125.1,1,0,48.0,False
Maize,25.1,65.5,179.0,60.9,6.18,60.2,54.7,31.1,3.6,7.7,21.9,5,123.0,1644.0500000000002,10901.1,146.0,0.6935483870967741,33.190000000000005,615.0,0,0,50.0,True
Groundnut,32.1,87.8,160.8,54.2,5.86,40.0,34.3,74.4,7.2,14.4,44.9,4,94.9,2818.38,8715.36,148.7,0.3646308113035551,43.760000000000005,379.6,1,1,61.5,True
Groundnut,24.5,44.0,168.0,65.2,7.47,68.1,25.3,59.3,7.2,12.9,33.0,6,123.2,1078.0,10953.6,152.7,0.7955607476635513,31.479999999999997,739.2,1,1,53.0,True
Rice,29.2,74.8,53.8,19.9,6.6,45.8,29.5,46.5,3.7,11.1,41.9,2,129.1,2184.16,1070.62,121.8,0.5948051948051948,38.9,258.2,1,0,46.0,False
Rice,31.6,64.7,268.6,87.0,7.12,42.7,54.8,51.2,9.3,15.6,37.9,7,132.8,2044.5200000000002,23368.2,148.7,0.3990654205607477,41.19,929.6000000000001,1,1,66.0,True
Wheat,26.2,59.8,92.7,44.5,6.34,26.1,26.3,33.1,7.4,15.3,29.2,1,112.5,1566.76,4125.150000000001,85.5,0.43211920529801323,35.24,112.5,1,0,42.5,False
Wheat,20.0,95.0,232.1,90.0,6.29,62.8,56.8,54.8,6.2,11.2,56.9,1,54.0,1900.0,20889.0,174.39999999999998,0.5577264653641207,31.74,54.0,1,1,69.0,True
Cotton,28.6,62.3,162.3,64.7,6.59,51.6,32.4,58.7,5.5,7.8,43.3,3,91.6,1781.78,10500.810000000001,142.7,0.5602605863192183,36.39,274.79999999999995,1,1,67.0,True
Tomato,37.5,58.8,40.5,46.9,6.97,112.3,39.2,15.8,5.3,3.2,30.0,4,70.6,2205.0,1899.45,167.3,2.0053571428571426,44.02,282.4,0,1,51.0,False
Tomato,21.9,66.7,92.2,68.9,6.08,36.7,19.9,24.7,6.3,12.6,33.8,1,110.1,1460.73,6352.580000000001,81.3,0.8048245614035089,31.09,110.1,1,0,49.0,False
Tomato,32.9,75.7,123.8,53.8,7.25,58.3,27.7,5.0,7.2,4.0,52.1,5,68.1,2490.53,6660.44,91.0,1.7299703264094952,41.269999999999996,340.5,1,0,47.5,False
Soybean,28.5,70.3,350.0,90.0,6.81,88.2,29.7,52.6,3.0,7.5,46.3,5,98.3,2003.55,31500.0,170.5,1.0588235294117647,37.03,491.5,1,1,68.0,True
Groundnut,28.1,72.6,93.8,36.8,6.38,65.6,29.9,24.3,7.2,20.9,39.9,3,131.7,2040.06,3451.8399999999997,119.8,1.188405797101449,39.54,395.09999999999997,0,1,62.5,False
Maize,25.8,69.4,181.0,75.6,6.22,32.4,37.9,63.7,7.1,10.4,53.7,7,145.1,1790.5200000000002,13683.599999999999,134.0,0.3157894736842105,34.82,1015.6999999999999,1,1,60.0,True
Groundnut,17.2,53.6,102.5,39.3,7.28,24.8,36.5,69.9,8.2,17.3,40.4,6,153.4,921.92,4028.2499999999995,131.2,0.2309124767225326,26.02,920.4000000000001,1,0,50.0,False
Rice,19.6,60.7,256.7,90.0,6.32,50.9,34.5,37.6,3.0,9.3,29.2,4,50.5,1189.7200000000003,23103.0,123.0,0.6963064295485637,27.53,202.0,1,1,50.5,True
Rice,27.1,54.0,102.1,34.5,6.8,74.9,34.6,47.6,7.7,13.5,30.4,3,126.5,1463.4,3522.45,157.1,0.9002403846153847,35.2,379.5,1,1,54.0,True
Rice,35.0,34.4,104.8,34.8,6.72,62.7,47.1,53.0,6.3,6.2,33.7,3,152.6,1204.0,3647.0399999999995,162.8,0.6201780415430268,39.68,457.79999999999995,1,0,44.0,False
Cotton,32.4,56.5,68.4,60.0,6.22,48.8,28.1,39.6,6.4,7.4,26.1,4,112.4,1830.6,4104.0,116.5,0.710334788937409,39.529999999999994,449.6,1,0,48.5,False
Wheat,31.5,77.6,188.4,90.0,6.44,78.6,10.6,25.2,9.1,9.1,56.0,6,29.7,2444.3999999999996,16956.0,114.39999999999999,2.135869565217391,41.08,178.2,0,1,66.0,False
Rice,20.6,83.8,83.4,68.2,6.53,35.1,36.5,29.7,9.3,20.7,33.9,7,155.7,1726.28,5687.880000000001,101.3,0.5223214285714286,33.12,1089.8999999999999,0,1,53.0,False
Soybean,35.9,59.5,125.9,65.4,6.58,25.0,53.4,35.8,3.5,9.4,69.0,7,132.9,2136.0499999999997,8233.86,114.2,0.27716186252771624,43.730000000000004,930.3000000000001,1,1,55.00000000000001,True
Cotton,29.3,87.2,41.4,25.0,5.18,28.7,22.3,66.4,5.8,8.7,55.9,6,65.6,2554.96,1035.0,117.4,0.31995540691192864,39.760000000000005,393.59999999999997,0,1,56.49999999999999,False
Maize,22.2,71.2,52.8,41.2,6.98,64.1,34.1,49.8,7.3,14.4,28.9,2,46.0,1580.64,2175.36,148.0,0.7550058892815076,32.2,92.0,0,1,50.5,False
Tomato,23.9,63.6,288.5,90.0,6.68,57.9,41.7,63.9,8.2,18.8,40.9,2,107.2,1520.04,25965.0,163.5,0.5431519699812383,34.019999999999996,214.4,1,1,68.0,True
Rice,22.3,70.4,130.1,85.7,6.47,45.6,15.7,53.2,6.4,14.2,47.2,6,97.1,1569.92,11149.57,114.5,0.6523605150214592,32.18000000000001,582.5999999999999,0,1,60.5,False
Rice,20.9,95.0,309.9,90.0,6.98,39.4,40.7,51.8,8.2,14.3,71.9,4,128.1,1985.4999999999998,27890.999999999996,131.89999999999998,0.4213903743315508,33.26,512.4,1,1,60.0,True
Wheat,22.0,81.6,164.4,80.0,7.1,61.2,40.5,66.7,3.0,8.1,39.4,7,103.2,1795.1999999999998,13152.0,168.4,0.5656192236598891,31.78,722.4,1,1,56.49999999999999,True
Soybean,33.1,76.7,289.9,90.0,6.57,90.8,25.5,72.4,10.1,16.4,34.7,2,108.5,2538.77,26090.999999999996,188.7,0.9180990899898887,44.050000000000004,217.0,0,1,50.5,False
Tomato,24.6,58.5,232.3,68.5,7.12,82.1,39.7,38.9,7.1,13.6,48.8,4,68.7,1439.1000000000001,15912.550000000001,160.7,1.0314070351758795,33.17,274.8,1,1,70.0,True
Rice,27.9,68.7,161.8,61.4,7.08,93.8,31.0,21.6,6.9,13.2,8.8,2,77.6,1916.73,9934.52,146.4,1.75,37.41,155.2,1,1,59.5,True
Soybean,30.8,61.0,133.9,75.2,6.9,66.9,53.2,56.4,10.0,13.2,32.2,7,54.3,1878.8,10069.28,176.5,0.6048824593128391,39.54,380.09999999999997,1,1,55.00000000000001,True
Wheat,20.8,52.5,81.2,33.7,5.17,73.6,39.2,41.7,6.1,19.3,44.8,3,146.0,1092.0,2736.4400000000005,154.5,0.8986568986568986,29.91,438.0,0,0,47.0,True
Maize,26.1,65.5,116.6,58.8,7.1,71.3,27.4,72.2,6.6,10.2,35.3,7,113.6,1709.5500000000002,6856.079999999999,170.89999999999998,0.7087475149105368,34.69,795.1999999999999,1,1,53.5,True
Cotton,17.3,66.0,238.6,90.0,7.92,89.3,44.8,38.1,6.0,18.4,48.8,4,63.4,1141.8,21474.0,172.2,1.0643623361144219,27.58,253.6,1,1,52.5,True
Wheat,22.2,67.8,41.2,32.2,6.68,34.6,36.0,49.1,7.4,19.5,33.2,4,74.8,1505.1599999999999,1326.64,119.69999999999999,0.4018583042973287,32.879999999999995,299.2,1,0,41.0,False
Tomato,28.3,53.7,166.6,68.0,5.73,16.4,31.8,39.7,4.5,15.9,40.3,7,83.7,1519.71,11328.8,87.9,0.22620689655172413,36.85,585.9,0,1,69.0,False
Soybean,32.1,66.7,230.1,88.2,6.66,66.5,29.5,49.3,6.2,16.9,60.4,2,128.8,2141.07,20294.82,145.3,0.8333333333333334,42.150000000000006,257.6,1,1,63.0,True
Maize,29.2,71.5,80.8,54.5,5.92,77.9,52.9,47.9,8.1,11.9,37.4,2,77.8,2087.7999999999997,4403.599999999999,178.70000000000002,0.7652259332023577,38.730000000000004,155.6,0,1,57.49999999999999,False
Wheat,26.2,72.5,154.2,60.5,5.73,81.7,41.7,37.4,5.0,9.7,43.9,1,20.0,1899.5,9329.099999999999,160.8,1.0199750312109863,35.39,20.0,0,1,59.5,False
Rice,16.9,62.8,119.9,65.6,6.13,49.5,34.9,5.0,6.1,11.3,7.9,5,89.1,1061.32,7865.44,89.4,1.2102689486552567,25.44,445.5,0,1,59.5,False
Maize,40.0,92.7,43.3,42.3,5.62,17.9,30.5,16.1,3.1,13.6,48.2,4,85.8,3708.0,1831.5899999999997,64.5,0.37605042016806717,51.989999999999995,343.2,1,1,60.0,True
Wheat,25.6,54.6,117.0,47.1,6.16,37.3,12.8,46.8,10.2,16.4,42.8,7,103.6,1397.7600000000002,5510.7,96.89999999999999,0.6155115511551156,34.34,725.1999999999999,0,1,56.99999999999999,False
Rice,21.2,66.7,242.2,90.0,6.86,44.7,53.8,60.6,7.0,7.9,25.8,1,100.6,1414.04,21798.0,159.1,0.3873483535528596,29.449999999999996,100.6,0,0,50.0,True
Maize,15.0,57.3,27.0,15.0,7.56,74.4,43.6,45.4,4.5,8.2,21.2,7,62.0,859.5,405.0,163.4,0.8266666666666668,22.37,434.0,0,0,36.0,True
Wheat,22.5,52.6,111.7,45.0,5.72,51.6,39.6,31.5,6.8,8.7,26.5,1,49.5,1183.5,5026.5,122.7,0.7156726768377255,29.499999999999996,49.5,1,0,47.5,False
Rice,18.9,78.9,126.3,59.8,6.33,77.1,33.9,5.0,8.5,15.5,35.6,5,64.0,1491.21,7552.74,116.0,1.9323308270676691,29.89,320.0,1,0,43.0,False
Rice,32.4,90.1,120.5,69.5,5.89,43.4,53.5,66.9,5.0,7.8,48.2,2,74.9,2919.24,8374.75,163.8,0.357495881383855,42.97,149.8,1,1,64.0,True
Soybean,16.7,79.0,165.4,64.7,6.49,54.5,33.1,27.1,6.5,6.3,30.7,2,108.0,1319.3,10701.380000000001,114.69999999999999,0.8905228758169934,25.860000000000003,216.0,0,0,50.0,True
Wheat,29.0,81.9,142.7,56.1,6.66,98.3,51.0,66.1,6.8,9.0,54.4,2,107.0,2375.1000000000004,8005.469999999999,215.4,0.8323454699407282,38.989999999999995,214.0,0,1,57.99999999999999,False
Cotton,25.0,47.9,52.3,41.5,6.23,39.3,36.7,38.6,7.3,4.8,33.9,1,80.2,1197.5,2170.45,114.6,0.5150720838794233,30.75,80.2,0,0,40.5,True
Tomato,30.8,58.4,201.8,90.0,5.91,30.3,50.5,26.9,7.3,7.8,37.0,6,138.8,1798.72,18162.0,107.69999999999999,0.3864795918367347,38.2,832.8000000000001,0,1,71.0,False
Wheat,24.4,60.3,143.4,57.3,5.59,71.4,26.7,53.8,7.7,9.4,23.1,7,106.6,1471.32,8216.82,151.9,0.8760736196319019,32.31,746.1999999999999,0,0,49.5,True
Cotton,25.8,75.8,35.8,32.7,7.26,41.8,40.0,31.7,6.0,12.5,38.6,5,89.9,1955.6399999999999,1170.66,113.5,0.5749656121045391,35.88,449.5,1,0,47.5,False
Groundnut,23.4,72.3,143.3,53.9,6.66,42.6,39.9,62.3,8.0,12.0,34.2,5,134.0,1691.82,7723.870000000001,144.8,0.41279069767441867,33.03,670.0,0,1,52.5,False
Maize,32.5,95.0,130.3,65.7,6.75,62.2,12.3,60.9,7.2,13.8,66.2,2,68.8,3087.5,8560.710000000001,135.4,0.8382749326145552,44.76,137.6,1,1,74.0,True
Rice,27.0,42.8,99.7,66.2,7.1,74.5,18.8,52.8,6.4,17.3,33.2,5,124.3,1155.6,6600.14,146.1,1.0261707988980717,34.74,621.5,0,1,52.0,False
Soybean,22.6,62.8,260.1,89.0,6.84,74.8,22.4,45.6,3.0,17.9,32.7,2,85.1,1419.28,23148.9,142.79999999999998,1.0840579710144926,32.46,170.2,1,0,46.5,False
Tomato,16.6,60.6,148.2,52.4,6.06,115.8,26.9,29.1,4.8,11.4,22.5,2,111.0,1005.9600000000002,7765.679999999999,171.79999999999998,2.031578947368421,24.940000000000005,222.0,1,1,53.0,True
Wheat,24.1,54.7,180.0,80.0,7.73,79.4,27.5,65.8,5.9,2.3,31.4,3,97.0,1318.2700000000002,14400.0,172.7,0.8419936373276777,30.03,291.0,1,1,61.5,True
Maize,27.7,73.8,25.3,29.2,7.39,58.8,14.2,82.9,6.3,8.9,23.5,4,134.8,2044.2599999999998,738.76,155.9,0.5993883792048929,36.86,539.2,1,1,66.0,True
Groundnut,22.0,73.8,123.9,38.5,7.17,33.9,42.4,73.5,8.9,14.2,30.9,3,91.0,1623.6,4770.150000000001,149.8,0.2899914456800684,32.22,273.0,0,1,59.5,False
Rice,26.3,44.3,143.0,48.3,5.86,48.1,25.0,41.7,6.2,13.8,27.6,7,36.6,1165.09,6906.9,114.8,0.7104874446085672,33.49,256.2,1,1,52.5,True
Wheat,34.8,35.3,68.3,47.7,7.11,29.1,47.3,59.5,8.9,8.8,30.8,1,97.4,1228.4399999999998,3257.91,135.9,0.26994434137291284,40.089999999999996,97.4,1,1,56.49999999999999,True
Wheat,24.8,61.8,289.5,80.2,6.79,46.4,31.8,59.6,10.0,13.0,40.9,3,82.2,1532.6399999999999,23217.9,137.8,0.5021645021645021,33.58,246.60000000000002,0,1,69.0,False
Soybean,29.8,71.9,109.6,35.1,5.0,23.4,54.0,45.4,7.7,14.9,56.4,5,111.8,2142.6200000000003,3846.96,122.80000000000001,0.2330677290836653,39.97,559.0,0,1,53.0,False
Maize,22.3,86.5,168.4,90.0,6.55,33.9,23.9,41.5,4.6,10.6,43.8,6,85.1,1928.95,15156.0,99.3,0.5105421686746987,33.07,510.59999999999997,1,1,65.5,True
Rice,30.0,59.3,191.9,78.4,6.55,90.5,47.3,51.2,5.9,9.8,42.5,1,82.5,1779.0,15044.960000000001,189.0,0.9095477386934674,37.89,82.5,0,1,60.0,False
Wheat,26.2,69.2,39.7,32.1,6.33,58.7,10.8,41.6,8.6,13.3,42.7,4,67.8,1813.04,1274.3700000000001,111.1,1.099250936329588,35.78,271.2,0,0,41.5,True
Wheat,28.8,71.0,203.6,74.6,5.4,43.1,41.5,28.9,7.1,7.7,33.1,6,115.6,2044.8,15188.559999999998,113.5,0.603641456582633,37.44,693.5999999999999,0,1,69.5,False
Groundnut,32.4,71.0,75.4,51.6,6.99,73.4,43.7,8.1,6.7,9.4,34.4,2,82.7,2300.4,3890.6400000000003,125.2,1.3901515151515151,41.38,165.4,1,0,47.0,False
Maize,17.4,73.9,119.8,63.8,5.72,45.1,25.1,40.8,6.6,12.9,23.9,3,150.7,1285.86,7643.24,111.0,0.6741405082212256,27.369999999999997,452.09999999999997,1,1,57.99999999999999,True
Maize,27.4,72.2,62.7,43.4,6.34,32.1,30.1,52.9,7.6,18.3,27.0,1,103.4,1978.28,2721.18,115.1,0.3821428571428572,38.28,103.4,1,1,51.0,True
Maize,30.9,69.7,103.1,63.4,6.96,64.8,25.7,48.7,6.8,9.4,50.4,3,55.7,2153.73,6536.539999999999,139.2,0.8594164456233421,39.75,167.10000000000002,1,1,66.5,True
Soybean,20.9,51.9,298.5,87.7,5.67,75.9,23.2,40.4,6.9,8.2,23.5,2,102.5,1084.7099999999998,26178.45,139.5,1.1749226006191953,27.729999999999997,205.0,1,1,66.5,True
Cotton,34.6,81.5,57.6,53.2,6.21,56.0,49.8,29.7,6.1,19.5,78.9,1,83.3,2819.9,3064.32,135.5,0.6956521739130435,46.65,83.3,1,1,67.0,True
Soybean,21.9,66.5,118.4,37.9,7.68,85.5,10.2,38.7,6.9,11.8,42.8,4,152.7,1456.35,4487.36,134.4,1.7134268537074147,30.909999999999997,610.8,0,1,51.5,False
Tomato,24.6,81.6,227.8,90.0,6.81,62.8,40.1,68.9,9.0,8.8,43.2,3,81.5,2007.36,20502.0,171.8,0.5709090909090909,34.52,244.5,1,1,64.5,True
Soybean,20.4,73.4,128.9,45.8,7.72,66.0,22.3,47.2,6.0,10.1,18.1,1,122.2,1497.36,5903.62,135.5,0.9361702127659575,29.759999999999998,122.2,1,1,51.5,True
Rice,23.9,49.4,75.2,47.1,6.31,83.8,41.2,37.7,7.9,23.1,37.4,4,50.2,1180.6599999999999,3541.92,162.7,1.0488110137672089,33.459999999999994,200.8,1,0,43.0,False
Rice,24.2,88.2,327.9,90.0,6.89,84.8,41.4,23.3,3.0,13.2,58.3,2,85.7,2134.44,29510.999999999996,149.5,1.2907153729071537,35.66,171.4,1,1,79.0,True
Soybean,18.3,43.3,109.0,32.9,6.27,77.5,50.7,37.2,10.0,7.8,25.7,4,48.8,792.39,3586.1,165.39999999999998,0.8717660292463442,24.19,195.2,0,0,31.5,True
Wheat,38.3,59.7,120.2,55.6,6.27,67.8,61.4,44.6,8.6,18.0,35.6,2,102.7,2286.5099999999998,6683.12,173.79999999999998,0.633644859813084,47.87,205.4,1,1,61.0,True
Cotton,15.0,77.5,71.2,35.9,6.4,52.1,39.7,42.1,6.7,10.8,34.9,2,82.8,1162.5,2556.08,133.9,0.6292270531400965,24.91,165.6,0,0,48.5,True
Tomato,30.8,62.2,143.9,56.6,6.46,48.7,36.7,40.4,7.9,7.0,0.0,1,81.5,1915.7600000000002,8144.740000000001,125.80000000000001,0.6235595390524968,38.42,81.5,0,1,54.0,False
Rice,24.1,63.8,59.1,34.3,6.54,39.0,57.7,28.4,5.5,16.4,26.4,1,115.9,1537.58,2027.1299999999999,125.1,0.44776119402985076,33.76,115.9,0,0,37.5,True
Groundnut,25.4,82.2,125.5,58.8,6.04,41.3,27.1,45.9,6.9,13.3,41.8,5,102.2,2087.88,7379.4,114.30000000000001,0.5581081081081081,36.28,511.0,1,1,63.0,True
Cotton,26.1,43.0,99.5,53.5,6.91,86.9,28.6,49.4,9.4,14.4,38.4,5,113.1,1122.3,5323.25,164.9,1.1,33.28,565.5,1,1,56.49999999999999,True
Cotton,20.9,41.0,147.4,42.9,6.85,63.4,40.4,35.8,9.9,10.1,14.8,3,85.7,856.9,6323.46,139.6,0.8212435233160623,27.02,257.1,0,1,57.49999999999999,False
Soybean,29.6,57.5,85.8,36.6,6.99,44.8,38.6,65.0,9.0,17.0,38.3,1,71.6,1702.0,3140.28,148.4,0.4282982791586998,38.75,71.6,1,0,49.0,False
Rice,27.2,63.7,93.5,42.3,6.04,82.3,38.6,43.5,6.6,14.2,20.9,2,59.7,1732.64,3955.0499999999997,164.4,0.9903730445246691,36.41,119.4,0,1,51.5,False
Wheat,31.9,52.4,166.1,62.7,5.91,47.9,36.3,41.4,9.0,14.4,18.1,2,84.3,1671.56,10414.47,125.6,0.6086404066073698,40.02,168.6,1,1,61.0,True
Rice,22.2,65.4,198.3,90.0,7.01,50.2,43.3,5.0,6.0,15.8,28.3,5,85.9,1451.88,17847.0,98.5,1.0182555780933065,31.900000000000002,429.5,1,0,46.5,False
Soybean,29.4,74.5,243.4,90.0,7.12,10.0,47.1,29.5,7.7,7.1,45.9,5,155.6,2190.2999999999997,21906.0,86.6,0.1288659793814433,38.27,778.0,0,1,74.5,False
Rice,31.5,57.4,34.8,35.8,5.96,108.9,41.3,58.5,6.0,15.0,34.9,6,99.4,1808.1,1245.8399999999997,208.7,1.080357142857143,40.24,596.4000000000001,0,1,54.50000000000001,False
Maize,35.8,75.8,108.7,48.8,6.97,45.5,53.4,27.5,6.6,11.7,54.8,2,114.1,2713.64,5304.5599999999995,126.4,0.5555555555555555,45.72,228.2,0,1,56.99999999999999,False
Cotton,32.8,63.5,160.9,67.6,7.15,24.6,33.9,61.8,7.5,13.9,36.3,7,70.4,2082.7999999999997,10876.84,120.3,0.2543950361944158,41.93,492.80000000000007,0,1,59.5,False
Soybean,34.4,68.9,229.4,90.0,7.09,58.1,25.0,20.4,6.8,5.6,55.4,7,76.6,2370.1600000000003,20646.0,103.5,1.2521551724137931,42.41,536.1999999999999,1,1,60.0,True
Groundnut,25.8,57.7,188.7,77.1,7.52,100.5,41.6,54.4,9.8,5.4,26.5,3,138.7,1488.66,14548.769999999999,196.5,1.0360824742268042,32.65,416.09999999999997,0,1,54.0,False
Rice,30.0,92.6,179.9,52.1,6.73,41.9,27.5,20.0,6.0,6.7,74.4,2,135.1,2778.0,9372.79,89.4,0.8639175257731958,40.6,270.2,0,1,65.0,False
Cotton,25.9,88.9,75.8,29.0,7.57,54.0,30.0,51.9,7.7,14.2,35.2,1,50.1,2302.51,2198.2,135.9,0.6513872135102533,37.629999999999995,50.1,0,1,52.5,False
Maize,25.6,54.3,175.7,59.7,6.46,55.0,47.2,22.5,7.0,13.9,39.9,5,67.3,1390.08,10489.289999999999,124.7,0.7779349363507779,33.81,336.5,0,1,59.0,False
Maize,15.0,57.2,40.1,15.0,6.17,45.6,63.2,50.4,7.0,14.5,18.9,6,97.5,858.0,601.5,159.20000000000002,0.3979057591623037,23.619999999999997,585.0,1,0,35.5,False
Maize,29.6,70.9,139.0,81.3,5.76,57.5,28.0,43.5,7.1,9.6,49.5,5,93.3,2098.6400000000003,11300.699999999999,129.0,0.7931034482758621,38.61000000000001,466.5,0,1,57.99999999999999,False
Groundnut,31.8,80.1,96.6,69.2,8.0,57.1,37.1,23.2,4.7,18.4,55.7,6,70.6,2547.18,6684.72,117.4,0.9314845024469821,43.49,423.59999999999997,1,1,56.00000000000001,True
Cotton,19.3,59.6,23.5,21.6,6.05,45.4,15.7,38.0,4.7,23.4,28.0,2,61.4,1150.28,507.6,99.1,0.829981718464351,29.94,122.8,1,0,45.0,False
Rice,26.3,64.5,114.6,52.0,7.22,70.7,46.6,28.3,5.8,15.6,32.9,6,104.5,1696.3500000000001,5959.2,145.60000000000002,0.9314888010540184,35.87,627.0,1,1,56.49999999999999,True
Cotton,22.7,59.1,225.0,84.3,6.77,55.1,62.3,67.7,10.2,9.7,38.5,6,110.8,1341.57,18967.5,185.10000000000002,0.4206106870229008,30.55,664.8,1,1,66.5,True
Tomato,22.0,85.0,203.8,64.7,6.28,67.8,41.7,61.7,7.4,18.8,56.6,2,73.3,1870.0,13185.86,171.2,0.6494252873563218,34.26,146.6,1,1,64.5,True
Rice,35.0,69.1,37.5,45.5,6.31,52.9,5.0,56.4,7.0,1.0,29.1,2,51.3,2418.5,1706.25,114.3,0.8477564102564102,42.11,102.6,0,0,49.5,True
Rice,22.9,77.9,68.6,34.1,5.0,42.7,38.8,47.4,8.1,7.3,25.6,3,47.8,1783.91,2339.2599999999998,128.9,0.4896788990825689,32.15,143.39999999999998,0,0,47.5,True
Tomato,34.8,73.5,121.2,72.6,6.11,69.6,17.0,79.3,9.4,8.8,19.7,3,60.5,2557.7999999999997,8799.119999999999,165.89999999999998,0.7153134635149023,43.91,181.5,0,1,65.5,False
Rice,15.0,75.1,152.9,90.0,6.28,71.8,28.9,25.3,6.6,14.6,70.3,5,101.2,1126.5,13761.0,125.99999999999999,1.3007246376811592,25.43,506.0,1,1,64.5,True
Rice,24.7,71.3,85.6,51.1,6.28,67.8,59.4,28.6,4.9,10.1,39.7,2,139.3,1761.11,4374.16,155.79999999999998,0.7617977528089888,33.85,278.6,0,1,55.00000000000001,False
Soybean,24.3,49.6,26.6,37.5,6.35,62.1,46.2,49.7,4.0,15.7,36.1,3,84.3,1205.28,997.5,158.0,0.6408668730650154,32.4,252.89999999999998,1,0,33.5,False
Cotton,17.8,62.1,294.4,90.0,5.77,55.3,28.2,21.3,6.4,11.7,14.8,5,88.5,1105.38,26495.999999999996,104.8,1.095049504950495,26.35,442.5,0,1,61.0,False
Soybean,22.5,60.4,109.1,55.9,6.66,57.4,32.0,45.8,7.8,4.4,47.6,5,65.0,1359.0,6098.69,135.2,0.7284263959390863,29.419999999999998,325.0,1,1,53.5,True
Rice,25.9,85.2,61.8,32.6,6.91,59.1,39.0,22.8,9.0,17.5,47.6,2,69.7,2206.68,2014.68,120.89999999999999,0.9410828025477708,37.92,139.4,0,0,49.5,True
Groundnut,30.1,48.4,350.0,90.0,6.36,64.6,34.7,43.9,7.1,11.4,44.4,1,103.1,1456.84,31500.0,143.2,0.8115577889447236,37.22,103.1,1,1,79.5,True
Cotton,33.2,65.2,50.6,35.9,5.96,48.6,48.4,30.4,7.5,14.5,22.2,4,110.3,2164.6400000000003,1816.54,127.4,0.6090225563909775,42.620000000000005,441.2,0,0,38.5,True
Cotton,19.8,74.8,188.0,67.9,7.15,59.1,26.2,27.1,8.8,6.0,24.8,1,65.7,1481.04,12765.2,112.4,1.0883977900552486,28.48,65.7,0,1,56.00000000000001,False
Tomato,29.8,54.8,65.6,35.2,5.75,53.1,45.0,73.9,9.1,4.5,45.0,6,78.6,1633.04,2309.12,172.0,0.44286905754795663,36.18,471.59999999999997,0,1,55.50000000000001,False
Soybean,18.1,72.1,226.1,90.0,7.66,43.9,28.3,37.7,8.1,20.4,32.9,4,139.5,1305.01,20349.0,109.9,0.6552238805970149,29.39,558.0,0,1,59.5,False
Soybean,33.3,65.4,211.0,90.0,6.61,35.9,61.0,58.8,4.1,15.1,28.2,3,105.7,2177.82,18990.0,155.7,0.29718543046357615,42.86,317.1,1,1,63.0,True
Maize,26.1,68.6,85.0,44.0,6.99,93.1,47.3,30.1,9.6,20.7,27.6,7,96.6,1790.46,3740.0,170.49999999999997,1.1874999999999998,37.1,676.1999999999999,1,1,60.0,True
Groundnut,28.4,66.2,98.2,57.9,6.16,20.6,45.3,40.2,8.6,10.1,21.3,4,103.6,1880.08,5685.78,106.10000000000001,0.23815028901734106,37.04,414.4,1,1,57.99999999999999,True
Maize,36.9,78.2,85.1,46.1,7.37,95.3,46.1,57.9,8.6,11.9,63.4,4,126.3,2885.58,3923.1099999999997,199.3,0.9076190476190475,47.1,505.2,1,1,64.0,True
Tomato,23.6,69.1,94.8,55.6,7.52,48.9,37.2,42.3,7.6,8.5,55.2,5,67.8,1630.76,5270.88,128.39999999999998,0.6074534161490683,32.21,339.0,1,1,58.5,True
Soybean,26.8,69.0,161.7,90.0,7.61,58.8,24.4,36.4,7.1,15.0,34.6,3,161.5,1849.2,14552.999999999998,119.6,0.9514563106796117,36.7,484.5,1,1,61.5,True
Groundnut,29.8,95.0,69.4,39.2,6.62,29.6,49.7,17.2,7.4,9.9,50.1,3,121.4,2831.0,2720.4800000000005,96.50000000000001,0.43593519882179677,41.279999999999994,364.20000000000005,1,0,39.5,False
Wheat,17.1,70.6,214.5,90.0,6.74,35.9,50.5,29.1,7.5,16.4,34.9,7,20.0,1207.26,19305.0,115.5,0.44540942928039706,27.44,140.0,1,1,61.0,True
Soybean,26.7,63.6,344.7,90.0,6.61,37.2,30.0,46.4,5.7,19.7,47.7,2,120.2,1698.12,31023.0,113.6,0.4806201550387597,37.0,240.4,1,1,78.5,True
Rice,28.0,84.9,117.6,53.0,5.92,86.1,52.1,45.7,7.2,9.9,73.7,7,78.8,2377.2000000000003,6232.799999999999,183.89999999999998,0.8714574898785423,38.47,551.6,1,1,59.5,True
Rice,27.5,71.5,147.9,53.8,7.77,54.9,31.7,63.3,6.2,16.3,47.7,1,115.3,1966.25,7957.0199999999995,149.89999999999998,0.571875,37.91,115.3,1,1,52.5,True
Soybean,30.7,70.2,120.7,83.6,6.58,88.1,37.2,57.1,6.3,18.3,39.4,5,85.0,2155.14,10090.52,182.4,0.924449108079748,41.379999999999995,425.0,0,1,59.5,False
Maize,28.7,61.1,182.5,90.0,7.34,68.8,39.1,21.1,4.9,5.3,30.0,2,127.4,1753.57,16425.0,129.0,1.1241830065359477,35.870000000000005,254.8,0,1,74.0,False
Rice,31.1,78.8,83.8,48.1,6.24,22.9,26.3,46.6,6.2,9.9,31.4,3,110.8,2450.68,4030.78,95.80000000000001,0.3098782138024357,40.96,332.4,1,1,55.00000000000001,True
Tomato,27.9,79.6,144.0,68.4,6.18,79.6,22.6,43.6,9.6,14.6,46.2,7,107.3,2220.8399999999997,9849.6,145.79999999999998,1.1845238095238093,38.78,751.1,1,1,60.0,True
Soybean,27.1,67.4,75.2,51.2,7.03,61.4,37.7,26.5,5.8,18.3,36.2,3,163.4,1826.5400000000002,3850.2400000000002,125.6,0.9417177914110428,37.5,490.20000000000005,0,1,51.5,False
Cotton,23.6,50.3,73.9,32.4,5.06,52.9,50.9,43.2,5.3,5.5,18.4,3,135.9,1187.08,2394.36,147.0,0.5562565720294427,29.730000000000004,407.70000000000005,0,0,43.0,True
Wheat,23.8,64.5,76.8,43.0,6.39,44.9,42.5,45.1,8.0,11.9,24.4,1,33.0,1535.1000000000001,3302.4,132.5,0.5067720090293454,32.63,33.0,0,1,50.5,False
Cotton,31.0,65.0,44.7,27.3,7.14,90.1,42.5,36.7,6.8,10.6,32.5,6,116.7,2015.0,1220.3100000000002,169.3,1.123441396508728,39.62,700.2,0,0,50.0,True
Rice,17.0,42.6,154.8,44.8,6.9,52.6,42.5,22.0,8.2,16.0,16.7,6,116.5,724.2,6935.04,117.1,0.8030534351145039,24.459999999999997,699.0,1,1,60.0,True
Rice,21.2,67.7,14.0,19.0,7.98,57.4,34.0,47.7,8.5,4.9,18.9,3,166.7,1435.24,266.0,139.10000000000002,0.6940749697702538,28.95,500.09999999999997,0,0,43.0,True
Soybean,22.0,72.9,128.9,77.5,6.66,68.0,55.1,43.5,9.4,10.6,54.9,4,57.6,1603.8000000000002,9989.75,166.6,0.6827309236947792,31.41,230.4,1,1,63.5,True
Rice,22.7,76.7,216.1,90.0,7.12,40.9,26.8,53.1,6.2,8.1,68.0,7,113.6,1741.09,19449.0,120.80000000000001,0.5055624227441285,31.99,795.1999999999999,1,1,68.5,True
Soybean,30.9,64.2,176.7,80.9,6.13,21.8,5.0,54.9,5.8,7.0,7.3,3,125.1,1983.78,14295.03,81.7,0.3579638752052545,38.72,375.29999999999995,1,1,57.99999999999999,True
Cotton,34.0,95.0,144.2,68.6,6.4,42.6,49.7,79.3,5.5,9.0,45.8,4,40.3,3230.0,9892.119999999999,171.60000000000002,0.3276923076923077,45.3,161.2,0,1,67.0,False
Wheat,18.1,68.4,280.5,90.0,7.52,88.3,35.0,10.2,5.7,13.6,32.9,5,20.0,1238.0400000000002,25245.0,133.5,1.911255411255411,27.66,100.0,1,1,54.0,True
Wheat,24.7,59.7,152.0,75.7,6.03,67.7,23.2,25.9,4.9,16.2,34.6,4,98.1,1474.59,11506.4,116.80000000000001,1.351297405189621,33.910000000000004,392.4,0,1,55.00000000000001,False
Soybean,29.0,76.1,80.1,35.2,6.9,47.2,50.0,38.4,3.2,22.2,55.9,5,161.7,2206.8999999999996,2819.52,135.6,0.5279642058165548,41.05,808.5,1,1,55.00000000000001,True
Rice,32.7,80.4,349.3,90.0,7.05,36.6,54.9,62.5,6.3,10.3,55.6,7,68.5,2629.0800000000004,31437.0,154.0,0.3091216216216216,42.800000000000004,479.5,1,1,70.0,True
Maize,31.1,73.0,84.1,60.2,8.0,32.9,53.0,51.7,5.5,12.8,60.0,1,56.6,2270.3,5062.82,137.60000000000002,0.31125827814569534,40.96,56.6,1,1,57.49999999999999,True
Maize,24.7,62.0,89.2,38.6,6.73,44.9,38.0,41.8,9.2,19.1,45.3,1,106.5,1531.3999999999999,3443.1200000000003,124.7,0.5556930693069307,34.72,106.5,1,0,47.0,False
Cotton,23.0,76.1,177.5,68.9,5.75,80.6,28.4,38.0,4.2,9.6,36.8,6,91.1,1750.3,12229.750000000002,147.0,1.1958456973293767,32.53,546.5999999999999,1,1,57.99999999999999,True
Cotton,27.1,34.2,137.1,32.6,6.58,60.5,40.9,44.7,9.1,8.6,22.3,3,84.7,926.8200000000002,4469.46,146.10000000000002,0.6986143187066975,32.24,254.10000000000002,1,0,43.5,False
Groundnut,23.7,60.9,175.3,64.9,7.06,21.9,43.1,35.1,4.2,13.5,39.8,4,114.3,1443.33,11376.970000000001,100.1,0.2765151515151515,32.49,457.2,1,1,66.0,True
Wheat,24.2,60.9,98.9,42.7,6.64,63.9,50.1,72.9,8.8,7.0,39.9,6,55.1,1473.78,4223.030000000001,186.9,0.5153225806451612,31.689999999999998,330.6,1,1,51.0,True
Wheat,25.5,61.7,75.1,43.8,6.36,70.4,23.3,53.4,7.4,10.1,48.9,3,123.8,1573.3500000000001,3289.3799999999997,147.1,0.9060489060489061,33.690000000000005,371.4,1,0,48.0,False
Cotton,26.4,67.3,64.5,40.0,5.97,71.9,33.3,34.4,5.3,15.1,24.9,4,96.7,1776.7199999999998,2580.0,139.6,1.0465793304221254,36.15,386.8,1,0,40.0,False
Tomato,18.4,72.2,157.5,70.1,6.74,94.2,56.4,44.5,4.5,12.4,45.0,6,48.1,1328.48,11040.75,195.1,0.9244357212953876,28.099999999999998,288.6,1,1,55.50000000000001,True
Rice,22.6,80.1,70.6,51.7,6.79,74.8,40.8,33.5,6.7,14.6,31.4,2,86.6,1810.26,3650.02,149.1,0.9933598937583001,33.53,173.2,1,0,48.5,False
Wheat,30.1,62.7,59.3,32.6,6.32,39.4,28.4,33.6,8.7,14.1,43.2,4,67.2,1887.2700000000002,1933.18,101.4,0.6253968253968254,39.190000000000005,268.8,1,0,44.0,False
Rice,29.0,68.0,200.4,70.2,5.4,55.9,18.5,62.7,8.4,15.7,35.7,5,83.1,1972.0,14068.080000000002,137.10000000000002,0.6800486618004866,38.94,415.5,1,1,56.99999999999999,True
Groundnut,24.2,57.5,135.9,71.0,5.87,57.6,52.9,74.7,3.8,2.6,46.5,3,110.0,1391.5,9648.9,185.2,0.44790046656298604,30.47,330.0,1,1,57.49999999999999,True
Groundnut,19.7,69.5,134.6,44.7,6.53,39.8,61.6,46.8,7.9,9.8,39.9,6,104.6,1369.1499999999999,6016.62,148.2,0.3638025594149908,28.61,627.5999999999999,1,1,52.5,True
Cotton,30.7,40.4,190.7,76.5,6.9,39.9,33.6,49.0,8.3,11.1,22.2,4,167.0,1240.28,14588.55,122.5,0.4772727272727273,36.96,668.0,1,1,53.0,True
Maize,25.3,95.0,20.1,56.3,7.03,66.5,45.4,67.9,5.6,7.1,38.2,1,126.8,2403.5,1131.63,179.8,0.5818022747156605,36.22,126.8,0,1,60.5,False
Wheat,27.6,72.4,58.5,52.2,6.74,61.7,33.3,42.0,7.3,21.1,57.8,4,95.4,1998.2400000000002,3053.7000000000003,137.0,0.8086500655307995,39.06,381.6,1,1,57.49999999999999,True
Cotton,34.4,77.3,178.7,63.6,6.71,40.3,44.9,69.1,6.8,9.0,53.2,2,142.4,2659.12,11365.32,154.29999999999998,0.35043478260869565,43.92999999999999,284.8,1,1,62.0,True
Rice,23.5,45.3,151.4,44.7,7.32,27.9,45.4,61.5,9.3,13.6,31.9,2,112.0,1064.55,6767.580000000001,134.8,0.25857275254865614,30.75,224.0,0,0,49.0,True
Maize,18.2,49.8,169.7,56.7,6.35,73.0,29.2,24.7,8.0,5.5,33.6,4,82.8,906.3599999999999,9621.99,126.9,1.3296903460837888,24.28,331.2,1,1,65.5,True
Tomato,24.5,68.4,48.0,22.8,5.74,60.7,32.7,11.7,6.0,16.4,49.3,4,100.3,1675.8000000000002,1094.4,105.10000000000001,1.3370044052863435,34.62,401.2,1,1,59.0,True
Tomato,22.1,91.9,156.8,63.1,6.72,34.8,34.4,25.7,7.8,4.4,45.4,3,125.1,2030.9900000000002,9894.080000000002,94.89999999999999,0.5695581014729951,32.17,375.29999999999995,1,1,57.99999999999999,True
Groundnut,24.8,47.5,82.9,22.3,7.55,62.5,26.7,46.3,7.0,9.3,28.7,6,91.3,1178.0,1848.67,135.5,0.8445945945945946,31.41,547.8,0,0,41.0,True
Maize,33.0,71.9,57.2,52.3,6.09,69.5,35.4,71.1,4.7,13.9,41.1,3,117.2,2372.7000000000003,2991.56,176.0,0.6465116279069767,42.97,351.6,0,1,68.0,False
Wheat,20.7,38.3,89.2,63.6,7.22,79.6,26.1,52.2,6.5,22.6,19.4,7,85.2,792.81,5673.12,157.89999999999998,1.0037831021437578,29.049999999999997,596.4,0,0,43.0,True
Tomato,23.4,73.9,50.5,22.9,6.38,58.9,16.3,32.7,9.7,5.7,33.1,6,103.7,1729.26,1156.4499999999998,107.9,1.178,31.93,622.2,0,0,49.0,True
Rice,33.9,62.0,89.0,36.3,6.68,52.9,22.8,17.4,6.8,10.2,58.5,4,92.8,2101.7999999999997,3230.7,93.1,1.2839805825242718,42.14,371.2,1,0,46.0,False
Cotton,27.9,52.8,42.2,39.6,6.18,58.9,34.7,47.0,6.2,13.8,34.2,5,36.8,1473.12,1671.1200000000001,140.6,0.7122128174123337,35.94,184.0,1,0,27.500000000000004,False
Soybean,25.6,72.5,198.7,64.7,6.96,29.4,52.7,45.3,7.0,15.9,33.2,2,57.2,1856.0,12855.89,127.39999999999999,0.29696969696969694,36.03,114.4,1,1,65.5,True
Wheat,36.3,67.1,55.0,36.9,6.4,46.4,38.3,32.9,8.6,9.3,30.3,7,110.0,2435.7299999999996,2029.5,117.6,0.6426592797783934,44.87,770.0,1,0,40.0,False
Soybean,32.3,69.0,74.7,40.1,6.43,13.0,49.1,45.2,6.5,20.7,38.4,7,111.3,2228.7,2995.4700000000003,107.30000000000001,0.13641133263378802,43.339999999999996,779.1,1,1,52.0,True
Rice,25.6,54.3,177.6,88.8,6.46,45.4,33.7,20.0,6.0,6.6,7.0,5,134.2,1390.08,15770.88,99.1,0.829981718464351,32.35,671.0,0,1,70.5,False
Tomato,25.9,71.0,106.8,53.5,6.8,38.8,54.0,45.9,7.7,1.0,47.5,1,111.4,1838.8999999999999,5713.8,138.7,0.3845391476709613,33.2,111.4,1,1,55.00000000000001,True
Maize,29.9,67.1,113.8,70.6,6.98,58.3,31.4,43.1,7.8,13.5,23.7,4,126.3,2006.2899999999997,8034.279999999999,132.79999999999998,0.7721854304635761,39.31,505.2,0,1,58.5,False
Maize,24.4,71.0,105.7,73.9,6.04,42.3,40.9,5.0,9.0,16.8,25.8,5,115.3,1732.3999999999999,7811.2300000000005,88.19999999999999,0.9019189765458422,34.86,576.5,0,0,38.5,True
Rice,19.8,79.1,62.7,36.0,6.49,70.7,14.9,18.7,8.7,3.2,40.6,7,92.1,1566.1799999999998,2257.2000000000003,104.30000000000001,2.0433526011560694,28.35,644.6999999999999,0,0,44.0,True
Groundnut,30.9,63.3,46.7,29.8,5.36,59.4,30.8,57.5,8.0,7.9,29.7,6,91.5,1955.9699999999998,1391.66,147.7,0.6651735722284434,38.809999999999995,549.0,0,0,38.0,True
Soybean,22.0,84.3,126.2,73.8,6.6,33.0,45.2,28.1,5.0,19.9,36.4,3,80.5,1854.6,9313.56,106.30000000000001,0.4441453566621803,34.41,241.5,0,1,58.5,False
Tomato,27.5,73.6,150.7,65.6,6.83,27.4,35.0,69.6,7.8,9.5,51.9,6,149.9,2023.9999999999998,9885.919999999998,132.0,0.25946969696969696,36.76,899.4000000000001,1,1,67.5,True
Groundnut,28.0,56.6,75.0,53.7,5.0,64.5,34.9,58.3,5.8,5.5,48.8,2,122.3,1584.8,4027.5,157.7,0.6847133757961784,34.76,244.6,1,1,61.0,True
Cotton,34.3,77.7,66.3,50.5,6.63,29.6,29.5,49.0,7.5,15.1,18.1,3,129.5,2665.1099999999997,3348.1499999999996,108.1,0.37232704402515726,45.09,388.5,0,1,52.0,False
Maize,20.7,67.4,240.9,82.7,6.14,58.6,40.8,46.4,8.8,8.7,48.2,3,138.6,1395.18,19922.43,145.8,0.6643990929705217,29.179999999999996,415.79999999999995,1,1,71.0,True
Cotton,25.9,68.4,66.5,47.7,6.86,10.0,42.0,38.8,9.3,13.4,44.8,1,70.6,1771.56,3172.05,90.8,0.12224938875305624,35.42,70.6,0,1,52.5,False
Maize,18.0,76.0,181.7,68.1,6.01,60.0,37.1,56.4,9.0,9.9,55.5,5,56.8,1368.0,12373.769999999999,153.5,0.6349206349206349,27.580000000000002,284.0,1,1,70.5,True
Rice,23.7,81.7,174.4,87.5,6.99,31.5,55.3,60.1,7.9,7.7,36.7,4,73.2,1936.29,15260.0,146.9,0.2706185567010309,33.41,292.8,0,1,76.0,False
Rice,22.1,95.0,129.8,73.3,5.77,41.5,35.7,49.2,7.1,9.1,46.1,5,139.6,2099.5,9514.34,126.4,0.48311990686845163,33.42,698.0,1,1,62.5,True
Cotton,33.6,50.6,134.9,58.0,6.5,42.2,23.4,44.2,8.6,5.1,28.0,3,157.3,1700.16,7824.200000000001,109.8,0.6151603498542275,39.68000000000001,471.90000000000003,0,0,49.0,True
Rice,31.6,75.0,66.8,59.0,6.51,58.5,54.2,31.8,8.1,13.0,52.3,3,77.4,2370.0,3941.2,144.5,0.6724137931034483,41.7,232.20000000000002,1,1,57.99999999999999,True
Maize,29.2,46.7,144.4,47.0,5.82,63.1,5.0,82.4,3.8,7.7,36.2,5,115.3,1363.64,6786.8,150.5,0.7138009049773756,35.41,576.5,0,1,64.0,False
Wheat,19.9,58.3,265.6,90.0,5.25,54.2,40.0,58.5,5.1,13.1,50.3,3,111.8,1160.1699999999998,23904.000000000004,152.7,0.5447236180904523,28.349999999999998,335.4,1,1,71.0,True
Wheat,21.8,48.9,239.6,77.3,5.77,90.4,51.8,41.7,5.6,7.5,47.4,6,95.2,1066.02,18521.079999999998,183.89999999999998,0.9566137566137567,28.19,571.2,1,1,58.5,True
Maize,40.0,31.2,65.7,39.3,6.93,44.6,19.2,25.9,8.2,4.9,33.6,3,159.3,1248.0,2582.0099999999998,89.69999999999999,0.9674620390455533,44.099999999999994,477.90000000000003,0,1,61.0,False
Tomato,31.0,73.5,25.0,32.0,6.54,64.5,35.7,25.2,6.0,15.1,31.5,6,93.4,2278.5,800.0,125.4,1.0420032310177705,41.370000000000005,560.4000000000001,1,1,54.50000000000001,True
Rice,23.4,67.9,36.3,50.1,6.1,102.1,39.9,35.5,5.2,14.6,49.9,1,130.5,1588.8600000000001,1818.6299999999999,177.5,1.3363874345549736,33.11,130.5,1,1,56.00000000000001,True
Maize,21.3,54.0,131.6,53.0,7.11,38.2,27.8,53.7,8.3,11.2,43.6,3,35.6,1150.2,6974.799999999999,119.7,0.46303030303030307,28.94,106.80000000000001,1,1,52.5,True
Groundnut,22.0,47.6,116.2,24.7,6.46,25.5,23.7,40.6,8.3,11.4,42.8,7,100.3,1047.2,2870.14,89.80000000000001,0.3905053598774885,29.04,702.1,0,0,42.0,True
Maize,31.1,52.0,123.5,63.7,6.86,60.1,17.5,20.3,4.7,17.2,16.9,6,76.1,1617.2,7866.950000000001,97.89999999999999,1.5489690721649485,39.74,456.59999999999997,0,0,48.5,True
Maize,25.7,69.6,46.4,44.3,6.27,36.7,32.1,31.8,6.4,17.4,39.6,7,140.1,1788.7199999999998,2055.52,100.60000000000001,0.5654853620955316,36.13999999999999,980.6999999999999,1,0,47.0,False
Maize,33.9,56.5,124.1,56.7,6.89,47.9,32.1,27.7,5.4,22.0,37.4,3,94.7,1915.35,7036.47,107.7,0.787828947368421,43.949999999999996,284.1,0,1,63.5,False
Tomato,26.6,85.8,336.8,90.0,6.88,71.3,43.1,69.0,10.2,13.7,19.1,5,29.9,2282.28,30312.0,183.4,0.6304155614500442,37.92,149.5,1,1,72.5,True
Groundnut,27.7,67.4,192.9,90.0,6.15,32.5,46.3,32.2,7.6,14.8,41.9,1,106.8,1866.98,17361.0,111.0,0.4088050314465409,37.4,106.8,0,1,77.0,False
Soybean,27.1,84.1,111.1,66.8,6.87,43.3,26.7,58.8,5.1,13.7,53.8,5,115.3,2279.11,7421.48,128.8,0.5005780346820808,38.25000000000001,576.5,0,1,64.5,False
Tomato,19.7,57.1,151.2,60.7,5.79,10.0,46.4,46.0,9.4,10.2,12.9,7,106.3,1124.87,9177.84,102.4,0.1070663811563169,27.45,744.1,0,1,53.5,False
Tomato,29.5,40.0,251.9,82.1,7.2,56.8,19.6,53.0,8.0,15.5,31.5,6,49.0,1180.0,20680.989999999998,129.4,0.7717391304347826,36.6,294.0,1,1,51.0,True
Soybean,22.9,72.0,159.7,68.9,6.79,57.2,29.6,31.5,3.5,15.1,44.6,3,191.9,1648.8,11003.33,118.30000000000001,0.9210950080515298,33.12,575.7,1,1,55.00000000000001,True
Maize,30.2,88.5,79.6,55.9,6.9,29.8,32.1,49.5,6.9,7.0,41.2,6,66.1,2672.7,4449.639999999999,111.4,0.3607748184019371,40.449999999999996,396.59999999999997,1,1,54.0,True
Groundnut,21.3,53.5,137.4,44.9,5.2,63.3,24.4,32.8,7.0,9.0,22.8,4,78.7,1139.55,6169.26,120.49999999999999,1.0876288659793816,28.45,314.8,0,1,55.50000000000001,False
Groundnut,27.1,66.0,271.7,90.0,7.0,66.9,38.9,42.8,5.2,4.2,55.3,7,133.9,1788.6000000000001,24453.0,148.60000000000002,0.8089480048367595,34.540000000000006,937.3000000000001,1,1,68.5,True
Groundnut,22.9,52.1,142.4,56.3,6.55,32.9,29.8,49.8,5.6,11.5,47.8,6,99.8,1193.09,8017.12,112.5,0.40818858560794047,30.41,598.8,0,1,60.5,False
Tomato,30.5,71.4,287.3,90.0,6.7,32.8,49.2,5.0,6.3,17.3,33.8,4,79.6,2177.7000000000003,25857.0,87.0,0.5942028985507245,41.1,318.4,0,1,65.0,False
Tomato,34.0,60.5,62.3,45.9,7.6,69.3,37.3,39.1,4.8,6.2,38.8,6,137.1,2057.0,2859.5699999999997,145.7,0.8953488372093023,41.29,822.5999999999999,0,1,58.5,False
Groundnut,25.6,75.1,205.0,71.6,6.25,80.2,34.1,40.8,11.0,13.0,26.8,4,118.0,1922.56,14677.999999999998,155.10000000000002,1.0566534914361,35.71,472.0,0,1,56.99999999999999,False
Tomato,31.7,70.4,161.8,51.3,7.52,83.4,20.1,28.8,6.7,7.4,41.0,1,78.4,2231.6800000000003,8300.34,132.3,1.6713426853707414,40.22,78.4,1,1,55.50000000000001,True
Maize,21.9,88.3,74.1,39.7,5.37,73.4,18.2,64.4,9.4,6.2,69.1,5,106.7,1933.7699999999998,2941.77,156.0,0.8779904306220095,31.969999999999995,533.5,0,1,59.0,False
Rice,36.3,66.7,208.5,75.7,6.36,65.9,26.1,55.6,5.8,16.1,38.1,5,148.9,2421.21,15783.45,147.6,0.7968561064087062,46.19,744.5,1,1,76.0,True
Groundnut,28.2,44.2,61.9,36.1,7.5,61.7,35.6,34.5,7.9,4.6,23.3,7,165.4,1246.44,2234.59,131.8,0.8677918424753869,33.54,1157.8,1,0,50.0,False
Rice,33.0,52.9,92.3,36.0,6.15,42.8,7.3,60.9,8.8,11.9,26.6,7,36.0,1745.7,3322.7999999999997,111.0,0.6184971098265896,40.67,252.0,1,1,53.0,True
Soybean,21.3,53.6,157.2,72.7,6.34,66.5,53.9,51.6,4.1,11.8,33.4,3,140.0,1141.68,11428.44,172.0,0.6244131455399061,29.02,420.0,1,1,56.49999999999999,True
Groundnut,28.1,95.0,86.7,40.8,6.05,52.2,54.0,26.9,3.1,14.3,55.8,7,105.9,2669.5,3537.3599999999997,133.1,0.6373626373626373,40.46,741.3000000000001,0,0,49.5,True
Soybean,28.6,57.4,61.7,39.0,6.02,79.4,27.1,32.3,4.7,14.6,53.0,2,138.8,1641.64,2406.3,138.8,1.3145695364238412,37.260000000000005,277.6,1,1,50.5,True
Cotton,24.0,81.8,64.2,48.9,7.31,51.7,41.0,30.8,6.6,8.3,48.0,1,67.8,1963.1999999999998,3139.38,123.5,0.7101648351648352,33.84,67.8,1,1,59.5,True
Rice,30.9,68.1,131.3,53.8,6.81,59.3,30.1,43.9,6.1,14.1,29.1,1,78.8,2104.2899999999995,7063.9400000000005,133.3,0.7906666666666666,40.53,78.8,1,1,54.50000000000001,True
Rice,24.7,67.1,127.3,76.0,6.19,23.1,34.5,51.3,5.3,7.5,24.4,3,106.7,1657.37,9674.8,108.9,0.26612903225806456,32.91,320.1,0,1,51.5,False
Tomato,29.2,64.3,92.6,54.0,6.75,80.5,52.9,39.0,6.6,8.1,34.7,4,109.5,1877.56,5000.4,172.4,0.8665231431646931,37.24999999999999,438.0,0,1,57.49999999999999,False
Cotton,30.5,69.2,108.0,55.1,6.21,32.8,16.8,56.8,7.2,16.0,48.1,1,50.5,2110.6,5950.8,106.39999999999999,0.43967828418230565,40.620000000000005,50.5,0,1,61.5,False
Tomato,25.0,69.1,77.0,41.6,7.37,48.3,36.4,32.4,9.2,7.8,39.3,3,132.9,1727.4999999999998,3203.2000000000003,117.1,0.6919770773638968,33.47,398.70000000000005,1,1,54.50000000000001,True
Wheat,19.6,77.6,102.9,59.5,6.38,47.3,34.9,61.9,6.2,9.1,44.8,7,130.0,1520.96,6122.55,144.1,0.483640081799591,29.18,910.0,1,1,56.49999999999999,True
Soybean,34.0,70.2,154.4,59.0,6.18,52.3,71.8,58.1,6.9,6.3,67.4,6,77.2,2386.8,9109.6,182.2,0.39954163483575245,42.28,463.20000000000005,0,1,68.0,False
Groundnut,28.3,53.3,34.4,23.2,6.39,48.3,27.0,47.0,4.7,19.0,58.6,3,89.9,1508.3899999999999,798.0799999999999,122.3,0.644,37.43,269.70000000000005,0,0,43.0,True
Rice,26.6,61.8,168.4,74.2,7.14,52.5,69.7,29.7,5.8,21.7,62.9,5,127.0,1643.88,12495.28,151.9,0.5229083665338645,37.120000000000005,635.0,0,1,71.0,False
Groundnut,24.0,79.7,206.9,90.0,6.36,68.0,18.4,86.7,8.5,15.3,48.9,4,20.0,1912.8000000000002,18621.0,173.10000000000002,0.6409048067860509,35.03,80.0,1,1,59.0,True
Maize,22.0,70.3,61.4,51.5,7.07,56.7,48.4,52.3,7.1,22.4,48.5,5,97.7,1546.6,3162.1,157.39999999999998,0.5575221238938054,33.51,488.5,1,1,52.0,True
Groundnut,32.1,66.6,51.0,35.8,7.5,55.1,45.5,60.7,7.1,24.1,58.7,3,102.3,2137.86,1825.8,161.3,0.5139925373134329,43.58,306.9,1,1,59.0,True
Wheat,28.4,75.0,218.3,90.0,6.04,57.2,18.3,9.9,6.6,6.3,42.0,4,98.7,2130.0,19647.0,85.4,1.958904109589041,37.16,394.8,1,1,66.5,True
Wheat,23.2,78.3,149.5,86.4,6.09,26.1,41.7,64.8,7.8,13.4,41.9,3,131.7,1816.56,12916.800000000001,132.60000000000002,0.2427906976744186,33.71,395.09999999999997,0,1,63.0,False
Rice,24.4,73.5,56.9,34.2,6.28,40.7,43.6,46.4,6.1,14.0,43.7,6,64.6,1793.3999999999999,1945.98,130.70000000000002,0.4472527472527473,34.55,387.59999999999997,1,0,39.5,False
Tomato,28.6,95.0,162.6,74.1,6.38,64.7,23.5,26.4,8.4,10.4,59.3,4,67.0,2717.0,12048.659999999998,114.6,1.2711198428290766,40.18,268.0,1,1,75.0,True
Groundnut,25.2,84.7,232.6,89.5,7.28,73.6,37.4,33.4,6.4,3.9,43.8,2,58.0,2134.44,20817.7,144.4,1.0250696378830084,34.45,116.0,1,1,74.0,True
Cotton,17.6,72.4,329.1,90.0,6.92,40.6,9.4,42.8,5.2,10.2,15.8,5,116.3,1274.2400000000002,29619.000000000004,92.8,0.7631578947368421,26.880000000000003,581.5,1,1,66.0,True
Tomato,27.2,75.4,30.3,42.5,5.98,48.3,66.3,48.6,4.7,10.7,58.4,5,137.8,2050.88,1287.75,163.2,0.41673856773080237,36.88,689.0,1,1,59.0,True
Tomato,29.1,61.9,140.7,56.2,6.03,80.3,57.3,30.1,8.1,4.0,38.3,5,82.0,1801.29,7907.34,167.7,0.9083710407239818,36.089999999999996,410.0,1,1,60.0,True
Cotton,30.1,68.6,153.8,53.1,6.39,55.6,33.7,44.9,7.7,8.9,58.7,6,50.5,2064.86,8166.780000000001,134.20000000000002,0.6984924623115578,38.74,303.0,0,1,67.5,False
Wheat,33.8,71.0,117.5,72.6,6.65,10.0,34.7,61.6,5.6,8.8,52.2,4,49.5,2399.7999999999997,8530.5,106.30000000000001,0.1027749229188078,42.66,198.0,1,1,67.0,True
Tomato,28.6,80.5,169.9,58.7,5.96,72.1,40.6,53.8,7.5,11.1,30.7,2,62.8,2302.3,9973.130000000001,166.5,0.7557651991614255,38.870000000000005,125.6,1,1,65.0,True
Rice,32.8,68.2,61.2,35.6,5.8,43.5,20.4,53.5,7.3,5.9,26.9,3,101.3,2236.96,2178.7200000000003,117.4,0.5807743658210948,40.8,303.9,0,0,33.5,True
Cotton,32.8,43.4,179.1,59.4,7.21,53.9,39.8,21.8,7.2,10.3,43.7,2,69.0,1423.5199999999998,10638.539999999999,115.49999999999999,0.8610223642172524,39.2,138.0,1,1,56.49999999999999,True
Soybean,28.4,78.3,64.0,41.3,6.26,64.7,50.9,48.2,6.8,1.9,46.3,4,93.9,2223.72,2643.2,163.8,0.6463536463536464,36.61,375.6,0,0,50.0,True
Wheat,29.0,56.5,37.1,45.8,5.92,54.3,10.7,58.6,8.3,17.8,34.1,3,48.0,1638.5,1699.18,123.6,0.7724039829302987,38.21,144.0,1,0,45.5,False
Rice,23.6,93.0,111.3,73.4,7.47,79.7,50.2,40.0,6.0,12.2,35.0,1,74.5,2194.8,8169.42,169.9,0.8739035087719298,35.34,74.5,0,1,56.00000000000001,False
Tomato,28.1,89.3,305.9,90.0,5.91,84.5,27.9,42.9,6.7,12.4,18.4,3,124.3,2509.33,27530.999999999996,155.3,1.1768802228412256,39.51,372.9,1,1,65.0,True
Tomato,30.8,94.3,140.2,65.9,6.37,57.0,36.1,35.1,8.2,14.8,47.6,5,142.9,2904.44,9239.18,128.2,0.7894736842105263,43.190000000000005,714.5,1,1,68.0,True
Soybean,29.5,51.2,187.3,68.5,6.92,83.6,39.8,45.9,6.1,7.4,57.4,1,105.7,1510.4,12830.050000000001,169.29999999999998,0.964244521337947,36.099999999999994,105.7,1,1,68.0,True
Groundnut,25.3,79.4,46.7,44.3,6.65,64.4,32.5,41.6,10.6,7.1,25.3,2,86.9,2008.8200000000002,2068.81,138.5,0.8575233022636486,34.660000000000004,173.8,0,1,53.0,False
Groundnut,26.7,61.3,171.8,88.7,6.77,17.6,38.7,50.5,6.4,10.1,22.5,3,57.4,1636.7099999999998,15238.660000000002,106.80000000000001,0.1951219512195122,34.85,172.2,1,1,62.5,True
Rice,24.0,86.7,108.3,54.6,5.87,76.8,22.1,43.3,6.1,12.6,36.6,7,50.2,2080.8,5913.18,142.2,1.1566265060240963,35.190000000000005,351.40000000000003,0,0,50.0,True
Rice,24.4,54.9,172.6,65.3,5.73,78.8,51.9,51.2,5.0,18.5,29.9,2,123.5,1339.56,11270.779999999999,181.89999999999998,0.7569644572526417,33.59,247.0,1,1,55.00000000000001,True
Wheat,23.7,76.5,63.9,54.0,6.5,95.5,31.3,40.1,7.5,8.1,28.0,4,48.5,1813.05,3450.6,166.9,1.319060773480663,32.97,194.0,0,0,49.5,True
Tomato,19.7,75.2,203.8,85.7,6.4,108.2,46.6,31.6,5.9,3.7,41.8,3,61.2,1481.44,17465.66,186.4,1.3661616161616161,27.959999999999997,183.60000000000002,1,1,62.5,True
Rice,22.0,77.9,264.5,90.0,6.53,25.4,21.7,19.6,6.9,12.1,44.9,6,64.5,1713.8000000000002,23805.0,66.69999999999999,0.6004728132387707,32.21,387.0,0,0,45.5,True
Rice,24.4,82.9,20.1,27.7,5.61,58.1,48.1,32.6,6.6,11.3,38.0,2,133.4,2022.76,556.77,138.8,0.7111383108935129,34.949999999999996,266.8,0,0,48.5,True
Wheat,31.0,45.4,123.0,44.2,6.06,55.8,15.4,43.9,8.4,8.2,18.6,2,155.6,1407.3999999999999,5436.6,115.1,0.9253731343283582,37.18,311.2,0,1,54.50000000000001,False
Cotton,27.3,77.5,134.3,52.2,6.42,31.8,57.3,75.2,7.2,7.4,68.9,5,70.7,2115.75,7010.460000000001,164.3,0.23820224719101124,36.529999999999994,353.5,0,1,60.0,False
Maize,20.1,79.0,194.2,74.5,6.24,43.7,59.4,69.3,6.4,10.8,40.8,7,56.2,1587.9,14467.9,172.39999999999998,0.33693138010794144,30.16,393.40000000000003,0,1,62.5,False
Soybean,38.4,68.9,41.1,19.9,5.87,89.9,19.6,36.0,8.6,18.1,46.5,3,103.2,2645.76,817.89,145.5,1.588339222614841,48.91,309.6,0,1,51.5,False
Wheat,27.5,79.6,291.7,90.0,6.11,52.1,61.1,47.3,7.5,10.9,37.5,1,108.5,2189.0,26253.0,160.5,0.47623400365630714,37.64,108.5,1,1,80.5,True
Cotton,22.3,84.5,39.6,38.4,7.96,48.3,24.5,66.6,11.0,5.1,53.7,3,57.5,1884.3500000000001,1520.64,139.39999999999998,0.5244299674267101,31.77,172.5,1,1,55.00000000000001,True
Maize,22.3,55.4,98.2,25.1,6.05,50.4,50.3,74.6,5.4,6.4,37.3,4,26.1,1235.42,2464.82,175.29999999999998,0.40031771247021447,29.12,104.4,0,0,47.0,True
Cotton,23.0,59.8,153.5,63.2,5.89,75.9,38.2,40.4,7.3,14.3,45.8,5,73.8,1375.3999999999999,9701.2,154.5,0.9535175879396987,31.84,369.0,1,1,65.5,True
Rice,22.9,49.9,86.9,35.6,7.97,60.8,46.3,70.7,7.4,10.2,42.4,2,96.4,1142.7099999999998,3093.6400000000003,177.8,0.5152542372881356,29.93,192.8,1,0,43.5,False
Rice,28.4,73.7,162.8,76.5,6.5,53.3,43.7,5.0,7.4,7.2,44.7,4,119.5,2093.08,12454.2,102.0,1.072434607645875,37.209999999999994,478.0,0,1,62.5,False
Tomato,27.8,56.5,199.7,73.6,6.12,36.8,27.3,55.0,7.7,2.6,61.5,7,138.8,1570.7,14697.919999999998,119.1,0.4417767106842737,33.970000000000006,971.6000000000001,1,1,70.5,True
Maize,27.0,70.9,167.1,78.9,6.82,42.2,34.4,63.6,8.9,14.3,41.9,6,155.5,1914.3000000000002,13184.19,140.2,0.4262626262626263,36.95,933.0,1,1,64.5,True
Rice,30.3,69.5,120.2,58.0,5.34,58.3,51.8,65.6,5.0,15.1,44.5,3,108.7,2105.85,6971.6,175.7,0.4923986486486487,40.27,326.1,0,1,65.0,False
Maize,28.3,63.0,132.2,70.3,7.4,93.2,47.3,50.4,8.9,12.9,24.1,7,49.9,1782.9,9293.659999999998,190.9,0.944275582573455,37.18,349.3,1,1,62.5,True
Cotton,28.8,85.0,81.0,51.9,6.8,48.2,21.8,30.6,6.7,10.6,28.9,5,108.6,2448.0,4203.9,100.6,0.9026217228464419,39.419999999999995,543.0,1,0,48.5,False
Cotton,25.0,82.3,162.2,70.1,6.59,74.0,29.9,42.8,7.3,16.6,27.3,4,91.7,2057.5,11370.219999999998,146.7,1.0040705563093624,36.550000000000004,366.8,0,1,57.99999999999999,False
Wheat,24.2,47.9,108.9,52.6,7.83,17.4,17.8,33.0,6.4,8.6,24.3,4,97.8,1159.1799999999998,5728.14,68.2,0.3359073359073359,30.709999999999997,391.2,1,0,39.5,False
Maize,28.1,63.7,194.4,62.6,7.05,51.5,25.1,59.9,5.6,11.9,32.3,4,102.2,1789.9700000000003,12169.44,136.5,0.5988372093023255,36.85,408.8,1,1,61.0,True
Soybean,31.9,53.4,168.4,67.2,6.63,68.0,22.0,24.7,7.7,16.4,22.9,3,118.8,1703.4599999999998,11316.480000000001,114.7,1.4255765199161425,40.519999999999996,356.4,1,0,46.5,False
Cotton,28.3,95.0,161.7,57.9,6.7,41.6,49.8,41.8,8.4,14.2,66.1,4,88.4,2688.5,9362.429999999998,133.2,0.449244060475162,40.64,353.6,1,1,69.5,True
Tomato,22.3,48.3,179.0,64.2,7.01,41.9,32.7,56.8,5.3,12.4,50.8,7,139.7,1077.09,11491.800000000001,131.39999999999998,0.4629834254143646,29.610000000000003,977.8999999999999,1,1,55.50000000000001,True
Tomato,22.3,74.9,102.9,55.5,6.48,26.0,23.6,67.8,6.6,15.0,25.8,4,126.2,1670.2700000000002,5710.950000000001,117.4,0.28138528138528135,32.79,504.8,1,0,45.5,False
Rice,39.3,70.2,74.2,62.7,5.72,74.3,42.1,28.9,7.3,5.5,57.9,5,81.3,2758.86,4652.34,145.3,1.0319444444444443,47.42,406.5,1,1,62.0,True
Wheat,28.1,70.1,67.4,47.1,6.43,72.4,34.2,43.0,7.9,11.7,38.4,4,81.7,1969.81,3174.5400000000004,149.60000000000002,0.9258312020460359,37.45,326.8,0,0,49.0,True
Groundnut,27.8,57.1,246.0,84.3,5.98,83.0,54.9,59.2,5.4,17.3,41.4,6,123.0,1587.38,20737.8,197.10000000000002,0.7211120764552563,36.97,738.0,1,1,56.49999999999999,True
Wheat,25.9,65.9,142.9,78.8,6.03,80.9,15.6,26.1,7.7,15.3,35.9,6,150.6,1706.81,11260.52,122.6,1.8946135831381734,35.550000000000004,903.5999999999999,0,1,57.99999999999999,False
Maize,29.5,66.3,125.0,60.6,7.22,34.6,22.2,65.4,6.2,5.6,51.8,4,117.2,1955.85,7575.0,122.2,0.39051918735891644,37.25,468.8,1,1,58.5,True
Rice,30.1,89.1,75.3,46.8,5.27,30.1,16.7,56.9,4.1,11.9,43.3,5,156.0,2681.91,3524.0399999999995,103.69999999999999,0.40348525469168905,41.39000000000001,780.0,0,0,47.0,True
Wheat,22.7,55.3,259.8,90.0,5.0,21.1,26.1,40.5,8.3,11.5,50.9,5,32.1,1255.31,23382.0,87.7,0.31213017751479294,30.529999999999998,160.5,1,1,64.0,True
Soybean,15.0,84.7,124.8,79.1,5.53,61.6,28.7,34.6,5.5,13.1,53.2,3,20.0,1270.5,9871.679999999998,124.9,0.9580093312597201,26.09,60.0,0,1,59.0,False
Wheat,30.3,72.6,36.1,16.5,6.38,49.0,31.2,46.1,7.0,24.4,64.9,1,139.0,2199.7799999999997,595.65,126.30000000000001,0.6257982120051085,42.440000000000005,139.0,1,1,59.0,True
Rice,24.0,72.5,129.7,65.5,6.11,42.7,10.9,51.7,9.5,26.0,32.4,7,25.4,1740.0,8495.349999999999,105.30000000000001,0.6713836477987422,36.45,177.79999999999998,0,1,56.00000000000001,False
Groundnut,22.9,81.9,107.3,60.7,7.17,65.4,40.5,52.6,9.9,5.9,57.6,6,140.9,1875.51,6513.110000000001,158.5,0.6950053134962807,32.27,845.4000000000001,1,0,50.0,False
Wheat,27.9,77.7,178.6,60.1,6.6,63.4,39.7,20.2,5.9,10.6,36.5,2,101.4,2167.83,10733.86,123.3,1.0410509031198685,37.79,202.8,0,1,73.0,False
Maize,30.3,65.3,350.0,90.0,7.44,67.5,33.5,73.9,6.8,9.5,34.1,7,122.7,1978.59,31500.0,174.9,0.6226937269372693,38.73,858.9,0,1,74.0,False
Rice,20.3,45.5,175.0,59.5,5.75,84.8,47.5,5.0,6.2,10.3,12.3,5,120.0,923.65,10412.5,137.3,1.5850467289719625,26.91,600.0,0,0,48.5,True
Soybean,26.0,51.2,206.0,77.0,7.23,30.8,28.0,57.2,7.2,11.7,12.7,6,53.3,1331.2,15862.0,116.0,0.35730858468677495,33.46,319.79999999999995,0,1,51.5,False
Tomato,34.1,65.0,245.7,88.8,6.24,28.4,46.5,56.4,6.6,15.1,42.9,4,66.1,2216.5,21818.16,131.3,0.273339749759384,43.620000000000005,264.4,1,1,81.5,True
Tomato,27.2,33.4,316.7,90.0,6.67,51.6,18.1,31.4,4.4,11.4,24.5,2,62.3,908.4799999999999,28503.0,101.1,1.0217821782178218,32.82,124.6,1,1,63.0,True
Soybean,28.2,60.2,79.5,46.9,7.35,62.8,44.6,11.9,7.7,17.0,46.4,4,65.5,1697.64,3728.5499999999997,119.30000000000001,1.0921739130434782,37.62,262.0,1,1,53.5,True
Wheat,21.6,52.8,121.7,62.5,5.74,103.1,60.0,55.1,3.1,8.7,38.4,7,63.7,1140.48,7606.25,218.2,0.8880275624461671,28.62,445.90000000000003,0,1,62.0,False
Rice,24.9,82.2,110.4,65.3,6.79,68.1,33.7,67.1,8.4,6.9,27.3,6,70.9,2046.78,7209.12,168.89999999999998,0.6689587426326129,34.5,425.40000000000003,0,1,56.49999999999999,False
Wheat,33.2,66.1,63.6,27.8,6.76,49.9,32.2,57.6,7.3,15.4,26.3,4,44.3,2194.52,1768.0800000000002,139.7,0.5495594713656387,42.89,177.2,1,0,48.5,False
Maize,18.4,74.5,133.9,55.2,5.75,32.4,10.5,21.3,3.0,5.6,38.6,5,106.4,1370.8,7391.280000000001,64.2,0.9878048780487805,26.97,532.0,0,1,53.0,False
Wheat,25.9,86.5,145.8,60.7,5.93,44.4,42.2,10.3,8.0,14.8,67.0,2,182.1,2240.35,8850.060000000001,96.89999999999999,0.8299065420560747,37.51,364.2,1,1,66.5,True
Groundnut,22.6,65.2,206.0,82.9,6.94,68.9,35.4,15.2,6.9,15.8,50.3,2,101.5,1473.5200000000002,17077.4,119.50000000000001,1.3352713178294575,32.28,203.0,1,1,63.5,True
Wheat,24.3,60.8,172.5,85.6,5.57,38.5,52.9,56.9,7.3,8.1,41.4,7,99.4,1477.44,14765.999999999998,148.3,0.34747292418772563,32.0,695.8000000000001,1,1,60.5,True
Groundnut,26.7,42.6,166.9,47.4,6.56,83.2,34.0,70.7,8.7,7.5,40.6,3,116.7,1137.42,7911.06,187.9,0.7871333964049196,32.46,350.1,0,1,52.0,False
Wheat,27.0,85.2,98.1,51.8,5.99,51.4,46.9,49.2,6.1,12.4,52.5,3,72.3,2300.4,5081.579999999999,147.5,0.529351184346035,37.99999999999999,216.89999999999998,1,1,66.5,True
Tomato,25.6,95.0,105.5,66.4,6.11,74.9,33.2,54.3,8.1,11.8,48.4,5,51.3,2432.0,7005.200000000001,162.4,0.8463276836158192,37.46,256.5,1,1,68.5,True
Maize,25.2,62.5,143.9,60.3,5.63,49.5,33.1,86.8,8.6,19.7,55.3,3,98.6,1575.0,8677.17,169.39999999999998,0.4094292803970223,35.39,295.79999999999995,0,1,56.00000000000001,False
Tomato,27.0,83.2,144.3,75.6,6.16,56.9,33.6,76.4,6.8,12.1,44.0,1,94.3,2246.4,10909.08,166.9,0.5126126126126126,37.74,94.3,0,1,63.5,False
Rice,27.1,69.2,168.4,64.8,8.0,45.6,52.1,45.9,8.4,17.3,50.2,2,45.1,1875.3200000000002,10912.32,143.6,0.46060606060606063,37.480000000000004,90.2,1,1,52.5,True
Rice,23.0,74.1,32.4,52.3,6.19,34.9,47.0,49.8,7.4,14.6,29.9,6,83.0,1704.3,1694.5199999999998,131.7,0.35685071574642124,33.33,498.0,0,0,36.5,True
Wheat,26.2,75.5,38.8,22.4,6.53,73.4,35.9,28.1,8.4,7.9,61.7,6,91.2,1978.1,869.1199999999999,137.4,1.1292307692307693,35.33,547.2,0,0,49.0,True
Cotton,29.0,51.0,254.1,77.8,8.0,35.1,13.5,44.8,6.2,20.8,27.4,1,125.9,1479.0,19768.98,93.4,0.5919055649241147,38.260000000000005,125.9,0,1,58.5,False
Wheat,24.6,58.9,350.0,90.0,6.86,15.7,45.4,54.3,8.6,1.0,40.1,4,101.7,1448.94,31500.0,115.39999999999999,0.15590863952333667,30.69,406.8,0,1,62.0,False
Tomato,19.9,48.5,111.7,33.8,6.53,39.9,27.9,43.2,6.0,25.6,27.9,4,118.2,965.15,3775.4599999999996,111.0,0.5533980582524272,29.87,472.8,0,0,50.0,True
Groundnut,31.5,69.0,91.6,63.8,6.04,58.7,35.9,48.3,4.9,12.2,41.4,6,84.1,2173.5,5844.079999999999,142.89999999999998,0.6889671361502349,40.839999999999996,504.59999999999997,1,1,65.5,True
Wheat,15.5,87.3,212.5,90.0,5.48,35.8,57.1,53.4,6.4,6.1,29.1,4,94.8,1353.1499999999999,19125.0,146.3,0.3210762331838565,25.45,379.2,1,1,60.5,True
Soybean,32.8,70.5,66.4,47.8,6.81,116.2,23.3,33.2,6.8,10.8,42.8,1,108.3,2312.3999999999996,3173.92,172.7,2.0208695652173914,42.00999999999999,108.3,1,1,55.00000000000001,True
Wheat,30.4,89.2,342.3,90.0,7.27,65.3,54.0,5.0,7.5,16.6,34.6,3,83.8,2711.68,30807.0,124.3,1.0883333333333334,42.64,251.39999999999998,1,1,63.5,True
Wheat,19.9,64.3,115.9,68.3,5.89,48.7,51.0,77.5,5.8,8.6,36.5,6,92.3,1279.57,7915.97,177.2,0.3760617760617761,28.049999999999997,553.8,1,1,64.5,True
Soybean,26.7,95.0,182.8,80.6,6.56,61.5,46.7,98.3,5.8,15.6,60.9,4,125.1,2536.5,14733.68,206.5,0.4212328767123288,39.32,500.4,1,1,62.0,True
Wheat,31.4,70.0,121.8,65.5,6.53,56.2,53.1,73.2,8.9,7.3,56.3,4,136.3,2198.0,7977.9,182.5,0.44147682639434405,39.86,545.2,0,1,61.0,False
Rice,21.9,45.3,88.1,37.8,6.26,94.0,34.6,82.3,3.8,6.7,19.3,6,48.3,992.0699999999998,3330.1799999999994,210.89999999999998,0.7972858354537743,27.77,289.79999999999995,1,1,51.5,True
Cotton,31.8,59.7,109.2,57.8,7.09,27.4,35.2,37.9,5.5,12.2,43.9,2,92.3,1898.46,6311.76,100.5,0.3697705802968961,40.21,184.6,0,0,45.0,True
Rice,27.8,83.6,350.0,90.0,6.86,86.6,18.5,47.2,8.2,9.1,44.3,3,115.6,2324.08,31500.0,152.3,1.298350824587706,37.98,346.79999999999995,1,1,78.5,True
Soybean,27.9,30.6,166.7,41.9,6.37,52.2,35.6,46.4,6.4,14.8,26.4,4,90.8,853.74,6984.73,134.20000000000002,0.6289156626506024,33.919999999999995,363.2,1,0,46.5,False
Rice,20.7,50.4,58.2,40.6,7.82,59.2,34.0,30.8,4.5,27.1,14.1,7,117.5,1043.28,2362.92,124.0,0.899696048632219,31.159999999999997,822.5,0,0,43.0,True
Groundnut,28.5,77.9,114.4,65.8,7.05,61.9,28.2,30.4,7.1,9.3,53.2,4,111.5,2220.15,7527.52,120.5,1.0385906040268458,38.15,446.0,1,1,64.5,True
Soybean,27.8,37.0,185.4,49.2,6.29,44.0,24.7,56.2,6.8,14.1,17.8,5,108.9,1028.6000000000001,9121.68,124.9,0.5372405372405372,34.32,544.5,1,0,46.0,False
Groundnut,29.8,94.6,66.4,61.1,6.87,88.2,46.1,36.2,6.9,11.0,60.5,3,88.6,2819.08,4057.0400000000004,170.5,1.0588235294117645,41.46,265.79999999999995,1,1,61.5,True
Wheat,26.9,66.4,131.0,70.0,6.18,21.2,36.6,38.8,8.1,12.7,33.6,1,134.2,1786.16,9170.0,96.6,0.27748691099476436,36.08,134.2,1,1,70.0,True
Rice,22.3,62.9,197.8,77.3,6.93,15.2,36.0,74.3,7.2,23.8,45.0,3,113.4,1402.67,15289.94,125.5,0.13656783468104222,33.35,340.20000000000005,1,1,59.0,True
Rice,28.3,78.0,119.6,72.6,6.38,59.0,51.3,36.1,7.1,11.2,23.6,4,94.4,2207.4,8682.96,146.4,0.667420814479638,38.34,377.6,1,1,56.49999999999999,True
Maize,30.5,66.6,160.5,74.6,5.94,62.3,28.9,28.9,8.7,12.0,44.9,2,96.7,2031.2999999999997,11973.3,120.1,1.0595238095238095,39.559999999999995,193.4,0,1,65.5,False
Maize,25.4,63.2,54.7,17.9,6.33,56.1,40.7,59.1,8.7,12.9,36.1,6,84.1,1605.28,979.13,155.9,0.556547619047619,34.3,504.59999999999997,0,0,45.0,True
Maize,19.2,54.2,88.8,45.3,5.25,62.9,5.0,60.3,6.6,10.8,44.0,5,71.1,1040.64,4022.6399999999994,128.2,0.9487179487179488,26.779999999999998,355.5,0,1,60.0,False
Rice,25.2,52.1,231.2,85.3,7.36,29.9,5.0,30.3,10.1,9.5,55.1,2,105.7,1312.92,19721.359999999997,65.2,0.8236914600550964,32.31,211.4,0,1,61.0,False
Groundnut,19.3,65.1,235.9,90.0,6.32,78.1,39.7,33.7,4.1,19.4,42.5,6,154.9,1256.4299999999998,21231.0,151.5,1.0497311827956988,29.69,929.4000000000001,1,1,61.5,True
Rice,40.0,31.2,127.8,42.7,7.53,59.4,36.4,42.2,6.4,4.9,23.0,4,141.2,1248.0,5457.06,138.0,0.7462311557788945,44.099999999999994,564.8,1,1,54.50000000000001,True
Maize,21.7,89.6,158.7,77.4,6.76,47.2,16.5,50.2,8.5,10.6,49.6,4,21.0,1944.3199999999997,12283.38,113.9,0.6971935007385525,32.779999999999994,84.0,1,1,66.5,True
Rice,22.8,50.6,265.6,90.0,7.15,57.1,45.4,46.8,5.9,19.4,38.1,4,20.0,1153.68,23904.000000000004,149.3,0.6126609442060087,31.74,80.0,1,0,44.0,False
Wheat,27.9,48.4,264.4,79.6,7.78,82.2,38.2,61.4,5.9,12.3,28.3,2,103.1,1350.36,21046.239999999998,181.8,0.8170974155069584,35.199999999999996,206.2,1,1,51.0,True
Wheat,25.7,33.9,144.2,38.6,7.04,103.6,45.5,68.8,10.8,9.5,26.3,5,56.8,871.2299999999999,5566.12,217.89999999999998,0.8985255854293148,30.99,284.0,1,0,43.0,False
Maize,25.9,52.5,147.5,33.8,5.96,43.9,37.1,67.6,5.5,11.5,41.9,1,144.7,1359.75,4985.5,148.6,0.4153263954588458,33.449999999999996,144.7,1,1,58.5,True
Rice,31.1,83.2,108.0,49.6,7.26,68.3,40.0,62.9,6.3,21.3,33.2,1,35.3,2587.52,5356.8,171.2,0.6573628488931664,43.68,35.3,0,1,64.5,False
Rice,24.3,51.5,222.7,75.7,6.42,21.0,34.5,44.8,7.0,21.9,29.5,5,165.9,1251.45,16858.39,100.3,0.261519302615193,33.830000000000005,829.5,0,1,56.49999999999999,False
Rice,29.8,75.6,220.3,86.2,7.26,73.7,40.9,76.6,6.2,7.6,39.3,5,74.5,2252.88,18989.86,191.2,0.6219409282700422,38.88,372.5,1,1,55.00000000000001,True
Maize,25.6,72.2,113.5,52.1,6.63,60.8,55.1,34.4,9.7,13.7,63.8,7,62.1,1848.3200000000002,5913.35,150.3,0.6718232044198895,35.56,434.7,1,1,52.0,True
Rice,26.7,54.5,32.6,25.8,6.35,60.2,42.3,38.8,6.0,12.0,42.4,3,149.0,1455.1499999999999,841.08,141.3,0.7332521315468942,34.55,447.0,0,0,49.5,True
Groundnut,24.8,82.6,50.3,49.9,7.26,75.0,30.7,46.5,7.9,7.8,41.4,7,120.8,2048.48,2509.97,152.2,0.959079283887468,34.620000000000005,845.6,1,0,45.5,False
Wheat,26.8,87.2,107.1,69.8,7.11,71.0,42.8,51.5,7.0,8.3,50.9,6,83.4,2336.96,7475.579999999999,165.3,0.74501573976915,37.18000000000001,500.40000000000003,1,1,64.5,True
Soybean,34.9,52.5,95.6,39.8,6.63,34.8,31.7,30.6,7.7,13.9,36.1,2,76.9,1832.25,3804.8799999999997,97.1,0.5497630331753555,42.93,153.8,1,1,63.0,True
Cotton,30.8,75.5,148.8,47.4,6.13,80.8,41.0,56.3,6.1,12.1,31.9,7,80.0,2325.4,7053.12,178.1,0.8219735503560529,40.77,560.0,1,1,58.5,True
Maize,25.2,52.8,284.1,74.6,6.27,34.0,46.5,57.8,7.9,12.1,23.8,6,56.5,1330.56,21193.86,138.3,0.32288698955365625,32.9,339.0,0,1,58.5,False
Cotton,36.4,86.7,99.9,60.5,6.18,66.3,36.4,24.6,7.4,18.7,75.1,6,109.6,3155.88,6043.950000000001,127.29999999999998,1.0693548387096774,48.81,657.5999999999999,1,1,66.5,True
Groundnut,18.7,71.8,269.1,90.0,7.24,22.4,40.6,75.0,8.4,3.1,34.2,6,87.4,1342.6599999999999,24219.000000000004,138.0,0.19210977701543738,26.5,524.4000000000001,0,1,64.5,False
Soybean,26.6,73.6,86.3,28.8,6.18,58.1,53.3,74.6,7.2,13.0,46.7,6,136.1,1957.76,2485.44,186.0,0.45073700543056644,36.56,816.5999999999999,1,1,52.5,True
Soybean,27.0,41.9,337.1,90.0,5.9,41.6,37.9,52.2,6.1,10.8,38.4,6,23.8,1131.3,30339.000000000004,131.7,0.4566410537870472,33.349999999999994,142.8,1,1,62.0,True
Maize,35.8,63.3,48.6,46.3,7.15,90.4,33.7,25.9,5.9,8.5,35.8,3,134.1,2266.14,2250.18,150.0,1.4917491749174918,43.83,402.29999999999995,1,1,51.5,True
Rice,25.5,82.6,94.9,53.0,5.62,69.2,29.6,72.7,4.9,15.6,58.0,2,193.6,2106.2999999999997,5029.700000000001,171.5,0.669893514036786,36.879999999999995,387.2,1,1,58.5,True
Rice,30.9,67.0,210.5,90.0,6.83,61.2,20.1,42.0,7.4,16.2,41.1,3,130.8,2070.2999999999997,18945.0,123.30000000000001,0.9698890649762283,40.84,392.40000000000003,0,1,64.5,False
Wheat,32.5,86.4,241.7,84.7,7.79,10.0,32.2,54.7,7.8,14.3,37.5,7,148.2,2808.0,20471.989999999998,96.9,0.11376564277588168,44.0,1037.3999999999999,1,1,66.0,True
Cotton,29.7,60.6,153.9,70.5,6.95,64.0,49.5,66.8,5.0,15.5,44.5,6,157.9,1799.82,10849.95,180.3,0.545609548167093,38.86,947.4000000000001,0,1,52.0,False
Rice,35.5,64.6,288.4,90.0,6.97,33.0,48.4,81.1,6.7,3.3,49.5,4,135.9,2293.2999999999997,25955.999999999996,162.5,0.25287356321839083,42.62,543.6,1,1,71.0,True
Wheat,25.2,81.1,244.0,90.0,5.97,31.6,22.0,69.8,6.7,17.8,60.3,7,99.8,2043.7199999999998,21960.0,123.4,0.3405172413793104,36.870000000000005,698.6,0,1,70.5,False
Tomato,24.4,95.0,31.4,36.5,6.07,67.4,56.0,33.4,7.2,4.5,76.7,2,20.0,2318.0,1146.1,156.8,0.745575221238938,34.8,40.0,1,1,52.0,True
Soybean,26.7,79.5,48.0,50.1,5.66,55.7,52.3,56.7,7.0,6.7,43.1,2,51.3,2122.65,2404.8,164.7,0.5063636363636363,35.99,102.6,0,1,51.5,False
Maize,30.2,48.4,115.6,42.7,6.54,18.6,25.7,17.7,8.6,5.6,40.9,5,128.4,1461.6799999999998,4936.12,62.0,0.41891891891891897,36.16,642.0,0,1,56.49999999999999,False
Rice,35.2,80.8,39.6,53.1,5.94,48.4,37.3,77.2,9.9,1.0,59.7,4,70.1,2844.1600000000003,2102.76,162.89999999999998,0.41904761904761906,43.480000000000004,280.4,1,1,68.0,True
Wheat,30.8,85.0,191.2,78.8,5.43,74.9,11.1,27.1,6.8,17.3,53.4,2,96.5,2618.0,15066.559999999998,113.1,1.9107142857142858,42.76,193.0,0,1,74.5,False
Cotton,18.2,62.8,166.7,67.6,7.11,44.4,26.9,43.4,7.6,8.4,22.4,4,88.2,1142.9599999999998,11268.919999999998,114.69999999999999,0.6227208976157083,26.159999999999997,352.8,1,1,61.5,True
Cotton,25.5,61.0,80.7,43.1,6.84,70.6,45.6,30.7,5.9,10.6,24.5,7,75.8,1555.5,3478.17,146.89999999999998,0.9133247089262613,33.72,530.6,0,0,49.0,True
Rice,17.6,56.6,235.7,90.0,6.38,19.2,5.0,30.7,5.1,19.5,34.0,7,42.8,996.1600000000001,21213.0,54.9,0.5231607629427792,27.16,299.59999999999997,1,0,45.5,False
Groundnut,27.6,72.7,88.1,46.6,5.0,52.5,62.1,54.8,9.9,1.1,73.6,5,101.9,2006.5200000000002,4105.46,169.39999999999998,0.44529262086513993,35.09,509.5,1,1,54.50000000000001,True
Wheat,25.0,60.6,136.0,66.6,6.38,49.6,27.6,14.2,4.9,13.8,31.8,7,91.4,1515.0,9057.599999999999,91.4,1.1588785046728973,33.82,639.8000000000001,1,0,48.5,False
Maize,24.3,64.8,136.8,55.4,6.68,75.8,49.8,32.8,8.1,18.6,33.0,7,79.3,1574.6399999999999,7578.72,158.39999999999998,0.9066985645933014,34.5,555.1,1,1,53.5,True
Wheat,26.7,63.6,47.2,29.9,6.91,50.3,10.6,22.3,8.0,6.9,30.4,5,129.7,1698.12,1411.28,83.2,1.4837758112094395,34.440000000000005,648.5,0,0,49.0,True
Wheat,25.3,69.2,335.1,90.0,6.78,78.3,23.4,48.0,6.7,8.3,37.1,4,143.3,1750.7600000000002,30159.000000000004,149.7,1.0814917127071821,33.879999999999995,573.2,1,1,74.5,True
Tomato,24.9,42.9,132.2,60.6,5.75,81.2,35.7,52.8,3.6,15.2,29.3,5,92.1,1068.2099999999998,8011.32,169.7,0.9072625698324023,32.23,460.5,1,0,49.0,False
Tomato,20.3,65.3,253.3,90.0,6.34,71.7,17.1,5.0,6.8,2.9,31.6,1,106.8,1325.59,22797.0,93.80000000000001,3.103896103896104,27.409999999999997,106.8,1,1,63.0,True
Cotton,29.4,72.2,105.7,72.9,5.85,63.7,30.5,11.8,5.0,15.9,66.9,2,109.3,2122.68,7705.530000000001,106.0,1.471131639722864,39.8,218.6,0,1,62.5,False
Rice,30.8,82.5,183.9,87.8,6.14,52.7,50.9,50.5,9.2,6.2,51.0,1,107.1,2541.0,16146.42,154.1,0.5146484375,40.29,107.1,1,1,71.5,True
Groundnut,15.0,61.7,118.4,42.7,6.4,64.9,38.1,59.9,6.8,7.4,29.6,7,42.8,925.5,5055.68,162.9,0.6555555555555556,22.650000000000002,299.59999999999997,0,0,46.5,True
Tomato,28.8,82.8,162.8,69.2,6.15,77.6,31.4,37.9,8.3,6.0,46.4,3,139.0,2384.64,11265.760000000002,146.9,1.1038406827880511,38.28,417.0,1,1,62.0,True
Rice,25.3,80.5,177.0,83.6,6.88,44.6,28.8,39.8,7.4,14.4,41.7,7,78.2,2036.65,14797.199999999999,113.2,0.6408045977011495,36.230000000000004,547.4,0,1,68.5,False
Tomato,18.5,76.6,156.1,87.6,7.36,61.2,46.8,22.8,6.1,13.9,36.1,4,84.8,1417.1,13674.359999999999,130.8,0.8668555240793202,28.94,339.2,1,1,52.0,True
Wheat,24.3,77.1,97.1,62.8,6.34,41.9,39.0,49.9,8.2,15.1,46.2,4,151.4,1873.53,6097.879999999999,130.8,0.46607341490545046,35.03,605.6,0,1,65.5,False
Soybean,33.0,50.7,87.3,61.2,6.04,72.9,32.3,77.2,4.3,12.4,41.0,1,78.1,1673.1000000000001,5342.76,182.4,0.6597285067873304,40.55,78.1,1,1,56.99999999999999,True
Wheat,29.6,52.5,50.9,26.8,7.34,63.0,66.3,44.7,3.7,9.2,28.6,3,93.4,1554.0,1364.12,174.0,0.5625,36.69,280.20000000000005,0,0,35.5,True
Soybean,18.4,71.0,81.9,61.7,5.83,60.4,27.2,17.4,4.6,15.1,28.4,3,84.2,1306.3999999999999,5053.2300000000005,105.0,1.324561403508772,28.52,252.60000000000002,1,1,55.00000000000001,True
Rice,34.0,76.2,114.1,73.0,6.43,64.2,43.0,27.7,6.0,14.0,73.5,5,75.4,2590.8,8329.3,134.9,0.895397489539749,44.419999999999995,377.0,1,1,58.5,True
Maize,28.9,84.9,64.1,40.1,6.79,10.0,30.7,67.7,7.5,8.5,53.9,4,69.8,2453.61,2570.41,108.4,0.10060362173038229,39.09,279.2,1,1,68.0,True
Tomato,16.3,95.0,83.4,56.8,5.87,35.5,37.8,39.8,6.8,14.9,32.7,5,32.2,1548.5,4737.12,113.1,0.45165394402035625,28.78,161.0,0,0,42.0,True
Groundnut,20.9,55.6,33.5,29.2,6.49,56.8,38.1,40.0,6.5,12.6,34.1,2,95.5,1162.04,978.1999999999999,134.9,0.718078381795196,28.98,191.0,0,0,37.0,True
Cotton,26.8,59.9,149.1,79.5,7.68,42.4,51.2,38.9,6.4,3.3,40.1,5,88.8,1605.32,11853.449999999999,132.5,0.4654226125137212,33.449999999999996,444.0,0,1,70.0,False
Cotton,25.1,68.8,249.6,90.0,6.69,61.3,45.1,51.5,4.3,5.4,52.6,7,42.9,1726.88,22464.0,157.9,0.6280737704918032,33.06,300.3,1,1,72.5,True
Cotton,23.6,47.2,248.8,90.0,5.79,25.4,23.3,5.0,6.2,11.2,30.5,3,117.8,1113.92,22392.0,53.7,0.8668941979522183,30.56,353.4,1,1,57.99999999999999,True
Tomato,23.9,80.7,53.0,36.8,6.62,64.9,19.3,53.0,5.4,14.3,60.4,6,102.6,1928.73,1950.3999999999999,137.2,0.8854024556616645,34.83,615.5999999999999,1,1,60.0,True
Groundnut,33.6,78.5,154.3,54.2,5.59,33.1,24.3,63.7,5.8,11.3,43.9,6,55.1,2637.6,8363.060000000001,121.10000000000001,0.37191011235955057,43.71,330.6,1,1,60.5,True
Wheat,29.1,53.6,307.7,90.0,6.22,59.0,19.6,66.1,8.5,1.1,66.1,5,83.9,1559.7600000000002,27693.0,144.7,0.6805074971164937,34.68,419.5,1,1,71.5,True
Cotton,34.1,62.2,97.9,39.1,5.02,34.4,38.8,43.7,6.4,12.3,45.5,4,56.7,2121.02,3827.8900000000003,116.89999999999999,0.4119760479041916,42.78,226.8,1,1,56.49999999999999,True
Rice,34.2,67.1,100.5,26.8,5.22,91.2,37.0,58.0,6.4,13.4,28.9,4,109.9,2294.82,2693.4,186.2,0.9500000000000001,43.59,439.6,0,1,58.5,False
Groundnut,28.0,59.5,168.8,47.6,5.85,33.4,53.9,23.7,5.0,17.9,45.4,4,66.7,1666.0,8034.880000000001,111.0,0.42493638676844786,37.53,266.8,1,1,59.0,True
Cotton,26.3,55.2,132.5,43.8,7.39,28.9,31.1,45.6,9.2,15.2,6.5,7,82.0,1451.7600000000002,5803.5,105.6,0.3719433719433719,34.86,574.0,1,0,46.0,False
Maize,29.5,80.7,39.9,43.9,7.98,63.5,29.8,41.7,8.4,14.6,66.8,7,113.4,2380.65,1751.61,135.0,0.8758620689655172,40.49,793.8000000000001,1,1,55.50000000000001,True
Tomato,31.9,47.6,219.9,74.6,6.5,51.9,25.5,9.4,8.6,14.4,21.7,4,48.5,1518.44,16404.54,86.80000000000001,1.4456824512534818,39.54,194.0,0,1,59.0,False
Rice,24.5,74.1,208.0,90.0,7.59,79.8,27.6,50.8,7.5,13.3,56.5,3,110.1,1815.4499999999998,18720.0,158.2,1.0050377833753148,34.57,330.29999999999995,1,1,71.0,True
Soybean,33.0,77.1,57.9,58.0,6.8,21.6,61.0,80.0,6.9,9.0,74.7,1,32.6,2544.2999999999997,3358.2,162.6,0.15211267605633805,42.51,32.6,1,1,55.50000000000001,True
Tomato,23.8,57.7,61.0,50.7,6.11,42.6,24.7,57.5,7.6,23.0,28.5,1,102.6,1373.2600000000002,3092.7000000000003,124.8,0.5120192307692307,34.17,102.6,0,0,50.0,True
Maize,26.9,51.7,90.3,30.7,6.58,67.7,40.0,39.4,6.7,21.6,40.3,6,175.7,1390.73,2772.21,147.1,0.8420398009950248,36.39,1054.1999999999998,1,1,61.5,True
Soybean,35.6,58.8,125.6,36.9,6.68,90.8,27.1,47.1,6.2,8.2,48.4,4,112.9,2093.28,4634.639999999999,165.0,1.2074468085106382,43.120000000000005,451.6,1,1,60.5,True
Soybean,31.8,77.8,99.3,55.4,6.31,72.7,9.9,40.8,10.5,3.9,47.4,5,118.5,2474.04,5501.219999999999,123.4,1.4061895551257255,40.36,592.5,1,1,60.0,True
Tomato,29.4,87.7,118.9,56.4,6.56,63.3,41.1,66.8,5.9,19.5,54.4,1,118.8,2578.38,6705.96,171.2,0.581267217630854,42.07,118.8,0,1,63.5,False
Tomato,21.2,53.4,40.4,42.5,6.86,62.2,30.1,56.0,6.5,11.2,59.3,1,61.2,1132.08,1717.0,148.3,0.7141216991963262,28.779999999999998,61.2,1,0,47.5,False
Groundnut,30.0,82.2,166.8,61.8,6.46,57.9,15.0,28.3,8.4,7.9,27.8,1,55.5,2466.0,10308.24,101.2,1.306997742663657,39.8,55.5,0,1,59.5,False
Groundnut,20.3,69.3,72.7,37.7,6.79,79.4,25.2,51.0,6.8,6.6,50.1,6,33.9,1406.79,2740.7900000000004,155.60000000000002,1.028497409326425,28.55,203.39999999999998,0,0,44.0,True
Groundnut,27.1,54.3,317.7,85.8,5.25,78.1,20.2,8.4,9.6,14.5,37.4,6,55.5,1471.53,27258.66,106.7,2.638513513513513,35.43,333.0,1,1,65.0,True
Tomato,40.0,56.0,119.2,38.1,7.85,50.8,32.3,23.8,7.1,13.0,71.9,6,90.4,2240.0,4541.52,106.89999999999999,0.8896672504378285,48.2,542.4000000000001,0,1,61.0,False
Wheat,31.3,67.5,124.3,70.5,6.42,72.2,20.9,31.2,7.6,5.4,41.3,6,66.5,2112.75,8763.15,124.3,1.3596986817325802,39.129999999999995,399.0,1,1,60.5,True
Rice,36.3,67.3,209.6,79.2,6.81,29.9,48.5,41.3,7.4,7.7,29.6,3,75.0,2442.99,16600.32,119.7,0.32929515418502203,44.56999999999999,225.0,1,1,70.5,True
Cotton,23.5,77.0,154.1,68.8,6.52,63.9,19.4,39.8,7.1,6.5,50.5,2,33.3,1809.5,10602.08,123.1,1.0614617940199336,32.5,66.6,0,1,57.49999999999999,False
Groundnut,17.3,69.4,209.1,90.0,6.56,74.4,38.2,35.2,6.7,11.8,45.6,1,91.2,1200.6200000000001,18819.0,147.8,1.0,26.6,91.2,1,1,65.5,True
Maize,30.4,68.1,350.0,90.0,6.2,22.6,23.5,30.0,5.8,16.3,48.1,4,103.7,2070.24,31500.0,76.1,0.41467889908256883,40.47,414.8,0,1,80.0,False
Rice,35.1,91.7,139.9,76.8,5.04,71.7,21.7,68.4,9.6,15.1,56.9,4,120.3,3218.67,10744.32,161.8,0.7870472008781558,47.290000000000006,481.2,0,1,65.0,False
Wheat,19.3,92.1,205.3,69.1,7.16,63.2,30.5,41.2,7.2,18.1,49.9,6,113.8,1777.53,14186.23,134.9,0.8693259972489684,32.129999999999995,682.8,1,1,59.0,True
Tomato,15.0,53.3,82.9,42.0,6.14,50.0,67.8,33.3,5.5,20.6,48.1,3,134.4,799.5,3481.8,151.1,0.4897159647404506,24.45,403.20000000000005,0,1,57.49999999999999,False
Tomato,28.2,62.9,112.4,66.8,5.71,81.2,29.6,51.2,9.0,8.9,35.0,5,141.3,1773.78,7508.32,162.0,0.9926650366748165,36.27,706.5,0,1,56.00000000000001,False
Wheat,25.1,66.1,269.2,90.0,6.7,46.5,47.4,46.3,9.7,3.4,30.0,6,64.8,1659.11,24228.0,140.2,0.49102428722280894,32.39,388.79999999999995,1,1,77.5,True
Soybean,34.8,76.7,116.7,74.7,6.37,47.2,22.7,32.6,5.5,20.1,62.1,2,58.0,2669.16,8717.49,102.5,0.8383658969804619,46.49,116.0,0,1,63.5,False
Groundnut,29.4,78.8,100.9,66.9,7.06,40.7,42.2,54.8,7.1,13.5,51.8,6,74.9,2316.72,6750.210000000001,137.7,0.41530612244897963,39.980000000000004,449.40000000000003,1,1,64.5,True
Maize,38.6,54.4,173.2,89.6,6.75,18.4,27.9,32.8,7.3,8.2,42.9,7,138.7,2099.84,15518.719999999998,79.1,0.29821717990275526,45.68,970.8999999999999,1,1,65.0,True
Tomato,25.4,76.8,30.3,46.2,6.92,70.5,38.8,36.7,7.3,13.4,34.7,1,117.6,1950.7199999999998,1399.8600000000001,146.0,0.9215686274509803,35.76,117.6,0,1,54.50000000000001,False
Rice,24.4,92.4,34.0,17.1,6.98,47.0,30.7,47.3,5.7,5.7,52.0,6,67.1,2254.56,581.4000000000001,125.0,0.5949367088607594,34.78,402.59999999999997,1,0,36.0,False
Cotton,28.2,86.8,210.3,90.0,6.28,49.1,37.5,49.5,8.3,5.6,47.6,5,107.0,2447.7599999999998,18927.0,136.1,0.5579545454545455,37.99999999999999,535.0,1,1,83.5,True
Soybean,26.4,45.8,67.1,51.2,5.86,65.8,40.8,34.8,9.0,11.4,25.5,5,68.8,1209.12,3435.52,141.39999999999998,0.8590078328981724,33.26,344.0,1,0,46.0,False
Wheat,23.5,77.4,224.8,90.0,5.38,51.2,62.1,51.8,4.0,7.6,21.2,5,104.8,1818.9,20232.0,165.10000000000002,0.4456048738033072,32.760000000000005,524.0,1,1,56.99999999999999,True
Rice,30.5,71.4,136.6,83.4,6.87,64.0,9.2,34.1,8.3,7.7,41.2,6,50.7,2177.7000000000003,11392.44,107.30000000000001,1.4446952595936795,39.18,304.20000000000005,0,1,59.5,False
Maize,29.9,73.2,126.5,87.5,5.25,45.9,19.7,33.1,7.8,11.9,54.9,7,74.3,2188.68,11068.75,98.69999999999999,0.8531598513011153,39.6,520.1,1,1,60.5,True
Wheat,34.5,50.1,71.7,35.2,6.9,40.6,17.8,28.2,9.3,11.7,31.2,5,105.2,1728.45,2523.84,86.60000000000001,0.8638297872340426,41.849999999999994,526.0,1,1,60.0,True
Groundnut,15.0,72.5,276.8,90.0,6.58,73.2,37.8,45.1,3.1,11.1,9.3,5,152.4,1087.5,24912.0,156.1,0.8724672228843862,24.47,762.0,1,1,54.50000000000001,True
Rice,21.6,85.2,44.8,38.7,6.23,65.3,20.8,30.7,4.7,23.2,38.9,7,109.6,1840.3200000000002,1733.76,116.8,1.2438095238095237,34.76,767.1999999999999,0,0,49.5,True
Rice,32.8,69.2,140.3,73.2,7.55,63.8,39.9,42.5,8.0,13.9,33.8,7,84.1,2269.7599999999998,10269.960000000001,146.2,0.764988009592326,42.5,588.6999999999999,0,1,52.0,False
Tomato,16.6,70.3,68.1,29.9,7.08,74.3,19.5,50.6,7.3,10.4,45.8,7,76.4,1166.98,2036.1899999999998,144.4,1.0450070323488045,25.71,534.8000000000001,0,0,48.0,True
Groundnut,22.8,84.7,124.1,67.0,5.27,57.8,24.7,45.1,6.4,8.3,69.5,1,97.9,1931.16,8314.699999999999,127.6,0.8163841807909604,32.93000000000001,97.9,0,1,57.49999999999999,False
Groundnut,24.3,92.3,209.0,84.1,6.18,42.3,21.2,43.1,9.0,12.2,45.8,6,126.4,2242.89,17576.899999999998,106.6,0.6477794793261868,35.97,758.4000000000001,1,1,73.0,True
Rice,21.5,78.8,103.9,49.0,5.77,51.0,35.8,27.4,3.6,14.7,55.9,6,146.8,1694.2,5091.1,114.19999999999999,0.7943925233644861,32.32,880.8000000000001,0,1,53.5,False
Groundnut,29.6,52.1,92.9,31.9,7.96,42.3,9.0,14.8,4.5,14.2,48.0,1,27.3,1542.16,2963.51,66.1,1.7056451612903225,37.650000000000006,27.3,0,1,57.99999999999999,False
Maize,23.2,72.3,122.3,51.2,5.64,32.3,60.1,66.1,7.2,11.5,45.1,5,81.2,1677.36,6261.76,158.5,0.2539308176100629,32.73,406.0,1,1,57.49999999999999,True
Wheat,25.1,83.2,253.3,90.0,6.97,47.4,23.3,45.2,10.2,18.4,47.2,6,67.8,2088.32,22797.0,115.9,0.6820143884892086,37.1,406.79999999999995,1,1,70.5,True
Cotton,28.5,69.4,350.0,90.0,6.76,52.9,36.9,23.6,8.1,10.0,54.5,2,82.1,1977.9,31500.0,113.4,0.8601626016260162,37.44,164.2,0,1,89.0,False
Soybean,28.0,84.0,262.8,90.0,5.79,34.4,45.3,20.5,6.4,22.0,52.7,3,82.1,2352.0,23652.0,100.19999999999999,0.5149700598802395,40.8,246.29999999999998,1,1,79.5,True
Soybean,29.8,84.1,148.8,72.3,6.36,92.2,56.6,50.9,6.9,12.4,51.3,4,110.3,2506.18,10758.24,199.70000000000002,0.8497695852534562,40.69,441.2,0,1,62.0,False
Cotton,25.8,69.7,168.7,88.0,7.71,57.2,32.2,36.3,4.6,17.1,62.6,2,143.2,1798.2600000000002,14845.599999999999,125.7,0.823021582733813,36.190000000000005,286.4,1,1,67.0,True
Rice,24.2,71.2,25.0,18.9,6.54,53.1,22.8,28.1,7.0,10.3,21.4,1,139.1,1723.04,472.49999999999994,104.0,1.023121387283237,33.38,139.1,1,1,53.5,True
Tomato,23.2,62.6,61.0,34.7,6.94,35.1,40.9,78.5,7.5,17.7,59.6,2,90.0,1452.32,2116.7000000000003,154.5,0.2915282392026578,33.0,180.0,0,0,47.0,True
Soybean,26.5,89.3,201.1,61.0,5.7,77.6,32.8,43.7,8.8,23.7,48.2,6,87.0,2366.45,12267.1,154.1,1.001290322580645,40.17,522.0,1,1,60.5,True
Maize,25.2,60.9,198.9,77.5,7.02,50.3,14.3,35.1,5.9,10.0,39.8,2,108.5,1534.6799999999998,15414.75,99.69999999999999,0.9980158730158728,33.29,217.0,0,1,64.0,False
Cotton,20.5,42.7,69.7,46.3,5.75,31.2,44.5,64.9,7.2,6.3,39.2,1,99.9,875.35,3227.11,140.60000000000002,0.2826086956521739,26.03,99.9,1,0,38.5,False
Groundnut,23.4,72.4,107.5,71.2,7.02,60.5,22.7,68.6,7.3,7.1,40.6,6,138.8,1694.16,7654.0,151.8,0.6554712892741063,32.06,832.8000000000001,1,0,49.0,False
Tomato,27.7,74.1,171.1,89.8,6.15,95.5,29.4,41.9,9.9,13.0,46.7,3,47.4,2052.5699999999997,15364.779999999999,166.8,1.3208852005532503,37.71,142.2,1,1,65.0,True
Rice,34.5,83.8,150.6,61.6,6.43,45.8,28.2,57.2,6.5,17.1,45.6,5,137.4,2891.1,9276.96,131.2,0.5300925925925926,46.3,687.0,0,1,61.0,False
Tomato,31.8,59.0,22.3,22.6,5.76,77.3,19.0,23.5,8.0,12.3,66.8,6,107.6,1876.2,503.9800000000001,119.8,1.7770114942528734,40.160000000000004,645.5999999999999,1,1,52.0,True
Wheat,21.6,58.5,181.1,55.2,6.14,58.5,64.2,86.5,9.8,12.7,41.3,6,121.6,1263.6000000000001,9996.72,209.2,0.3856295319709954,29.990000000000002,729.5999999999999,0,1,59.0,False
Tomato,22.4,85.4,350.0,90.0,6.8,101.6,20.3,46.0,5.8,9.4,55.2,6,84.6,1912.96,31500.0,167.89999999999998,1.5096582466567607,32.82,507.59999999999997,1,1,78.0,True
Groundnut,16.8,59.5,142.5,55.1,5.99,74.5,44.8,8.8,5.3,14.3,42.3,2,98.4,999.6,7851.75,128.1,1.3644688644688645,25.61,196.8,1,1,64.0,True
Rice,20.0,48.0,35.7,24.0,6.84,66.5,33.7,43.9,6.0,4.0,29.1,5,122.6,960.0,856.8000000000001,144.1,0.846055979643766,25.6,613.0,0,0,37.0,True
Groundnut,24.1,65.2,214.0,90.0,6.57,60.6,32.7,62.4,8.4,14.7,58.2,7,127.9,1571.3200000000002,19260.0,155.70000000000002,0.6305931321540063,33.56,895.3000000000001,1,1,69.5,True
Tomato,34.0,62.8,137.4,60.7,5.27,28.3,38.5,50.8,6.0,7.9,54.2,3,98.3,2135.2,8340.18,117.6,0.3133997785160576,41.86,294.9,0,1,61.5,False
Tomato,25.7,59.3,100.5,27.1,5.39,32.6,32.6,57.2,6.7,7.9,27.5,1,80.0,1524.01,2723.55,122.4,0.35903083700440525,33.21,80.0,0,0,46.0,True
Wheat,27.9,71.7,123.6,68.5,6.65,84.1,17.3,61.6,10.5,16.3,53.9,3,149.1,2000.43,8466.6,163.0,1.0525657071339172,38.33,447.29999999999995,1,1,62.0,True
Cotton,33.6,77.2,165.3,77.0,6.5,34.0,14.8,21.3,6.8,7.4,18.8,4,25.1,2593.92,12728.1,70.1,0.9164420485175202,42.8,100.4,1,1,66.5,True
Cotton,19.8,81.9,48.6,41.8,5.94,35.3,24.4,47.9,9.1,8.3,62.5,6,75.3,1621.6200000000001,2031.48,107.6,0.4815825375170532,29.650000000000002,451.79999999999995,1,0,47.0,False
Maize,21.3,89.0,68.4,58.8,6.73,74.1,33.4,31.0,7.5,14.5,34.9,5,78.2,1895.7,4021.92,138.5,1.1330275229357796,33.1,391.0,0,0,46.5,True
Cotton,26.8,64.5,247.9,90.0,5.83,47.4,32.8,39.5,3.6,2.0,34.4,4,160.3,1728.6000000000001,22311.0,119.69999999999999,0.6466575716234653,33.65,641.2,1,1,72.5,True
Groundnut,36.6,38.2,254.3,90.0,5.7,49.9,25.1,10.4,9.1,17.8,35.4,6,142.2,1398.1200000000001,22887.0,85.4,1.367123287671233,43.980000000000004,853.1999999999999,0,1,65.5,False
Tomato,29.3,77.1,118.1,70.4,6.33,32.2,50.7,56.7,6.0,1.0,51.8,5,100.7,2259.0299999999997,8314.24,139.60000000000002,0.2970479704797048,37.21,503.5,1,1,62.5,True
Soybean,32.4,86.0,212.3,83.3,6.17,33.3,44.5,38.9,6.8,8.9,65.4,4,76.1,2786.4,17684.59,116.69999999999999,0.3945497630331753,42.78,304.4,1,1,81.5,True
Soybean,27.5,85.0,100.6,41.4,6.45,68.8,24.2,47.9,4.9,20.2,42.9,5,133.0,2337.5,4164.839999999999,140.9,0.9411764705882353,40.04,665.0,1,1,66.0,True
Groundnut,38.1,48.5,203.6,89.8,6.69,70.4,23.7,78.2,8.8,6.0,32.2,2,126.6,1847.8500000000001,18283.28,172.3,0.6841593780369291,44.150000000000006,253.2,1,1,61.5,True
Wheat,20.5,62.5,267.5,90.0,7.14,56.4,39.2,33.5,9.0,10.0,18.0,1,84.3,1281.25,24075.0,129.1,0.7652645861601085,28.75,84.3,1,1,60.0,True
Wheat,28.9,62.5,86.0,60.1,6.13,54.4,24.0,29.6,4.4,11.0,50.8,6,144.7,1806.25,5168.6,108.0,0.9963369963369962,37.35,868.1999999999999,0,0,44.0,True
Maize,32.0,89.6,92.9,64.3,6.25,24.0,7.8,36.1,7.6,7.4,36.6,2,25.3,2867.2,5973.47,67.9,0.534521158129176,42.44,50.6,1,1,64.5,True
Tomato,30.5,59.3,45.9,37.5,6.44,63.4,27.7,36.8,9.0,11.0,9.5,3,90.5,1808.6499999999999,1721.25,127.89999999999999,0.9679389312977099,38.63,271.5,0,0,38.5,True
Rice,24.0,63.8,219.1,90.0,5.38,33.5,30.7,39.8,9.0,11.4,42.6,6,88.1,1531.1999999999998,19719.0,104.0,0.46853146853146854,32.66,528.5999999999999,1,1,69.0,True
Soybean,29.5,56.3,324.6,90.0,5.73,57.8,33.4,43.4,7.6,19.0,17.7,3,51.6,1660.85,29214.000000000004,134.6,0.7429305912596401,38.93,154.8,1,1,68.0,True
Rice,22.3,72.3,166.3,83.3,6.23,62.4,24.3,30.2,6.9,10.0,25.9,4,90.9,1612.29,13852.79,116.9,1.1243243243243244,31.53,363.6,1,1,55.50000000000001,True
Cotton,28.9,44.7,83.8,58.1,6.21,67.0,5.8,19.8,6.5,18.0,27.9,6,113.5,1291.83,4868.78,92.6,2.518796992481203,36.97,681.0,0,0,42.0,True
Tomato,31.1,71.1,141.8,51.8,6.15,43.1,37.4,35.6,4.9,14.4,38.0,3,72.4,2211.21,7345.24,116.1,0.5824324324324325,41.09,217.20000000000002,1,1,74.0,True
Rice,29.0,75.4,121.7,80.8,6.59,70.3,45.1,34.3,5.5,13.2,20.8,4,97.4,2186.6000000000004,9833.36,149.7,0.8743781094527362,39.18,389.6,0,1,51.0,False
Wheat,27.3,45.0,125.3,39.3,6.74,24.3,31.8,37.0,7.8,13.9,29.3,4,44.3,1228.5,4924.29,93.1,0.34813753581661894,34.58,177.2,0,0,49.0,True
Rice,18.7,71.7,46.8,27.2,6.56,84.3,29.7,46.1,6.1,9.1,31.6,4,38.6,1340.79,1272.9599999999998,160.1,1.09765625,27.689999999999998,154.4,0,0,47.0,True
Rice,27.2,90.7,68.6,48.2,6.54,30.6,44.2,62.0,10.7,14.7,52.0,5,93.9,2467.04,3306.52,136.8,0.28544776119402987,39.209999999999994,469.5,1,1,59.0,True
Wheat,29.8,57.4,54.6,30.6,6.38,74.5,18.8,35.4,6.6,10.9,45.6,4,179.3,1710.52,1670.7600000000002,128.7,1.3496376811594202,37.72,717.2,0,0,39.5,True
Wheat,18.1,69.0,64.2,31.0,6.19,53.6,62.6,22.9,4.5,22.5,45.1,6,104.2,1248.9,1990.2,139.1,0.6196531791907515,29.5,625.2,1,1,54.50000000000001,True
Maize,28.0,86.7,125.3,34.4,7.81,47.2,36.8,19.1,5.7,10.0,32.7,3,122.9,2427.6,4310.32,103.1,0.8295254833040423,38.67,368.70000000000005,1,0,47.5,False
Maize,25.6,64.1,350.0,90.0,6.08,78.3,44.3,56.8,8.6,9.8,24.0,6,67.0,1640.96,31500.0,179.39999999999998,0.7668952007835456,33.97,402.0,1,1,76.0,True
Tomato,26.3,68.7,281.2,90.0,6.18,31.9,48.3,26.1,4.2,12.3,51.3,5,70.5,1806.8100000000002,25308.0,106.29999999999998,0.423076923076923,35.63,352.5,1,1,65.5,True
Tomato,28.9,58.1,81.8,47.6,6.26,54.9,30.2,40.7,9.0,13.4,31.8,3,98.8,1679.09,3893.68,125.8,0.7635605006954103,37.39,296.4,0,1,51.0,False
Soybean,26.8,73.4,52.3,41.0,5.63,65.7,17.6,38.3,6.7,16.1,36.3,4,96.1,1967.1200000000001,2144.2999999999997,121.60000000000001,1.1546572934973638,37.36,384.4,1,0,45.0,False
Tomato,26.4,50.5,160.1,71.7,6.59,41.2,32.3,75.5,5.5,20.5,31.3,4,169.0,1333.1999999999998,11479.17,149.0,0.37867647058823534,35.55,676.0,0,0,48.0,True
Groundnut,23.2,52.1,142.4,61.9,6.42,29.9,40.7,72.3,6.1,6.1,26.2,3,63.3,1208.72,8814.56,142.89999999999998,0.26228070175438595,29.63,189.89999999999998,1,1,55.50000000000001,True
Cotton,27.7,64.7,90.6,15.0,5.83,69.4,60.7,55.5,6.5,11.0,49.1,7,75.2,1792.19,1359.0,185.60000000000002,0.5921501706484642,36.370000000000005,526.4,0,0,39.0,True
Tomato,29.2,77.0,85.1,45.5,6.64,54.3,41.8,67.7,5.0,12.3,62.0,2,99.3,2248.4,3872.0499999999997,163.8,0.49140271493212667,39.36,198.6,1,1,55.50000000000001,True
Groundnut,22.1,73.2,182.1,50.6,7.47,35.1,29.8,38.9,11.0,8.2,53.9,6,107.2,1617.7200000000003,9214.26,103.80000000000001,0.503586800573888,31.060000000000002,643.2,1,1,62.5,True
Wheat,27.3,79.2,148.3,69.2,6.47,60.8,57.7,42.0,5.6,11.6,64.9,3,79.1,2162.1600000000003,10262.36,160.5,0.6037735849056604,37.54,237.29999999999998,1,1,68.5,True
Tomato,36.1,67.3,167.0,77.1,7.3,48.9,63.7,13.6,7.8,15.1,44.0,1,57.0,2429.53,12875.699999999999,126.19999999999999,0.6245210727969349,45.85,57.0,0,1,66.0,False
Groundnut,24.9,60.8,94.6,45.3,6.29,65.6,42.2,43.7,6.4,8.1,26.8,1,200.0,1513.9199999999998,4285.379999999999,151.5,0.7548906789413118,32.599999999999994,200.0,0,1,59.5,False
Tomato,27.8,82.1,64.2,32.7,6.55,63.9,21.9,50.2,7.5,14.6,31.6,4,20.0,2282.38,2099.34,136.0,0.8741450068399453,38.93,80.0,1,1,53.0,True
Maize,33.8,89.3,261.3,90.0,6.54,56.0,36.4,58.5,6.6,7.7,48.1,3,114.4,3018.3399999999997,23517.0,150.9,0.583941605839416,44.269999999999996,343.20000000000005,1,1,77.5,True
Maize,25.0,60.8,190.5,88.6,6.09,37.9,51.6,43.8,8.4,12.0,27.2,3,94.9,1520.0,16878.3,133.3,0.3931535269709543,33.48,284.70000000000005,1,1,59.5,True
Cotton,29.6,78.4,94.7,48.5,6.76,68.7,30.4,25.1,5.8,8.8,57.0,1,68.1,2320.6400000000003,4592.95,124.19999999999999,1.215929203539823,39.2,68.1,1,1,61.5,True
Cotton,20.7,74.6,142.5,60.5,6.56,52.6,41.3,18.9,7.6,10.7,33.4,4,106.9,1544.2199999999998,8621.25,112.80000000000001,0.8594771241830066,30.299999999999997,427.6,1,1,50.5,True
Wheat,19.6,47.3,25.9,29.1,6.63,58.1,58.2,44.1,7.8,10.2,22.1,1,94.3,927.08,753.6899999999999,160.4,0.5624394966118103,26.37,94.3,0,0,30.5,True
Groundnut,35.2,77.5,142.8,66.8,5.71,58.6,34.6,61.0,7.7,4.9,33.4,1,63.4,2728.0,9539.04,154.2,0.6066252587991718,43.93,63.4,1,1,56.99999999999999,True
Tomato,15.0,60.1,70.6,20.7,6.38,12.5,23.0,58.5,3.9,12.7,9.7,1,74.0,901.5,1461.4199999999998,94.0,0.15151515151515152,23.549999999999997,74.0,0,1,55.50000000000001,False
Maize,25.7,59.2,303.3,90.0,6.4,44.4,37.1,40.8,6.9,15.3,60.5,6,42.5,1521.44,27297.0,122.3,0.5627376425855513,34.68,255.0,1,1,66.0,True
Maize,18.2,68.7,44.9,54.4,6.11,55.4,17.6,24.8,8.1,3.0,46.3,7,88.7,1250.34,2442.56,97.8,1.2764976958525343,25.67,620.9,0,1,51.0,False
Maize,24.1,66.3,158.2,76.1,5.65,85.0,32.0,43.7,4.2,7.0,47.9,2,41.9,1597.83,12039.019999999999,160.7,1.1082138200782268,32.13,83.8,0,1,62.0,False
Wheat,28.7,82.9,234.3,85.4,6.29,67.3,35.7,31.5,8.6,11.4,41.1,1,46.0,2379.23,20009.22,134.5,0.9868035190615835,39.27,46.0,1,1,67.5,True
Rice,34.5,66.9,350.0,90.0,6.07,24.0,28.3,50.3,9.8,8.8,29.9,2,77.9,2308.05,31500.0,102.6,0.30150753768844224,42.949999999999996,155.8,1,1,74.0,True
Soybean,34.5,83.5,193.7,71.9,5.46,66.8,23.3,31.0,6.7,4.2,62.3,2,99.6,2880.75,13927.03,121.1,1.2079566003616637,43.690000000000005,199.2,1,1,72.0,True
Groundnut,38.4,50.9,95.8,33.3,6.18,63.4,35.3,56.3,5.7,13.5,54.3,7,36.7,1954.56,3190.1399999999994,155.0,0.6846652267818575,46.19,256.90000000000003,0,0,48.0,True
Wheat,31.3,40.7,253.5,66.8,6.77,41.2,36.3,42.9,7.9,11.3,42.9,3,52.0,1273.91,16933.8,120.4,0.5137157107231921,37.63,156.0,1,1,54.50000000000001,True
Rice,26.6,74.0,125.8,68.5,6.0,83.7,54.3,46.8,10.1,17.5,39.9,3,101.8,1968.4,8617.3,184.8,0.8197845249755142,37.5,305.4,1,1,54.0,True
Cotton,23.1,73.8,43.3,44.7,7.79,59.2,66.3,18.5,8.1,13.1,23.0,5,20.0,1704.78,1935.51,144.0,0.68997668997669,33.1,100.0,1,1,52.5,True
Cotton,31.2,95.0,237.6,90.0,6.23,72.0,41.4,28.8,9.5,10.1,48.6,3,118.8,2964.0,21384.0,142.20000000000002,1.0112359550561798,42.720000000000006,356.4,1,1,72.0,True
Groundnut,28.2,73.6,117.4,62.0,8.0,71.1,39.6,26.0,5.9,18.5,46.5,2,54.4,2075.52,7278.8,136.7,1.0675675675675675,39.260000000000005,108.8,1,1,56.99999999999999,True
Rice,26.1,56.2,33.1,32.5,7.13,65.5,38.0,58.7,6.7,11.9,29.9,1,116.2,1466.8200000000002,1075.75,162.2,0.6704196519959058,34.1,116.2,0,0,42.0,True
Wheat,26.3,65.9,280.7,90.0,5.8,53.0,37.2,44.8,4.4,9.3,38.5,7,42.6,1733.1700000000003,25263.0,135.0,0.6385542168674698,34.75,298.2,1,1,62.0,True
Cotton,37.8,79.4,135.3,65.5,5.9,48.7,39.5,63.6,6.3,9.2,49.9,3,138.2,3001.32,8862.150000000001,151.8,0.4678194044188281,47.58,414.59999999999997,1,1,59.5,True
Groundnut,36.4,61.4,43.4,19.6,6.11,60.6,48.5,40.1,6.1,4.7,45.8,5,145.5,2234.96,850.64,149.2,0.6763392857142858,43.48,727.5,0,1,57.99999999999999,False
Wheat,18.2,88.7,144.1,89.1,5.41,57.0,55.1,61.6,9.2,9.6,54.6,4,116.7,1614.34,12839.31,173.7,0.4842820730671198,28.990000000000002,466.8,1,1,59.5,True
Tomato,26.8,84.0,41.4,55.8,6.69,25.3,42.0,19.1,5.4,10.7,34.8,6,80.5,2251.2000000000003,2310.12,86.4,0.4074074074074074,37.34,483.0,1,0,47.0,False
Tomato,20.5,79.9,76.9,32.1,5.55,61.6,15.4,35.2,7.9,4.3,45.8,2,73.4,1637.95,2468.4900000000002,112.2,1.193798449612403,29.35,146.8,1,0,37.5,False
Wheat,30.7,72.5,232.9,90.0,7.23,78.3,51.0,44.9,7.0,6.3,37.0,1,58.9,2225.75,20961.0,174.20000000000002,0.8080495356037151,39.21,58.9,0,1,54.50000000000001,False
Cotton,30.0,50.9,42.0,29.2,6.31,58.6,58.8,41.5,5.0,10.3,29.7,7,115.1,1527.0,1226.3999999999999,158.9,0.5784797630799605,37.150000000000006,805.6999999999999,1,0,47.0,False
Maize,22.2,72.2,53.1,63.9,6.79,63.0,20.0,15.7,6.2,24.3,50.5,6,133.3,1602.84,3393.09,98.7,1.7166212534059944,34.28,799.8000000000001,1,1,54.50000000000001,True
Groundnut,27.5,49.0,301.3,90.0,5.37,58.4,49.9,52.2,5.2,7.5,35.7,1,85.4,1347.5,27117.0,160.5,0.5664403491755577,33.9,85.4,1,1,73.5,True
Maize,26.0,85.6,127.8,73.9,6.64,48.4,37.9,37.7,4.7,16.6,34.8,6,131.7,2225.6,9444.42,124.0,0.6318537859007833,37.88,790.1999999999999,1,1,58.5,True
Maize,30.9,68.3,163.4,74.6,6.96,43.2,19.0,19.4,6.4,16.7,24.1,2,103.0,2110.47,12189.64,81.6,1.0964467005076144,41.06999999999999,206.0,0,1,63.5,False
Tomato,23.7,66.5,108.0,15.0,6.65,49.9,36.0,38.1,7.1,15.5,33.4,7,109.7,1576.05,1620.0,124.0,0.6644474034620507,33.45,767.9,1,0,44.0,False
Cotton,26.2,74.4,350.0,90.0,5.38,41.7,28.6,51.2,5.7,17.9,42.4,2,103.1,1949.2800000000002,31500.0,121.50000000000001,0.5160891089108911,37.22,206.2,1,1,79.0,True
Maize,35.9,70.8,112.9,59.1,6.21,25.2,32.5,50.4,6.6,11.1,26.5,3,85.6,2541.72,6672.39,108.1,0.300357568533969,45.199999999999996,256.79999999999995,0,1,63.0,False
Groundnut,22.6,45.6,192.2,88.9,7.93,42.0,54.0,50.9,7.9,7.2,56.4,4,66.8,1030.5600000000002,17086.58,146.9,0.3966005665722379,28.600000000000005,267.2,0,1,63.5,False
Soybean,29.2,53.3,104.3,48.0,6.09,45.1,49.5,44.8,7.4,7.3,60.6,7,71.9,1556.36,5006.4,139.39999999999998,0.47324239244491084,35.99,503.30000000000007,0,0,45.0,True
Maize,27.2,36.2,226.4,85.4,5.55,20.6,30.5,66.7,8.5,9.6,10.5,6,75.7,984.6400000000001,19334.56,117.80000000000001,0.20977596741344195,32.74,454.20000000000005,1,1,53.5,True
Cotton,34.9,67.3,148.5,58.2,6.21,47.5,54.7,50.8,4.0,3.0,60.9,4,89.6,2348.77,8642.7,153.0,0.4460093896713615,42.23,358.4,1,1,64.0,True
Rice,27.0,83.3,156.5,79.6,5.65,13.2,34.5,57.7,7.4,8.7,13.4,1,117.4,2249.1,12457.4,105.4,0.14163090128755362,37.07,117.4,0,1,60.5,False
Groundnut,24.7,73.6,129.0,67.3,6.65,42.0,52.8,54.7,8.8,11.1,54.4,7,94.3,1817.9199999999998,8681.699999999999,149.5,0.3870967741935484,34.28,660.1,1,1,64.5,True
Soybean,22.6,73.1,274.3,90.0,6.23,36.7,25.5,52.0,6.6,4.8,52.5,3,77.5,1652.06,24687.0,114.2,0.46751592356687904,30.87,232.5,1,1,69.0,True
Maize,31.8,46.8,45.0,54.7,5.0,33.9,61.8,61.7,7.7,23.4,29.9,7,191.8,1488.24,2461.5,157.39999999999998,0.272289156626506,41.160000000000004,1342.6000000000001,0,1,63.0,False
Cotton,22.8,66.1,350.0,90.0,7.25,71.5,41.8,67.3,5.5,9.2,52.0,2,93.5,1507.08,31500.0,180.6,0.6494096276112625,31.25,187.0,1,1,72.0,True
Maize,27.7,55.1,98.2,58.8,7.04,73.1,27.5,66.3,11.0,12.0,46.7,4,108.7,1526.27,5774.16,166.89999999999998,0.7710970464135021,35.61,434.8,0,1,52.5,False
Maize,37.7,62.0,109.3,52.9,6.66,89.9,15.6,44.4,9.3,15.6,22.2,2,109.9,2337.4,5781.969999999999,149.9,1.4737704918032788,47.02,219.8,0,1,51.5,False
Wheat,19.0,80.5,102.7,70.6,5.0,15.6,24.3,84.8,4.6,12.5,50.5,7,124.2,1529.5,7250.62,124.69999999999999,0.14168937329700274,29.55,869.4,1,1,54.50000000000001,True
Cotton,18.5,71.4,85.5,50.1,7.04,10.0,50.4,70.7,6.7,16.9,22.2,1,76.3,1320.9,4283.55,131.1,0.0819000819000819,29.02,76.3,1,0,49.0,False
Maize,22.6,83.2,82.4,56.8,6.49,10.0,35.2,36.0,4.8,10.2,41.8,5,69.9,1880.3200000000002,4680.32,81.2,0.13850415512465372,32.96,349.5,0,1,54.0,False
Maize,21.6,67.4,45.2,42.2,6.22,86.6,51.6,56.9,7.1,5.5,40.8,2,83.6,1455.8400000000001,1907.4400000000003,195.1,0.7908675799086757,29.440000000000005,167.2,1,0,40.5,False
Groundnut,25.4,75.9,110.3,55.5,6.88,49.9,18.7,72.2,6.6,18.4,45.0,3,42.7,1927.8600000000001,6121.65,140.8,0.5429815016322088,36.67,128.10000000000002,0,1,55.50000000000001,False
Rice,29.0,42.1,96.0,40.1,5.48,53.4,48.3,58.7,6.6,19.9,24.5,5,109.6,1220.9,3849.6000000000004,160.39999999999998,0.4944444444444444,37.19,548.0,0,0,41.0,True
Tomato,26.7,73.1,93.6,66.2,7.5,30.3,5.0,33.2,6.8,8.9,53.7,1,156.6,1951.7699999999998,6196.32,68.5,0.7729591836734694,35.79,156.6,0,1,56.99999999999999,False
Tomato,35.1,86.8,181.2,85.0,6.37,64.5,22.7,50.5,8.3,3.2,35.6,3,75.8,3046.68,15401.999999999998,137.7,0.8692722371967655,44.42,227.39999999999998,0,1,74.0,False
Wheat,26.1,74.0,86.5,42.8,6.55,42.6,41.8,31.8,7.0,1.3,49.9,4,93.9,1931.4,3702.2,116.2,0.5710455764075067,33.76,375.6,0,0,47.0,True
Rice,39.5,87.0,31.9,43.4,6.31,77.4,34.5,39.0,8.8,4.8,61.4,2,76.5,3436.5,1384.4599999999998,150.9,1.0389261744966443,49.160000000000004,153.0,1,1,72.0,True
Cotton,20.4,59.3,90.7,40.3,7.6,31.8,28.6,30.3,7.9,18.0,38.0,7,28.9,1209.7199999999998,3655.21,90.7,0.5308848080133556,29.93,202.29999999999998,0,0,38.0,True
Maize,25.8,80.5,50.8,18.6,5.92,59.1,5.5,43.5,6.1,22.1,37.7,7,78.8,2076.9,944.88,108.1,1.182,38.27,551.6,1,1,54.50000000000001,True
Wheat,26.2,66.0,89.5,49.6,8.0,82.5,33.9,59.9,4.9,11.9,49.9,2,68.0,1729.2,4439.2,176.3,0.870253164556962,35.18,136.0,0,1,57.99999999999999,False
Cotton,28.1,88.0,126.5,40.8,6.61,45.2,22.0,73.9,5.6,13.6,45.4,2,199.4,2472.8,5161.2,141.10000000000002,0.4664602683178535,39.620000000000005,398.8,0,1,58.5,False
Rice,25.4,68.8,123.4,69.4,7.33,84.7,25.3,64.2,8.9,11.3,44.9,7,68.6,1747.5199999999998,8563.960000000001,174.2,0.9359116022099447,34.54,480.19999999999993,1,1,60.0,True
Cotton,20.2,44.6,186.7,59.2,5.91,88.6,23.4,50.7,7.8,17.4,21.1,3,145.3,900.92,11052.64,162.7,1.1797603195739015,28.14,435.90000000000003,0,0,40.5,True
Rice,27.0,63.4,111.4,58.4,6.28,57.7,32.1,36.7,7.4,6.1,30.1,3,119.4,1711.8,6505.76,126.50000000000001,0.8266475644699139,34.56,358.20000000000005,0,1,54.50000000000001,False
Maize,26.0,72.1,188.2,63.7,6.29,41.4,13.9,18.6,3.7,18.5,51.7,6,30.3,1874.6,11988.34,73.9,1.235820895522388,36.910000000000004,181.8,1,1,63.0,True
Groundnut,20.4,62.7,93.4,60.5,7.62,33.1,33.6,15.8,10.4,11.9,50.9,5,42.2,1279.08,5650.700000000001,82.5,0.6567460317460317,29.049999999999997,211.0,1,0,49.0,False
Tomato,30.5,55.5,122.0,51.4,6.26,60.0,35.3,70.4,5.0,12.4,37.7,6,81.0,1692.75,6270.8,165.7,0.5623242736644798,38.529999999999994,486.0,0,1,53.0,False
Tomato,38.0,64.7,139.7,50.2,6.39,64.4,28.2,28.7,6.4,13.0,25.7,6,62.9,2458.6,7012.94,121.30000000000001,1.1122625215889466,47.07,377.4,0,1,60.5,False
Soybean,29.5,34.5,86.3,35.9,7.96,60.9,50.6,35.0,7.5,8.5,40.2,5,66.6,1017.75,3098.1699999999996,146.5,0.7032332563510393,34.650000000000006,333.0,1,0,36.0,False
Wheat,27.7,30.0,72.3,45.4,6.5,38.1,36.2,51.4,7.3,13.3,20.2,3,59.8,831.0,3282.4199999999996,125.70000000000002,0.4300225733634312,33.36,179.39999999999998,1,0,43.0,False
Groundnut,26.2,54.6,175.7,73.3,6.77,71.5,41.9,74.9,9.5,16.5,51.0,6,140.2,1430.52,12878.81,188.3,0.6069609507640067,34.96,841.1999999999999,1,1,58.5,True
Soybean,22.3,66.6,66.1,41.1,6.63,33.0,32.6,59.2,4.8,13.6,44.1,2,64.6,1485.1799999999998,2716.71,124.8,0.35560344827586204,31.68,129.2,0,0,43.5,True
Soybean,35.0,33.3,112.8,51.5,5.98,15.9,50.3,67.7,8.2,11.6,45.4,7,96.6,1165.5,5809.2,133.9,0.13361344537815126,40.65,676.1999999999999,0,1,56.00000000000001,False
Tomato,21.8,63.2,229.6,89.5,7.13,74.4,22.1,55.5,7.5,18.0,38.1,4,78.2,1377.7600000000002,20549.2,152.0,0.9465648854961833,31.720000000000002,312.8,1,1,57.49999999999999,True
Soybean,21.1,65.0,217.5,84.4,7.17,23.0,40.3,19.4,7.6,11.0,57.7,1,141.1,1371.5,18357.0,82.69999999999999,0.37891268533772654,29.8,141.1,0,1,65.0,False
Maize,29.2,75.1,51.4,36.0,6.12,24.1,53.7,56.2,6.7,11.4,29.1,1,134.4,2192.9199999999996,1850.3999999999999,134.0,0.21731289449954916,38.99,134.4,1,1,59.5,True
Tomato,26.7,67.6,217.8,87.0,5.5,78.7,43.9,5.3,6.9,17.0,21.3,5,135.5,1804.9199999999998,18948.600000000002,127.89999999999999,1.5677290836653388,36.86,677.5,1,1,65.0,True
Rice,30.4,68.1,222.6,73.3,7.51,36.2,50.3,19.3,7.1,14.1,48.0,2,134.5,2070.24,16316.579999999998,105.8,0.5127478753541077,40.03,269.0,0,1,70.0,False
Cotton,34.5,63.2,159.9,58.8,5.97,62.9,28.9,12.6,7.6,9.0,47.3,7,94.9,2180.4,9402.119999999999,104.39999999999999,1.48,42.62,664.3000000000001,1,1,55.50000000000001,True
Cotton,19.4,55.0,350.0,90.0,6.15,14.3,31.7,32.4,5.8,8.9,6.2,4,76.6,1067.0,31500.0,78.4,0.21966205837173583,26.68,306.4,1,1,66.5,True
Rice,19.4,92.0,66.9,29.8,6.59,90.3,18.3,48.8,5.0,10.9,50.8,7,59.2,1784.8,1993.6200000000001,157.39999999999998,1.3259911894273129,30.779999999999998,414.40000000000003,1,1,51.5,True
Rice,27.7,60.0,90.7,50.8,8.0,46.7,34.9,60.1,3.4,18.6,52.6,5,103.9,1662.0,4607.5599999999995,141.7,0.4864583333333334,37.42,519.5,1,1,54.0,True
Maize,25.9,81.4,154.7,60.1,6.35,50.5,54.2,38.3,7.1,9.1,41.9,1,73.2,2108.26,9297.47,143.0,0.5401069518716578,35.86,73.2,1,1,62.0,True
Groundnut,22.6,52.0,75.7,27.2,7.14,79.4,44.7,77.4,6.4,6.0,28.9,2,146.1,1175.2,2059.04,201.5,0.6450040617384241,29.0,292.2,0,0,46.5,True
Groundnut,35.7,63.5,227.6,88.7,5.66,34.8,27.8,24.7,9.5,7.8,62.2,6,95.8,2266.9500000000003,20188.12,87.3,0.6504672897196261,43.61000000000001,574.8,1,1,62.5,True
Groundnut,22.4,79.7,61.1,46.4,6.47,95.4,14.1,54.3,7.4,8.7,45.9,5,118.8,1785.28,2835.04,163.8,1.37463976945245,32.11,594.0,1,1,53.0,True
Rice,23.9,55.2,113.8,61.9,6.46,31.4,36.1,53.8,4.6,18.3,60.3,5,20.0,1319.28,7044.219999999999,121.3,0.3454345434543454,33.08,100.0,1,1,53.0,True
Rice,37.2,58.4,173.6,44.1,7.1,89.1,32.2,10.3,7.5,15.7,34.4,5,84.5,2172.48,7655.76,131.6,2.0482758620689654,46.18000000000001,422.5,0,1,57.99999999999999,False
Rice,33.8,60.6,177.7,85.1,6.52,47.2,14.5,49.0,8.1,3.4,32.4,6,98.1,2048.2799999999997,15122.269999999999,110.7,0.7317829457364341,40.54,588.5999999999999,0,1,55.50000000000001,False
Cotton,24.6,55.8,59.4,36.4,7.35,74.4,16.4,38.7,5.7,11.1,25.8,5,111.4,1372.68,2162.16,129.5,1.3262032085561497,32.4,557.0,1,0,46.0,False
Soybean,25.8,62.9,44.9,50.3,7.28,71.8,30.4,32.7,6.1,11.0,34.5,6,99.0,1622.82,2258.47,134.89999999999998,1.1201248049921997,34.290000000000006,594.0,1,1,53.0,True
Wheat,15.9,84.5,158.9,65.1,7.32,72.1,49.0,29.3,8.3,10.3,29.4,7,144.6,1343.55,10344.39,150.4,0.9092055485498108,26.41,1012.1999999999999,1,1,56.00000000000001,True
Wheat,25.4,68.4,59.8,38.2,6.0,78.2,5.0,58.5,7.3,10.3,46.4,2,123.1,1737.3600000000001,2284.36,141.7,1.2124031007751939,34.300000000000004,246.2,0,0,49.0,True
Tomato,31.5,95.0,94.8,50.5,5.54,49.2,42.8,56.6,4.2,6.3,47.3,6,74.2,2992.5,4787.4,148.6,0.4900398406374502,42.26,445.20000000000005,1,1,61.5,True
Rice,16.6,60.9,101.3,72.5,7.37,61.9,38.3,61.4,6.7,15.8,32.2,3,20.0,1010.94,7344.25,161.6,0.6146971201588879,25.85,60.0,0,1,65.0,False
Wheat,30.5,70.3,109.1,64.1,7.2,38.5,18.3,45.2,5.7,13.6,32.7,1,73.5,2144.15,6993.309999999999,102.0,0.5968992248062015,40.25,73.5,0,1,53.0,False
Wheat,25.5,63.0,72.3,39.1,6.79,78.9,54.8,43.7,4.6,1.0,46.0,6,44.3,1606.5,2826.93,177.39999999999998,0.7929648241206031,32.0,265.79999999999995,1,0,44.5,False
Maize,27.6,75.3,350.0,90.0,6.39,52.8,25.2,30.4,6.5,1.5,57.0,6,20.0,2078.28,31500.0,108.4,0.9328621908127209,35.43,120.0,0,1,70.5,False
Maize,20.4,89.2,92.4,42.1,7.85,53.2,31.4,66.6,6.2,16.1,56.2,5,116.2,1819.6799999999998,3890.0400000000004,151.2,0.5373737373737374,32.54,581.0,1,1,59.5,True
Maize,24.4,76.9,99.8,46.5,6.87,49.1,25.8,51.8,7.2,12.9,34.3,6,92.1,1876.3600000000001,4640.7,126.7,0.6246819338422392,34.669999999999995,552.5999999999999,0,0,48.0,True
Rice,28.7,76.6,120.1,57.0,6.25,74.1,41.7,51.4,7.5,20.8,45.8,6,84.6,2198.4199999999996,6845.7,167.2,0.7874601487778958,40.519999999999996,507.59999999999997,0,1,58.5,False
Cotton,27.3,79.4,65.8,49.7,6.81,23.8,48.2,59.4,7.4,10.6,61.0,7,121.1,2167.6200000000003,3270.26,131.4,0.21915285451197056,37.36,847.6999999999999,0,1,62.0,False
Soybean,27.8,56.5,30.8,43.0,6.87,82.6,15.4,91.2,7.5,17.9,30.6,4,98.9,1570.7,1324.4,189.2,0.7676579925650556,37.03,395.6,0,0,49.0,True
Maize,23.1,70.1,36.3,19.8,6.81,86.1,37.4,37.1,9.1,6.2,56.8,1,145.0,1619.31,718.74,160.6,1.1403973509933774,31.349999999999998,145.0,0,0,50.0,True
Rice,23.1,90.4,145.1,67.5,7.65,37.4,49.8,72.2,5.5,16.2,51.9,2,68.1,2088.2400000000002,9794.25,159.39999999999998,0.3040650406504065,35.38,136.2,1,1,59.5,True
Wheat,28.6,63.1,89.3,39.2,6.54,43.3,38.7,46.8,8.8,8.3,39.7,3,83.5,1804.66,3500.56,128.8,0.5005780346820808,36.57000000000001,250.5,1,1,65.5,True
Soybean,27.2,40.5,59.9,37.4,5.55,61.2,28.0,54.0,6.1,11.7,21.5,7,100.0,1101.6,2240.2599999999998,143.2,0.7373493975903614,33.59,700.0,0,0,35.0,True
Maize,30.5,52.6,221.2,86.6,5.56,41.8,34.9,41.6,6.1,16.1,28.2,2,86.0,1604.3,19155.92,118.29999999999998,0.5393548387096774,38.98,172.0,0,1,60.0,False
Maize,21.6,78.8,252.6,89.4,6.65,39.5,36.3,30.7,6.2,5.1,35.1,2,71.3,1702.0800000000002,22582.440000000002,106.5,0.5808823529411765,30.5,142.6,1,1,60.5,True
Rice,33.4,61.8,123.3,46.5,6.22,68.0,36.7,44.2,7.4,1.0,29.3,1,111.5,2064.12,5733.45,148.9,0.8302808302808302,39.78,111.5,0,0,50.0,True
Soybean,22.0,74.6,350.0,90.0,7.38,30.1,39.1,42.5,9.7,7.7,39.3,2,89.8,1641.1999999999998,31500.0,111.7,0.364406779661017,31.0,179.6,0,1,65.0,False
Rice,28.4,88.2,170.8,70.8,7.2,38.8,21.3,34.9,5.4,12.5,22.0,1,42.9,2504.88,12092.64,95.0,0.6783216783216782,39.72,42.9,1,1,56.00000000000001,True
Groundnut,25.9,65.5,151.7,73.6,6.67,66.6,19.1,52.2,10.2,15.0,34.5,3,110.8,1696.4499999999998,11165.119999999999,137.89999999999998,0.9211618257261408,35.449999999999996,332.4,1,1,51.5,True
Groundnut,28.2,55.5,158.2,57.3,6.5,80.4,51.6,23.6,5.2,5.3,31.5,4,86.3,1565.1,9064.859999999999,155.6,1.0551181102362206,34.81,345.2,0,1,65.0,False
Groundnut,27.8,49.3,122.4,71.7,5.9,86.4,28.6,57.8,9.4,2.9,28.6,7,144.5,1370.54,8776.08,172.8,0.988558352402746,33.31,1011.5,1,1,65.5,True
Groundnut,29.3,77.3,254.7,90.0,6.75,53.6,15.1,26.6,9.5,8.8,46.3,1,71.0,2264.89,22923.0,95.30000000000001,1.2552693208430912,38.79,71.0,1,1,69.5,True
Groundnut,30.0,62.0,197.4,71.1,5.47,56.1,21.5,78.1,6.8,12.7,26.8,2,83.8,1860.0,14035.14,155.7,0.5576540755467198,38.74,167.6,0,1,57.99999999999999,False
Cotton,24.1,78.5,59.7,30.8,6.81,58.5,11.9,69.7,7.8,14.4,49.0,3,68.1,1891.8500000000001,1838.7600000000002,140.10000000000002,0.7082324455205811,34.830000000000005,204.29999999999998,0,0,47.0,True
Rice,27.7,73.5,137.5,41.9,7.06,64.4,44.8,13.0,7.5,11.5,40.1,7,80.0,2035.95,5761.25,122.2,1.0952380952380953,37.349999999999994,560.0,1,1,58.5,True
Rice,29.0,72.5,41.2,39.7,6.03,18.0,45.8,47.8,7.4,23.1,29.8,5,86.5,2102.5,1635.6400000000003,111.6,0.19027484143763215,40.87,432.5,0,1,56.99999999999999,False
Soybean,28.7,65.0,101.5,57.6,5.96,28.2,60.1,49.5,6.4,2.9,43.8,5,114.2,1865.5,5846.400000000001,137.8,0.2549728752260398,35.78,571.0,1,1,55.00000000000001,True
Tomato,37.5,78.6,350.0,90.0,5.82,70.4,48.4,31.0,6.0,13.5,47.9,1,86.3,2947.5,31500.0,149.8,0.8756218905472637,48.06,86.3,0,1,73.0,False
Soybean,31.7,61.7,89.8,39.3,6.98,67.5,41.1,58.2,5.7,13.0,42.7,6,120.7,1955.89,3529.1399999999994,166.8,0.6729810568295114,40.47,724.2,0,1,52.0,False
Soybean,29.4,83.1,128.9,73.1,6.75,50.1,33.9,45.5,6.2,15.9,34.9,5,124.1,2443.14,9422.59,129.5,0.6231343283582089,40.88999999999999,620.5,1,1,59.0,True
Tomato,15.0,56.0,231.7,89.4,6.48,34.3,28.9,41.6,7.9,13.3,40.4,1,30.0,840.0,20713.98,104.8,0.4797202797202797,23.26,30.0,1,1,66.5,True
Wheat,32.0,66.3,51.2,28.0,6.83,86.1,53.0,52.3,7.9,11.7,32.4,7,130.7,2121.6,1433.6000000000001,191.39999999999998,0.8099717779868297,40.97,914.8999999999999,1,0,47.5,False
Groundnut,21.0,75.4,135.8,52.7,6.54,61.8,32.3,55.3,8.7,9.9,31.6,3,59.7,1583.4,7156.660000000001,149.39999999999998,0.6975169300225734,30.52,179.10000000000002,1,1,61.5,True
Maize,26.8,54.4,151.8,89.6,6.7,36.2,56.1,57.5,7.5,11.1,39.6,7,114.2,1457.92,13601.28,149.8,0.3158813263525306,34.46,799.4,0,1,58.5,False
Soybean,23.5,65.8,90.1,30.4,6.16,27.2,19.8,29.6,7.7,13.1,29.1,4,106.5,1546.3,2739.0399999999995,76.6,0.5396825396825397,32.699999999999996,426.0,0,0,40.5,True
Maize,30.4,72.1,246.0,90.0,5.94,89.2,24.3,56.8,7.7,9.9,32.5,2,40.8,2191.8399999999997,22140.0,170.3,1.0864799025578564,39.589999999999996,81.6,1,1,70.0,True
Tomato,29.0,58.6,25.7,20.3,7.33,37.6,22.1,47.5,7.6,14.1,29.6,1,125.2,1699.4,521.71,107.2,0.5325779036827196,37.68,125.2,1,1,52.5,True
Wheat,26.7,88.5,85.2,57.6,5.49,36.2,23.7,49.7,8.1,4.6,64.3,6,72.0,2362.95,4907.52,109.60000000000001,0.48655913978494625,36.47,432.0,1,1,56.99999999999999,True
Soybean,27.0,40.0,87.5,48.0,5.64,76.0,35.4,53.9,8.7,6.9,16.7,3,139.4,1080.0,4200.0,165.3,0.8416389811738649,32.38,418.20000000000005,1,0,40.5,False
Cotton,25.9,73.7,271.7,87.4,7.57,10.0,26.0,45.9,5.8,9.9,54.0,5,56.5,1908.83,23746.58,81.9,0.1371742112482853,35.24999999999999,282.5,0,1,66.5,False
Wheat,32.5,81.7,145.4,68.3,6.05,64.6,33.3,12.3,8.6,14.6,42.5,1,47.7,2655.25,9930.82,110.19999999999999,1.386266094420601,43.59,47.7,0,1,52.5,False
Groundnut,26.4,87.1,54.5,53.2,6.06,75.3,35.6,48.8,4.9,5.0,51.6,1,36.8,2299.4399999999996,2899.4,159.7,0.8817330210772832,36.11,36.8,1,1,57.49999999999999,True
Cotton,24.5,75.9,77.2,57.4,7.32,72.5,12.8,11.3,6.1,9.5,21.9,4,100.5,1859.5500000000002,4431.28,96.6,2.888446215139442,33.99,402.0,0,0,47.0,True
Tomato,26.9,70.7,29.8,19.6,6.44,64.3,44.1,24.7,4.1,11.0,39.6,5,75.2,1901.83,584.08,133.1,0.9212034383954155,36.17,376.0,1,0,42.0,False
Soybean,24.2,67.4,160.9,86.0,5.0,43.1,33.8,56.1,5.6,18.4,53.8,3,179.5,1631.0800000000002,13837.4,133.0,0.47414741474147415,34.62,538.5,0,1,62.0,False
Groundnut,28.0,78.7,87.9,55.1,5.28,42.2,52.9,78.7,5.5,11.8,50.5,4,52.6,2203.6,4843.290000000001,173.8,0.3182503770739065,38.23,210.4,1,1,52.0,True
Cotton,20.6,76.5,128.8,67.3,6.91,58.5,55.4,30.9,7.7,14.2,62.3,1,107.4,1575.9,8668.24,144.8,0.6701030927835052,31.09,107.4,1,1,59.5,True
Cotton,25.0,59.9,173.4,75.5,6.11,68.4,43.9,50.9,5.2,17.3,28.0,5,153.6,1497.5,13091.7,163.20000000000002,0.7139874739039667,34.45,768.0,1,1,57.49999999999999,True
Tomato,27.0,71.3,96.6,36.8,7.06,98.5,5.0,61.6,6.7,1.0,55.8,3,143.3,1925.1,3554.8799999999997,165.1,1.4571005917159765,34.330000000000005,429.90000000000003,0,0,50.0,True
Wheat,27.3,82.8,129.1,83.5,6.41,68.1,16.6,33.0,7.2,21.1,43.1,6,133.2,2260.44,10779.85,117.69999999999999,1.3458498023715413,39.8,799.1999999999999,0,1,61.0,False
Soybean,26.8,47.4,194.4,75.0,6.3,97.8,58.1,36.7,8.3,7.8,15.5,7,87.4,1270.32,14580.0,192.60000000000002,1.020876826722338,33.1,611.8000000000001,1,1,63.5,True
Tomato,23.9,33.7,120.2,53.3,6.67,83.8,43.3,69.8,7.4,16.4,43.1,3,103.6,805.4300000000001,6406.66,196.89999999999998,0.7344434706397897,30.55,310.79999999999995,1,0,43.0,False
Tomato,25.4,60.9,176.4,75.2,6.08,40.4,30.3,40.0,8.3,10.0,8.0,7,121.2,1546.86,13265.28,110.7,0.5666199158485273,33.489999999999995,848.4,0,1,63.0,False
Tomato,29.2,62.6,170.5,87.3,5.13,48.7,44.0,77.4,6.2,12.5,33.4,7,149.5,1827.92,14884.65,170.10000000000002,0.3978758169934641,37.96,1046.5,1,1,56.99999999999999,True
Rice,29.5,56.4,138.0,78.8,7.11,73.5,44.4,20.4,9.2,6.3,38.8,6,59.1,1663.8,10874.4,138.3,1.1170212765957448,36.4,354.6,0,1,64.5,False
Groundnut,38.0,55.5,45.5,37.0,6.31,42.1,30.5,46.5,7.6,6.6,37.8,2,135.1,2109.0,1683.5,119.1,0.5397435897435897,44.87,270.2,1,0,43.5,False
Soybean,36.0,83.2,87.4,80.4,7.05,41.3,40.1,24.7,8.1,7.7,48.9,6,58.2,2995.2000000000003,7026.960000000001,106.10000000000001,0.6276595744680851,45.86,349.20000000000005,1,1,58.5,True
Tomato,31.0,37.3,350.0,90.0,5.44,50.3,34.0,56.5,6.2,9.7,21.7,6,70.5,1156.3,31500.0,140.8,0.5497267759562842,36.669999999999995,423.0,0,1,78.0,False
Tomato,21.0,32.2,213.9,90.0,6.66,88.3,29.0,56.8,6.6,6.6,30.2,4,162.1,676.2,19251.0,174.1,1.0172811059907834,25.54,648.4,1,1,53.0,True
Groundnut,23.2,81.6,275.2,83.8,6.97,36.8,52.8,33.7,8.7,18.3,70.5,1,122.1,1893.12,23061.76,123.3,0.42057142857142854,35.019999999999996,122.1,1,1,65.5,True
Maize,22.0,56.5,107.4,41.0,5.0,38.2,32.4,43.0,9.0,7.2,32.2,6,98.7,1243.0,4403.400000000001,113.6,0.5,29.09,592.2,1,1,51.5,True
Rice,26.0,89.2,142.5,67.2,6.42,49.1,47.0,48.1,6.1,18.3,50.3,2,88.2,2319.2000000000003,9576.0,144.2,0.5109261186264309,38.58,176.4,0,1,57.99999999999999,False
Rice,23.3,57.6,65.5,62.6,6.98,36.9,33.7,5.0,8.6,1.0,6.7,5,95.4,1342.0800000000002,4100.3,75.6,0.9294710327455918,29.26,477.0,1,1,51.0,True
Groundnut,32.6,76.5,85.8,44.2,6.06,54.2,19.7,64.7,6.5,3.5,40.4,3,122.0,2493.9,3792.36,138.60000000000002,0.6346604215456675,40.95,366.0,1,0,47.5,False
Rice,26.5,36.3,184.5,56.1,6.51,59.9,37.7,53.8,6.9,23.5,29.4,6,110.1,961.9499999999999,10350.45,151.39999999999998,0.6475675675675675,34.83,660.5999999999999,1,1,52.0,True
Rice,35.9,77.8,251.1,90.0,6.52,24.5,31.1,58.9,6.0,10.2,52.0,7,148.8,2793.02,22599.0,114.5,0.2692307692307692,45.72,1041.6000000000001,0,1,70.0,False
Maize,30.6,61.4,66.5,45.9,7.14,58.5,22.7,52.1,8.2,14.7,40.1,4,95.8,1878.8400000000001,3052.35,133.3,0.7717678100263853,39.68,383.2,1,0,48.5,False
Maize,25.1,62.1,168.6,48.6,6.88,40.2,40.7,62.9,4.9,18.9,19.7,7,105.3,1558.71,8193.96,143.8,0.38432122370936905,35.09,737.1,1,0,36.0,False
Rice,30.6,79.0,84.6,37.3,6.88,54.9,49.0,61.8,9.6,14.2,36.5,3,143.4,2417.4,3155.5799999999995,165.7,0.49105545617173524,41.34,430.20000000000005,0,1,55.00000000000001,False
Tomato,25.9,82.9,57.3,33.0,5.47,63.8,23.6,37.4,9.3,12.3,58.1,5,68.1,2147.11,1890.8999999999999,124.80000000000001,1.0290322580645161,36.65,340.5,1,0,47.0,False
Tomato,20.1,59.2,45.5,19.3,7.51,50.5,48.2,35.0,6.5,17.7,44.6,4,85.4,1189.92,878.15,133.7,0.5997624703087886,29.560000000000002,341.6,0,0,42.0,True
Maize,27.5,66.8,51.4,15.0,7.24,19.5,56.6,57.4,6.7,8.1,37.1,7,99.9,1837.0,771.0,133.5,0.16956521739130434,35.8,699.3000000000001,1,0,44.0,False
Soybean,25.1,88.9,131.0,79.9,5.95,62.7,34.7,51.3,5.3,13.5,43.6,1,90.2,2231.3900000000003,10466.900000000001,148.7,0.7206896551724138,36.690000000000005,90.2,0,1,60.0,False
Rice,27.7,83.9,138.0,66.4,5.82,68.0,5.0,49.3,8.1,12.6,32.7,7,115.4,2324.03,9163.2,122.3,1.2296564195298374,38.61000000000001,807.8000000000001,1,1,59.5,True
Wheat,26.5,87.8,201.4,90.0,7.15,42.2,47.1,42.4,5.6,22.1,48.4,7,107.1,2326.7,18126.0,131.70000000000002,0.4662983425414365,39.7,749.6999999999999,0,1,71.5,False
Maize,30.8,73.9,76.8,53.2,7.79,28.9,39.8,57.0,7.5,1.0,21.2,5,158.3,2276.1200000000003,4085.76,125.69999999999999,0.2955010224948875,38.39,791.5,1,1,55.50000000000001,True
Maize,22.4,71.6,111.4,63.9,5.97,38.1,37.4,19.3,4.5,9.7,54.4,3,65.3,1603.8399999999997,7118.46,94.8,0.6603119584055459,31.5,195.89999999999998,0,0,49.5,True
Groundnut,19.1,56.5,84.8,47.7,6.93,10.0,49.1,52.9,6.8,9.4,7.3,4,96.5,1079.15,4044.96,112.0,0.0970873786407767,26.63,386.0,1,0,41.0,False
Cotton,16.7,86.2,169.4,62.0,7.11,32.5,34.6,69.7,6.2,7.9,40.3,1,75.9,1439.54,10502.800000000001,136.8,0.30864197530864196,26.9,75.9,1,1,65.5,True
Maize,26.7,95.0,58.9,53.3,6.16,71.2,13.4,42.4,8.5,6.9,35.8,6,100.4,2536.5,3139.37,127.0,1.2535211267605635,37.580000000000005,602.4000000000001,0,0,44.0,True
Rice,23.2,75.1,170.6,61.6,7.61,30.0,51.7,58.3,8.0,18.1,45.7,3,123.1,1742.3199999999997,10508.96,140.0,0.2702702702702703,34.33,369.29999999999995,1,1,53.5,True
Tomato,33.6,81.8,93.2,54.3,6.37,24.3,52.9,41.9,5.9,12.6,43.4,3,20.0,2748.48,5060.76,119.1,0.2536534446764092,44.300000000000004,60.0,1,1,61.0,True
Tomato,29.4,95.0,272.2,90.0,5.88,54.7,41.5,61.6,7.6,11.4,35.9,4,56.5,2793.0,24498.0,157.8,0.5254562920268973,41.18,226.0,0,1,72.5,False
Tomato,33.9,61.5,166.8,74.8,6.08,54.2,27.6,68.0,5.5,17.8,47.8,4,136.0,2084.85,12476.640000000001,149.8,0.5610766045548655,43.61,544.0,0,1,56.49999999999999,False
Tomato,31.2,68.7,179.3,70.0,7.45,96.2,41.2,66.0,5.5,15.0,31.3,2,74.3,2143.44,12551.0,203.4,0.88909426987061,41.07,148.6,0,1,66.5,False
Cotton,27.4,49.9,144.8,60.8,6.62,26.4,51.9,67.6,6.9,1.0,29.6,5,69.2,1367.26,8803.84,145.89999999999998,0.21908713692946058,32.59,346.0,1,1,61.5,True
Maize,31.8,74.1,242.1,90.0,7.08,91.8,30.7,42.3,6.6,8.8,55.4,3,117.7,2356.3799999999997,21789.0,164.8,1.2405405405405405,40.97,353.1,0,1,68.0,False
Soybean,28.0,77.4,102.6,52.8,6.31,36.7,48.9,38.4,6.6,14.7,66.6,3,110.8,2167.2000000000003,5417.28,124.0,0.4156285390713477,38.68,332.4,0,0,50.0,True
Groundnut,29.6,46.5,226.0,80.3,6.82,51.7,20.5,41.1,6.2,13.4,55.5,5,63.2,1376.4,18147.8,113.30000000000001,0.8258785942492013,36.93,316.0,0,1,56.49999999999999,False
Soybean,23.0,94.5,75.1,38.7,5.47,10.0,54.4,53.9,8.0,1.0,36.9,2,117.2,2173.5,2906.37,118.30000000000001,0.09149130832570906,32.650000000000006,234.4,0,1,55.50000000000001,False
Groundnut,23.3,75.8,59.0,39.0,5.52,51.5,50.1,44.5,8.9,7.4,18.7,1,137.5,1766.14,2301.0,146.1,0.5387029288702929,32.36,137.5,0,0,44.5,True
Soybean,25.3,51.3,210.7,63.1,6.2,44.3,5.0,27.7,7.3,14.5,31.4,7,89.5,1297.8899999999999,13295.17,77.0,1.3145400593471808,33.33,626.5,0,1,53.0,False
Groundnut,37.6,60.3,159.9,57.6,5.9,77.0,28.5,34.7,7.7,14.2,35.6,5,103.5,2267.28,9210.24,140.2,1.1993769470404985,46.47,517.5,1,1,61.5,True
Wheat,22.9,51.4,86.6,37.2,5.9,52.7,42.7,41.4,9.1,8.4,39.0,3,38.8,1177.06,3221.52,136.8,0.619271445358402,29.72,116.39999999999999,1,0,39.5,False
Groundnut,21.2,53.0,135.2,57.3,5.85,87.0,32.9,46.2,6.2,14.3,26.4,2,69.5,1123.6,7746.959999999999,166.10000000000002,1.0861423220973783,29.36,139.0,1,1,57.49999999999999,True
Rice,26.2,43.1,127.7,57.5,6.74,43.7,57.4,41.6,7.0,11.2,34.4,2,89.5,1129.22,7342.75,142.7,0.43700000000000006,32.75,179.0,0,0,47.5,True
Maize,31.0,70.5,203.7,78.6,6.07,35.8,21.4,26.6,6.9,16.9,68.0,6,68.4,2185.5,16010.819999999998,83.8,0.7306122448979592,41.43,410.40000000000003,1,1,79.0,True
Rice,20.9,51.6,294.2,90.0,6.39,14.9,31.9,29.9,6.5,10.6,38.9,7,93.2,1078.44,26478.0,76.69999999999999,0.2372611464968153,28.18,652.4,1,1,56.00000000000001,True
Cotton,27.9,66.5,172.7,74.1,7.42,68.4,27.8,98.1,8.8,17.0,29.1,4,119.1,1855.35,12797.069999999998,194.3,0.5390070921985817,37.949999999999996,476.4,1,1,52.5,True
Soybean,25.9,72.7,79.2,46.6,7.83,52.4,39.2,46.9,7.2,1.0,51.0,6,79.9,1882.93,3690.7200000000003,138.5,0.6016073478760046,33.370000000000005,479.40000000000003,0,0,44.5,True
Rice,22.5,65.9,203.1,72.0,6.81,55.0,32.1,24.7,4.8,20.1,29.1,6,88.0,1482.7500000000002,14623.199999999999,111.8,0.9515570934256056,33.11,528.0,0,1,56.99999999999999,False
Wheat,26.3,71.6,142.9,67.4,6.67,47.1,50.9,48.9,9.7,23.8,35.7,5,154.6,1883.08,9631.460000000001,146.9,0.46726190476190477,38.22,773.0,1,0,49.5,False
Tomato,30.1,95.0,80.5,69.9,6.67,42.6,31.4,57.3,9.0,1.0,54.3,7,69.6,2859.5,5626.950000000001,131.3,0.4749163879598663,39.800000000000004,487.19999999999993,0,1,62.5,False
Rice,19.7,65.2,335.5,90.0,5.78,61.8,35.5,27.1,11.0,10.3,40.4,5,126.5,1284.44,30195.0,124.4,0.9716981132075471,28.279999999999998,632.5,1,1,73.5,True
Rice,37.2,95.0,115.1,59.3,7.15,71.9,17.6,45.1,4.5,7.5,72.1,2,84.4,3534.0000000000005,6825.429999999999,134.6,1.1287284144427001,48.2,168.8,0,1,69.5,False
Rice,29.8,62.9,137.2,58.7,7.28,66.1,46.0,5.0,8.9,11.2,49.6,3,20.0,1874.42,8053.639999999999,117.1,1.271153846153846,38.330000000000005,60.0,0,1,60.5,False
Cotton,20.5,56.8,213.8,66.5,7.27,46.0,35.3,50.3,9.5,14.4,30.4,5,142.2,1164.3999999999999,14217.7,131.6,0.5311778290993072,29.06,711.0,0,1,69.5,False
Soybean,31.7,62.5,54.5,50.0,6.3,47.8,33.1,35.8,7.1,3.4,22.5,3,110.8,1981.25,2725.0,116.7,0.6838340486409155,38.63,332.4,0,0,46.5,True
Tomato,25.9,66.5,229.7,90.0,6.47,56.6,25.9,61.5,6.5,2.7,30.7,2,120.7,1722.35,20673.0,144.0,0.6402714932126696,33.089999999999996,241.4,1,1,70.5,True
Soybean,29.0,63.8,176.2,72.9,7.28,59.6,60.8,44.5,8.1,8.8,46.8,6,132.2,1850.1999999999998,12844.98,164.9,0.5606773283160865,37.14,793.1999999999999,1,1,61.5,True
Wheat,35.8,75.1,136.1,37.4,5.83,46.9,47.6,44.3,7.6,9.7,39.9,7,69.4,2688.5799999999995,5090.139999999999,138.8,0.5048439181916038,45.24999999999999,485.80000000000007,0,1,62.5,False
Tomato,29.6,81.3,171.6,61.1,6.96,82.4,5.0,67.0,8.2,14.0,35.5,2,140.7,2406.48,10484.76,154.4,1.1287671232876713,40.53,281.4,1,1,66.0,True
Wheat,25.3,68.9,191.8,90.0,6.74,51.1,38.7,40.5,7.7,13.3,33.2,6,93.4,1743.1700000000003,17262.0,130.3,0.6371571072319202,34.849999999999994,560.4000000000001,1,1,72.0,True
Rice,24.5,55.8,101.2,48.3,6.01,81.2,22.8,33.3,9.0,20.6,54.5,2,148.3,1367.1,4887.96,137.3,1.4220665499124345,34.199999999999996,296.6,0,1,53.5,False
Tomato,28.2,64.3,106.6,35.5,6.72,47.2,20.4,77.2,4.0,16.1,37.1,7,97.9,1813.2599999999998,3784.2999999999997,144.8,0.4787018255578094,37.849999999999994,685.3000000000001,1,1,56.00000000000001,True
Tomato,28.8,71.0,154.6,50.4,6.27,37.3,5.0,58.7,4.7,10.3,39.3,7,64.7,2044.8,7791.839999999999,101.0,0.5765069551777433,37.96,452.90000000000003,0,1,61.0,False
Cotton,26.0,47.9,203.4,64.0,8.0,62.5,25.6,31.8,9.3,17.5,22.1,2,142.4,1245.3999999999999,13017.6,119.89999999999999,1.0702054794520548,34.29,284.8,0,1,54.0,False
Soybean,26.2,60.3,76.3,38.6,6.0,47.7,43.7,5.0,10.3,11.4,32.9,1,61.9,1579.86,2945.18,96.4,0.959758551307847,34.51,61.9,1,1,55.50000000000001,True
Soybean,30.7,42.4,182.1,78.0,5.32,50.0,40.0,35.1,10.3,6.5,19.6,4,137.7,1301.6799999999998,14203.8,125.1,0.657030223390276,36.239999999999995,550.8,1,0,47.0,False
Maize,23.6,65.8,303.7,90.0,5.05,86.2,47.9,9.0,4.1,1.6,46.0,3,112.7,1552.88,27333.0,143.1,1.4887737478411054,30.5,338.1,0,1,72.5,False
Groundnut,27.2,59.5,221.8,64.0,6.51,47.3,27.3,77.4,9.7,15.9,0.6,7,93.3,1618.3999999999999,14195.2,152.0,0.44749290444654677,36.33,653.1,0,1,59.5,False
Groundnut,23.2,61.1,335.9,90.0,7.37,76.4,27.8,10.1,9.2,9.9,44.1,6,62.4,1417.52,30230.999999999996,114.3,1.96401028277635,31.29,374.4,0,1,76.5,False
Rice,25.2,53.4,62.4,28.9,6.71,25.6,36.0,70.0,8.6,16.8,44.0,2,142.3,1345.6799999999998,1803.36,131.6,0.23925233644859814,33.9,284.6,0,1,54.0,False
Rice,34.3,61.8,113.5,38.4,6.45,74.9,34.9,30.1,5.6,15.5,21.6,3,76.0,2119.74,4358.4,139.9,1.134848484848485,43.58,228.0,0,1,63.0,False
Rice,27.2,42.4,76.5,27.5,5.93,44.8,51.0,52.6,8.6,8.8,31.1,2,33.3,1153.28,2103.75,148.4,0.4282982791586998,33.199999999999996,66.6,1,0,33.5,False
Wheat,25.6,66.8,175.0,82.8,6.47,42.6,61.7,32.1,9.3,3.2,24.7,4,73.6,1710.08,14490.0,136.4,0.4493670886075949,32.92,294.4,1,1,59.0,True
Tomato,23.4,84.1,202.9,88.0,6.87,25.6,28.3,41.8,3.7,16.7,38.7,2,80.9,1967.9399999999998,17855.2,95.7,0.36005625879043607,35.15,161.8,0,1,63.5,False
Tomato,31.0,73.3,104.1,50.1,5.66,30.1,51.8,41.9,6.1,3.0,37.9,5,22.3,2272.2999999999997,5215.41,123.80000000000001,0.3178458289334742,38.93,111.5,1,1,60.5,True
Groundnut,33.4,53.1,52.7,47.4,6.67,41.6,15.9,60.6,5.9,9.5,58.5,6,105.1,1773.54,2497.98,118.1,0.5367741935483871,40.61,630.5999999999999,1,1,60.0,True
Soybean,26.9,68.2,12.8,42.4,5.92,38.3,58.3,30.0,7.8,18.5,54.5,2,74.7,1834.58,542.72,126.6,0.42889137737961924,37.42,149.4,1,0,46.0,False
Maize,27.5,77.4,103.0,62.2,6.5,54.8,38.2,24.5,7.8,17.6,61.2,3,100.7,2128.5,6406.6,117.5,0.8602825745682887,38.760000000000005,302.1,0,1,63.5,False
Maize,34.5,79.5,214.8,90.0,5.92,31.9,36.0,81.9,7.8,10.9,46.5,3,133.8,2742.75,19332.0,149.8,0.26829268292682923,44.63,401.40000000000003,1,1,61.5,True
Rice,30.3,44.7,30.7,26.1,7.03,58.3,40.1,33.6,7.3,9.7,33.4,3,83.0,1354.41,801.27,132.0,0.7804551539491298,36.71,249.0,0,0,26.0,True
Cotton,18.0,66.4,226.7,84.1,6.27,70.2,20.6,13.9,5.4,10.1,38.5,2,99.0,1195.2,19065.469999999998,104.70000000000002,1.9774647887323944,26.66,198.0,1,1,53.0,True
Wheat,23.0,75.7,69.6,70.2,6.44,78.3,46.2,57.0,3.0,13.5,46.1,5,106.0,1741.1000000000001,4885.92,181.5,0.7514395393474088,33.27,530.0,0,1,55.50000000000001,False
Wheat,28.7,75.9,59.4,45.5,6.88,51.9,42.6,35.5,6.7,7.7,38.5,4,58.5,2178.33,2702.7,130.0,0.6561314791403288,37.83,234.0,1,0,44.5,False
Maize,29.8,69.2,86.2,38.4,7.51,65.8,54.7,36.6,7.7,13.7,27.3,6,101.7,2062.1600000000003,3310.08,157.1,0.712892741061755,39.46,610.2,0,0,42.5,True
Cotton,30.3,59.2,213.4,65.2,7.59,109.2,17.0,57.0,8.2,4.3,18.9,7,95.1,1793.7600000000002,13913.68,183.2,1.456,37.08,665.6999999999999,0,0,47.5,True
Maize,25.2,67.9,94.3,38.7,7.08,41.2,33.1,60.4,11.0,8.8,44.2,7,72.6,1711.0800000000002,3649.4100000000003,134.70000000000002,0.435978835978836,33.75,508.19999999999993,0,1,52.5,False
Rice,36.7,79.1,34.7,37.2,7.39,21.7,21.4,81.4,7.3,4.3,49.2,5,100.8,2902.97,1290.8400000000001,124.5,0.20905587668593445,45.47,504.0,0,1,65.0,False
Rice,30.9,46.2,66.9,39.2,8.0,71.8,43.4,50.8,7.4,13.2,38.0,1,99.5,1427.58,2622.4800000000005,166.0,0.754201680672269,38.16,99.5,0,0,47.5,True
Wheat,34.8,82.6,158.6,70.5,7.26,98.4,50.0,16.2,8.5,16.9,47.5,3,80.0,2874.4799999999996,11181.3,164.6,1.4642857142857144,46.44,240.0,1,1,57.49999999999999,True
Maize,31.1,95.0,83.4,48.3,6.53,34.9,22.8,62.2,6.1,9.6,27.8,2,94.5,2954.5,4028.2200000000003,119.9,0.40581395348837207,42.52,189.0,0,1,51.0,False
Soybean,25.2,70.0,98.0,39.1,6.27,46.8,34.5,30.4,8.2,12.0,48.5,4,54.4,1764.0,3831.8,111.69999999999999,0.7101669195751137,34.6,217.6,0,1,56.49999999999999,False
Soybean,23.5,54.4,87.3,57.5,6.78,32.6,55.9,54.4,7.9,11.5,43.5,4,48.3,1278.3999999999999,5019.75,142.9,0.29290206648697215,31.24,193.2,0,1,53.0,False
Rice,32.8,78.6,82.2,28.2,6.0,55.4,19.4,43.8,6.4,11.1,29.4,2,118.0,2578.0799999999995,2318.04,118.6,0.8629283489096574,42.879999999999995,236.0,1,0,48.0,False
Cotton,31.5,37.2,47.3,33.2,6.06,76.1,32.9,62.7,9.9,13.5,14.9,4,89.4,1171.8000000000002,1570.3600000000001,171.7,0.7877846790890269,37.92,357.6,1,0,48.0,False
Wheat,30.4,55.8,332.1,90.0,7.3,38.0,35.5,40.1,7.1,3.5,53.2,1,119.2,1696.32,29889.000000000004,113.6,0.49608355091383816,36.68,119.2,1,1,76.0,True
Wheat,32.7,80.6,125.1,46.9,6.68,49.0,22.1,72.4,7.4,15.0,44.3,3,140.6,2635.62,5867.19,143.5,0.5130890052356021,43.760000000000005,421.79999999999995,1,1,57.99999999999999,True
Cotton,24.4,35.6,184.0,71.7,6.77,48.6,29.0,49.8,7.7,7.8,19.6,1,131.8,868.64,13192.800000000001,127.39999999999999,0.6090225563909775,29.519999999999996,131.8,1,1,64.0,True
Rice,19.6,75.3,74.5,37.7,6.2,69.2,54.1,23.4,6.2,6.8,30.4,6,124.0,1475.88,2808.65,146.70000000000002,0.8815286624203822,28.490000000000002,744.0,1,0,47.0,False
Wheat,28.4,36.3,100.1,56.7,6.2,57.1,67.0,41.4,4.7,6.7,40.0,2,61.4,1030.9199999999998,5675.67,165.5,0.5219378427787934,33.370000000000005,122.8,1,0,48.5,False
Groundnut,28.8,83.1,35.9,48.8,6.92,60.4,33.5,47.1,6.8,3.8,31.7,1,130.3,2393.2799999999997,1751.9199999999998,141.0,0.7401960784313726,37.87,130.3,0,1,53.0,False
Maize,20.1,68.2,122.6,46.8,6.04,66.8,5.0,54.4,5.4,11.3,25.2,7,77.3,1370.8200000000002,5737.679999999999,126.19999999999999,1.1059602649006621,29.180000000000003,541.1,0,1,63.0,False
Maize,27.4,59.7,350.0,90.0,7.67,42.6,21.0,67.9,8.1,19.3,28.6,4,95.9,1635.78,31500.0,131.5,0.47385984427141264,37.23,383.6,0,1,79.0,False
Wheat,27.2,77.9,117.7,71.4,6.47,40.9,26.6,42.7,5.8,17.7,62.0,2,52.8,2118.88,8403.78,110.2,0.5817923186344238,38.53,105.6,1,1,66.0,True
Wheat,20.9,59.0,150.2,56.3,5.25,62.5,36.8,55.2,6.1,9.0,28.5,7,142.5,1233.1,8456.259999999998,154.5,0.6720430107526881,28.599999999999998,997.5,1,0,49.0,False
Rice,30.3,72.0,87.3,32.4,6.95,58.0,39.6,39.5,7.5,22.1,42.0,6,94.5,2181.6,2828.52,137.1,0.7240948813982523,41.92,567.0,1,1,53.5,True
Tomato,28.9,76.6,264.9,90.0,5.3,84.0,30.4,73.5,8.3,6.7,28.9,7,107.4,2213.74,23840.999999999996,187.9,0.8007626310772163,37.9,751.8000000000001,0,1,65.5,False
Rice,21.1,54.2,180.5,52.5,7.04,42.2,46.0,64.4,6.1,15.1,35.4,5,113.9,1143.6200000000001,9476.25,152.60000000000002,0.37881508078994613,29.540000000000003,569.5,1,1,68.0,True
Groundnut,20.0,75.2,27.3,27.1,5.6,59.6,27.6,34.9,9.9,16.5,34.6,6,122.8,1504.0,739.83,122.1,0.9385826771653544,30.82,736.8,0,0,49.5,True
Rice,33.6,49.4,85.9,52.8,6.15,39.6,20.2,54.4,7.4,9.3,27.6,5,145.1,1659.84,4535.52,114.19999999999999,0.5238095238095238,40.4,725.5,1,1,63.5,True
Maize,28.1,66.1,192.6,62.0,6.54,57.6,22.5,63.1,8.5,10.7,67.5,3,94.4,1857.4099999999999,11941.199999999999,143.2,0.6651270207852195,36.85,283.20000000000005,1,1,61.0,True
Groundnut,31.6,62.0,119.3,68.8,6.62,62.2,39.8,22.4,8.5,17.8,39.6,6,83.0,1959.2,8207.84,124.4,0.9841772151898736,41.36000000000001,498.0,0,1,60.5,False
Rice,30.0,47.2,115.4,39.2,6.01,73.1,16.6,41.2,7.1,11.6,30.0,3,54.7,1416.0,4523.68,130.89999999999998,1.2431972789115644,37.04,164.10000000000002,0,1,54.0,False
Rice,27.1,82.2,71.9,47.2,6.0,29.0,32.9,52.8,8.5,14.4,36.2,7,75.3,2227.6200000000003,3393.6800000000003,114.69999999999999,0.33448673587081895,38.2,527.1,0,1,56.99999999999999,False
Maize,28.3,62.7,227.8,71.6,6.14,52.3,8.6,51.6,10.3,10.8,62.8,6,114.1,1774.41,16310.48,112.5,0.8545751633986928,36.730000000000004,684.5999999999999,1,1,75.5,True
Soybean,30.9,54.1,36.4,15.0,5.4,38.4,42.8,24.6,6.1,11.9,37.5,5,64.0,1671.69,546.0,105.79999999999998,0.5614035087719298,38.690000000000005,320.0,0,0,35.5,True
Wheat,19.5,62.4,74.6,28.9,6.94,66.9,41.8,46.0,5.6,12.8,42.8,5,102.8,1216.8,2155.9399999999996,154.7,0.7533783783783785,28.3,514.0,0,1,56.99999999999999,False
Wheat,23.8,82.4,114.5,47.9,5.53,57.1,36.2,51.3,5.7,10.4,42.6,7,137.2,1961.1200000000001,5484.55,144.60000000000002,0.6451977401129944,34.12,960.3999999999999,1,1,51.5,True
Wheat,23.4,63.6,31.0,54.2,5.91,60.2,20.7,68.0,4.5,12.0,39.4,6,107.6,1488.24,1680.2,148.9,0.6711259754738016,32.16,645.5999999999999,0,0,49.0,True
Soybean,27.0,42.6,200.5,79.2,7.88,14.5,28.8,64.4,9.3,11.4,16.3,4,104.3,1150.2,15879.6,107.7,0.15392781316348195,33.54,417.2,1,1,60.0,True
Soybean,31.0,75.9,350.0,90.0,6.63,42.3,32.1,35.0,7.4,6.8,40.3,3,106.9,2352.9,31500.0,109.4,0.6211453744493393,39.95,320.70000000000005,1,1,78.5,True
Groundnut,24.8,36.1,229.5,78.8,6.88,58.2,38.9,55.5,7.1,10.4,22.7,4,28.8,895.2800000000001,18084.6,152.6,0.610062893081761,30.490000000000002,115.2,1,1,53.0,True
Tomato,32.0,95.0,174.4,73.3,5.54,88.4,25.6,70.4,5.7,13.6,49.9,6,51.9,3040.0,12783.52,184.4,0.9113402061855671,44.22,311.4,1,1,62.0,True
Rice,20.8,63.3,184.8,51.5,5.91,79.8,29.2,39.7,7.9,13.2,20.2,7,101.4,1316.6399999999999,9517.2,148.7,1.1416309012875536,29.770000000000003,709.8000000000001,1,0,48.0,False
Rice,26.6,73.2,141.5,45.2,6.58,64.7,39.8,40.4,8.0,11.7,46.2,5,97.0,1947.1200000000001,6395.8,144.9,0.7967980295566504,36.260000000000005,485.0,0,1,59.0,False
Tomato,27.5,82.0,105.6,60.9,5.7,47.9,19.9,33.5,5.0,10.7,45.6,2,120.8,2255.0,6431.039999999999,101.3,0.8805147058823529,37.84,241.6,0,1,64.0,False
Soybean,29.9,78.1,212.8,90.0,5.95,52.1,42.5,34.3,5.3,7.5,51.8,3,88.5,2335.1899999999996,19152.0,128.89999999999998,0.6696658097686375,39.21,265.5,0,1,77.5,False
Wheat,23.2,64.9,22.8,29.5,7.33,34.0,41.5,26.8,7.6,16.5,25.2,2,54.1,1505.68,672.6,102.3,0.4906204906204906,32.989999999999995,108.2,0,0,41.5,True
Maize,26.0,42.7,128.1,50.5,5.0,35.6,23.0,60.1,6.1,9.0,32.2,2,61.5,1110.2,6469.049999999999,118.7,0.4233055885850179,32.07,123.0,1,0,40.5,False
Groundnut,26.4,55.0,94.6,47.7,7.38,36.6,42.8,49.0,4.1,17.5,32.6,7,33.1,1452.0,4512.42,128.4,0.39439655172413796,35.4,231.70000000000002,1,1,54.50000000000001,True
Tomato,31.0,87.0,28.6,25.6,6.25,67.2,57.6,42.0,8.3,6.9,43.9,6,31.0,2697.0,732.1600000000001,166.8,0.6679920477137178,41.080000000000005,186.0,1,0,38.5,False
Tomato,25.5,85.9,222.9,90.0,6.69,72.1,30.1,39.0,6.0,19.0,45.2,5,21.4,2190.4500000000003,20061.0,141.2,1.028530670470756,37.89,107.0,1,1,70.0,True
Cotton,22.9,69.4,271.8,88.2,8.0,63.9,29.4,35.7,7.4,1.4,23.6,1,30.8,1589.26,23972.760000000002,129.0,0.9667170953101362,30.12,30.8,0,1,55.50000000000001,False
Cotton,31.3,68.2,134.0,71.4,6.66,31.7,33.0,49.1,7.3,17.4,50.1,6,28.8,2134.6600000000003,9567.6,113.80000000000001,0.381468110709988,41.6,172.8,1,1,66.5,True
Cotton,29.7,76.6,47.0,29.9,5.48,54.8,26.8,46.4,7.7,5.9,61.1,2,83.4,2275.02,1405.3,128.0,0.7385444743935309,38.54,166.8,0,1,50.5,False
Cotton,24.5,58.6,97.3,40.4,6.94,45.5,48.2,45.1,8.3,9.4,34.1,5,51.7,1435.7,3930.9199999999996,138.8,0.4825026511134676,32.24,258.5,0,0,44.0,True
Soybean,28.0,81.0,288.3,90.0,7.06,54.1,22.2,49.7,8.4,7.8,50.8,2,113.2,2268.0,25947.0,126.0,0.7421124828532235,37.660000000000004,226.4,0,1,80.5,False
Maize,24.1,43.3,141.8,72.4,6.46,89.1,37.1,74.8,6.4,9.8,20.6,3,109.2,1043.53,10266.320000000002,201.0,0.7891939769707705,30.39,327.6,1,0,49.0,False
Maize,23.4,73.8,135.6,71.5,6.56,62.3,18.1,36.6,5.5,14.2,38.5,3,58.3,1726.9199999999998,9695.4,117.0,1.1184919210053859,33.62,174.89999999999998,1,1,68.0,True
Rice,32.9,91.6,143.8,68.5,5.21,17.3,33.9,31.1,8.9,13.5,52.9,5,87.0,3013.64,9850.300000000001,82.30000000000001,0.26212121212121214,44.760000000000005,435.0,0,1,72.0,False
Maize,31.8,71.3,157.0,83.5,6.9,67.7,18.9,8.2,5.7,9.4,65.5,5,94.7,2267.34,13109.5,94.8,2.4092526690391463,40.81,473.5,1,1,68.0,True
Soybean,29.6,31.5,162.8,28.1,7.7,33.7,32.5,88.6,5.6,15.0,25.9,5,69.7,932.4000000000001,4574.68,154.8,0.27600327600327607,35.75,348.5,1,1,54.0,True
Cotton,27.7,49.1,90.5,24.4,6.78,42.6,28.5,56.2,7.6,7.4,44.3,6,36.8,1360.07,2208.2,127.3,0.4970828471411902,34.089999999999996,220.79999999999998,0,0,43.5,True
Soybean,25.0,58.1,65.6,30.1,6.15,57.5,24.2,67.6,7.0,12.4,39.2,7,126.7,1452.5,1974.56,149.3,0.6196120689655172,33.29,886.9,1,0,40.0,False
Rice,27.3,50.1,16.4,44.4,5.47,77.7,35.7,24.7,6.0,9.8,37.0,5,56.9,1367.73,728.16,138.1,1.265472312703583,34.27,284.5,1,0,42.0,False
Soybean,27.3,40.5,55.9,15.0,6.87,49.0,24.0,62.8,8.0,9.5,36.6,7,144.6,1105.65,838.5,135.8,0.5580865603644647,33.25,1012.1999999999999,0,0,44.5,True
Soybean,18.6,66.3,154.7,69.3,6.3,53.4,23.3,11.8,6.0,12.1,52.0,4,91.8,1233.18,10720.71,88.5,1.4792243767313018,27.65,367.2,1,1,67.0,True
Groundnut,28.1,59.7,67.8,49.2,7.24,59.2,34.7,57.1,7.0,14.8,46.0,3,36.9,1677.5700000000002,3335.76,151.0,0.6379310344827586,37.03,110.69999999999999,1,0,43.5,False
Tomato,16.7,68.4,42.0,28.1,6.56,65.1,30.6,66.4,6.0,10.5,21.2,1,50.9,1142.28,1180.2,162.1,0.6642857142857143,25.64,50.9,1,0,45.0,False
Tomato,18.6,88.0,98.7,69.1,6.12,78.6,39.3,15.8,5.9,10.0,33.1,3,99.5,1636.8000000000002,6820.17,133.7,1.4010695187165776,29.400000000000002,298.5,0,0,42.5,True
Wheat,29.8,54.0,63.1,50.9,6.55,64.1,7.8,71.9,10.7,9.6,26.6,2,112.5,1609.2,3211.79,143.8,0.7942998760842626,37.120000000000005,225.0,0,1,52.5,False
Groundnut,21.9,86.3,63.0,46.7,6.78,45.1,21.0,48.5,4.6,10.5,23.6,3,120.3,1889.9699999999998,2942.1000000000004,114.6,0.6397163120567376,32.629999999999995,360.9,1,1,52.5,True
Cotton,25.4,54.4,305.9,90.0,6.19,49.4,14.7,34.3,6.0,13.1,45.9,6,99.6,1381.76,27530.999999999996,98.39999999999999,0.988,33.459999999999994,597.5999999999999,0,1,69.0,False
Cotton,30.2,73.7,62.8,17.0,7.87,39.0,26.3,40.3,5.5,12.1,42.9,6,40.1,2225.7400000000002,1067.6,105.6,0.576923076923077,39.99,240.60000000000002,0,0,46.0,True
Soybean,20.1,73.2,82.8,47.8,7.34,32.5,55.1,27.6,7.7,16.5,51.8,6,86.7,1471.3200000000002,3957.8399999999997,115.19999999999999,0.38829151732377537,30.720000000000002,520.2,0,1,51.5,False
Tomato,23.5,63.4,20.6,23.5,6.78,35.5,20.5,47.8,6.7,6.8,40.4,1,130.3,1489.8999999999999,484.1,103.8,0.5122655122655123,31.2,130.3,0,0,41.5,True
Maize,19.9,78.3,55.7,45.9,5.81,67.4,32.7,43.7,8.1,15.4,61.3,6,80.5,1558.1699999999998,2556.63,143.8,0.8708010335917312,30.809999999999995,483.0,1,0,48.0,False
Rice,26.2,63.3,121.7,65.4,6.51,59.9,14.2,60.3,9.0,8.5,37.5,1,76.4,1658.4599999999998,7959.180000000001,134.39999999999998,0.7933774834437086,34.230000000000004,76.4,1,1,56.00000000000001,True
Groundnut,30.0,78.7,72.8,69.1,7.78,65.8,50.1,54.8,5.7,23.6,67.5,5,119.0,2361.0,5030.48,170.7,0.6213408876298394,42.589999999999996,595.0,0,1,62.5,False
Maize,25.5,73.8,36.1,38.2,7.53,61.7,60.8,35.1,8.6,4.5,32.0,1,106.5,1881.8999999999999,1379.0200000000002,157.6,0.6367389060887513,33.78,106.5,0,1,51.5,False
Cotton,34.1,59.5,76.2,29.7,6.33,43.6,37.5,26.6,4.1,16.7,29.9,3,151.5,2028.95,2263.14,107.69999999999999,0.6697388632872505,43.39,454.5,1,0,45.5,False
Cotton,17.8,55.4,130.6,69.8,5.94,75.4,22.0,19.6,5.7,8.5,30.8,5,122.1,986.12,9115.88,117.0,1.7699530516431925,25.04,610.5,1,1,59.5,True
Soybean,31.8,54.3,229.0,87.5,6.58,35.7,60.6,43.3,6.6,5.4,38.9,7,142.1,1726.74,20037.5,139.60000000000002,0.340324118207817,38.31,994.6999999999999,1,1,68.5,True
Maize,23.5,76.5,96.0,54.6,6.61,67.9,17.8,52.5,8.3,14.1,54.3,5,83.6,1797.75,5241.6,138.2,0.9523141654978964,33.97,418.0,0,1,53.0,False
Groundnut,24.5,70.6,96.5,54.9,6.14,29.6,53.9,54.4,9.9,20.2,42.5,5,105.9,1729.6999999999998,5297.849999999999,137.9,0.27081427264409885,35.6,529.5,0,1,61.0,False
Maize,24.2,48.1,295.3,90.0,6.16,52.4,43.0,12.9,8.3,3.8,39.9,4,102.0,1164.02,26577.0,108.30000000000001,0.9209138840070299,29.77,408.0,1,1,60.5,True
Rice,26.1,63.1,150.6,64.1,6.64,64.4,32.9,70.4,8.0,11.5,56.7,2,26.7,1646.91,9653.46,167.70000000000002,0.6174496644295302,34.71,53.4,0,1,67.0,False
Soybean,20.5,73.6,67.5,32.7,5.94,78.4,36.3,50.5,6.6,8.0,29.2,4,131.3,1508.8,2207.25,165.2,0.8929384965831436,29.46,525.2,0,1,52.5,False
Wheat,17.8,49.6,158.4,66.3,6.03,79.5,53.8,64.6,4.3,9.1,26.8,4,77.9,882.8800000000001,10501.92,197.9,0.6658291457286433,24.580000000000002,311.6,1,1,56.99999999999999,True
Wheat,21.6,83.2,169.2,71.8,6.02,64.2,46.0,54.4,11.0,5.0,8.9,7,56.2,1797.1200000000001,12148.56,164.6,0.6331360946745562,30.92,393.40000000000003,0,1,56.00000000000001,False
Wheat,29.5,67.3,181.8,63.3,7.73,46.2,28.1,58.7,10.3,15.3,36.9,2,20.0,1985.35,11507.94,133.0,0.5261958997722095,39.29,40.0,1,1,54.0,True
Wheat,21.1,65.4,32.8,38.7,7.13,55.6,48.3,68.7,9.4,3.5,41.1,2,139.8,1379.9400000000003,1269.36,172.60000000000002,0.4711864406779661,28.34,279.6,0,0,49.5,True
Cotton,27.7,68.0,123.2,85.2,6.56,46.3,32.1,36.9,6.5,7.6,26.8,3,69.3,1883.6,10496.640000000001,115.30000000000001,0.6614285714285714,36.02,207.89999999999998,0,1,60.0,False
Maize,28.3,63.3,243.2,90.0,5.71,50.9,46.7,58.6,4.8,8.3,61.7,4,67.1,1791.3899999999999,21888.0,156.2,0.4788334901222953,36.290000000000006,268.4,0,1,66.5,False
Rice,29.6,47.5,148.1,58.2,6.19,56.0,33.1,46.4,7.6,13.7,31.2,1,166.3,1406.0,8619.42,135.5,0.6956521739130435,37.09,166.3,0,1,56.99999999999999,False
Groundnut,29.9,67.5,48.3,30.6,7.1,30.3,31.1,42.6,6.4,10.2,55.2,4,36.0,2018.25,1477.98,104.0,0.40562248995983935,38.69,144.0,0,1,52.5,False
Soybean,21.1,54.9,81.1,52.2,6.91,71.9,47.2,52.1,6.8,10.2,47.7,1,54.4,1158.39,4233.42,171.20000000000002,0.7168494516450648,28.630000000000003,54.4,0,1,53.5,False
Maize,17.7,94.8,198.3,72.8,6.38,50.5,19.9,53.8,3.7,15.3,51.6,7,145.8,1677.9599999999998,14436.24,124.2,0.676037483266399,30.24,1020.6000000000001,0,1,59.0,False
Rice,27.5,65.2,210.0,75.7,6.85,34.3,19.5,23.8,6.7,14.8,39.3,4,108.9,1793.0,15897.0,77.6,0.7742663656884876,36.980000000000004,435.6,1,1,63.0,True
Cotton,24.9,60.7,196.7,72.2,6.48,65.9,32.1,63.4,8.6,9.3,22.6,2,141.1,1511.43,14201.74,161.4,0.6829015544041451,32.83,282.2,1,1,63.5,True
Tomato,18.3,70.0,101.2,47.6,6.36,73.0,42.4,40.6,7.0,12.9,33.5,1,118.9,1281.0,4817.12,156.0,0.8690476190476191,27.880000000000003,118.9,0,0,39.0,True
Groundnut,32.4,70.8,143.4,40.8,6.71,26.0,37.1,10.2,9.7,6.2,53.1,7,108.7,2293.9199999999996,5850.72,73.3,0.5383022774327122,40.72,760.9,1,1,53.5,True
Wheat,31.3,46.0,111.9,53.7,6.89,64.6,41.4,21.2,7.5,20.0,38.0,2,90.0,1439.8,6009.030000000001,127.2,1.0157232704402517,39.9,180.0,1,0,47.5,False
Wheat,27.2,60.6,174.3,73.0,6.62,74.0,23.4,45.9,7.8,11.9,36.9,7,185.7,1648.32,12723.900000000001,143.3,1.0526315789473684,35.64,1299.8999999999999,1,1,61.0,True
Rice,22.1,63.0,52.8,20.2,7.04,73.3,69.6,39.4,5.9,20.5,19.8,1,158.8,1392.3000000000002,1066.56,182.29999999999998,0.6663636363636364,32.5,158.8,0,0,33.5,True
Wheat,33.0,86.8,88.3,35.0,6.13,33.7,12.3,52.7,9.5,1.0,28.6,5,65.2,2864.4,3090.5,98.7,0.5106060606060606,41.88,326.0,0,0,47.5,True
Tomato,30.6,73.0,135.3,53.3,6.71,32.9,23.2,61.2,6.3,7.9,24.2,4,87.2,2233.8,7211.49,117.3,0.38524590163934425,39.48,348.8,1,1,63.0,True
Cotton,32.5,62.7,70.9,47.9,6.14,32.0,10.4,76.4,9.1,5.2,22.3,6,88.8,2037.75,3396.11,118.80000000000001,0.3644646924829157,39.81,532.8,0,1,55.50000000000001,False
Rice,30.9,74.9,216.0,80.3,6.91,56.5,25.3,81.6,5.8,16.4,40.3,3,152.6,2314.41,17344.8,163.39999999999998,0.5236329935125116,41.67,457.79999999999995,0,1,66.0,False
Rice,22.5,63.1,201.5,83.4,6.28,32.4,32.3,30.9,4.8,21.0,43.1,2,55.8,1419.75,16805.100000000002,95.6,0.5046728971962617,33.010000000000005,111.6,1,1,61.5,True
Groundnut,30.1,45.9,116.3,39.0,5.91,26.1,5.0,43.2,7.1,4.9,19.7,6,143.5,1381.59,4535.7,74.30000000000001,0.5304878048780488,35.669999999999995,861.0,0,1,54.0,False
Rice,32.0,64.5,207.9,70.2,6.41,66.6,59.9,5.0,6.9,19.6,46.9,6,77.1,2064.0,14594.580000000002,131.5,1.0106221547799694,42.370000000000005,462.59999999999997,0,1,70.0,False
Tomato,24.9,56.6,120.8,53.0,6.26,62.9,14.0,57.4,3.2,11.6,21.6,1,108.6,1409.34,6402.4,134.3,0.8687845303867402,32.879999999999995,108.6,0,1,56.99999999999999,False
Tomato,27.0,87.9,213.9,90.0,7.08,43.2,41.5,58.5,8.1,18.6,42.2,2,84.9,2373.3,19251.0,143.2,0.42772277227722777,39.51,169.8,0,1,76.0,False
Wheat,35.7,54.0,205.8,75.1,6.64,42.7,49.1,37.0,8.7,9.9,45.1,6,150.3,1927.8000000000002,15455.58,128.8,0.49024110218140077,43.08,901.8000000000001,1,1,66.0,True
Groundnut,19.3,54.1,91.3,47.3,7.43,59.8,34.7,41.3,3.7,8.8,26.3,2,184.7,1044.13,4318.49,135.8,0.7766233766233765,26.470000000000002,369.4,0,0,49.0,True
Wheat,28.7,64.9,94.2,61.5,5.72,72.6,32.4,42.5,8.6,9.1,51.5,2,100.4,1862.63,5793.3,147.5,0.9565217391304346,37.01,200.8,1,1,59.5,True
Maize,19.5,78.0,195.4,54.3,7.32,57.9,42.9,30.9,8.7,7.9,17.5,7,77.5,1521.0,10610.22,131.7,0.7740641711229946,28.880000000000003,542.5,1,1,50.5,True
Maize,18.3,82.5,87.8,66.3,6.18,15.9,24.0,57.4,5.2,5.3,49.6,6,91.5,1509.75,5821.139999999999,97.3,0.1929611650485437,27.61,549.0,0,1,51.5,False
Soybean,23.8,91.0,83.5,66.6,6.27,45.9,33.0,60.6,9.7,15.1,46.1,4,75.2,2165.8,5561.099999999999,139.5,0.48520084566596194,35.92,300.8,0,1,53.5,False
Groundnut,36.5,47.0,45.6,33.5,6.71,40.2,26.2,48.0,9.6,13.2,27.0,6,74.3,1715.5,1527.6000000000001,114.4,0.5345744680851064,43.84,445.79999999999995,1,0,50.0,False
Cotton,25.0,93.3,136.2,62.8,7.26,45.6,43.5,63.1,7.1,16.8,35.0,7,88.5,2332.5,8553.359999999999,152.2,0.4237918215613383,37.69,619.5,0,1,64.5,False
Tomato,23.6,56.5,222.4,71.6,6.85,49.5,32.0,41.7,4.8,7.6,39.9,2,86.8,1333.4,15923.839999999998,123.2,0.6626506024096386,30.77,173.6,1,1,74.5,True
Maize,19.6,89.3,135.2,72.7,6.67,78.8,45.5,90.3,3.0,13.9,46.1,2,107.7,1750.28,9829.039999999999,214.6,0.5760233918128654,31.310000000000002,215.4,1,1,57.99999999999999,True
Maize,22.5,79.2,124.5,73.4,7.43,52.9,26.5,75.2,6.2,2.4,47.2,5,122.7,1782.0,9138.300000000001,154.60000000000002,0.5150925024342745,30.900000000000002,613.5,0,0,50.0,True
Tomato,26.2,82.2,163.3,75.1,6.97,48.4,30.2,60.8,6.8,9.4,28.2,1,100.5,2153.64,12263.83,139.39999999999998,0.5260869565217391,36.300000000000004,100.5,0,1,75.0,False
Maize,25.7,68.8,135.4,67.0,6.15,40.2,32.2,34.2,7.5,15.9,32.2,7,125.0,1768.1599999999999,9071.800000000001,106.60000000000001,0.5964391691394658,35.76,875.0,0,1,56.99999999999999,False
Groundnut,28.0,80.4,48.2,75.5,5.68,71.6,40.1,36.7,3.7,5.9,57.5,6,68.5,2251.2000000000003,3639.1000000000004,148.39999999999998,0.9203084832904882,37.22,411.0,0,1,56.49999999999999,False
Maize,30.9,59.8,68.1,29.3,6.79,80.3,54.9,27.7,7.3,10.7,8.7,6,108.5,1847.82,1995.33,162.89999999999998,0.9605263157894737,39.019999999999996,651.0,0,0,40.5,True
Rice,37.7,48.5,110.1,65.7,6.32,80.8,49.1,45.2,9.2,10.5,36.1,6,142.7,1828.45,7233.57,175.10000000000002,0.8478488982161594,44.650000000000006,856.1999999999999,0,1,51.5,False
Tomato,26.2,68.1,151.7,83.5,6.53,53.5,47.8,67.6,7.9,15.9,46.5,5,80.7,1784.2199999999998,12666.949999999999,168.89999999999998,0.4596219931271478,36.19,403.5,1,1,63.5,True
Tomato,35.1,62.0,42.5,22.3,6.24,85.5,21.3,32.9,7.7,8.6,44.5,7,30.8,2176.2000000000003,947.75,139.7,1.5489130434782608,43.02,215.6,1,0,36.5,False
Tomato,33.4,49.8,93.6,30.9,6.83,87.4,17.5,55.7,8.7,15.2,28.1,2,157.2,1663.32,2892.24,160.60000000000002,1.1778975741239892,41.419999999999995,314.4,1,1,53.0,True
Rice,30.4,50.6,64.7,27.8,6.5,54.5,48.9,39.4,10.6,8.5,28.9,3,99.1,1538.24,1798.66,142.8,0.6103023516237402,37.160000000000004,297.29999999999995,0,0,31.0,True
Rice,29.0,70.9,133.9,70.1,5.89,65.6,62.3,33.9,4.3,15.4,55.4,1,94.6,2056.1000000000004,9386.39,161.79999999999998,0.6748971193415638,39.17,94.6,1,1,64.0,True
Rice,32.0,46.4,106.2,43.5,7.23,90.3,54.2,24.6,9.2,8.7,24.9,7,93.4,1484.8,4619.7,169.1,1.1315789473684208,38.38,653.8000000000001,0,0,46.5,True
Soybean,19.0,78.6,180.6,90.0,6.14,38.1,39.4,41.3,8.9,16.8,40.4,5,166.2,1493.3999999999999,16254.0,118.8,0.4663402692778459,30.22,831.0,0,1,60.5,False
Tomato,27.6,58.9,201.2,90.0,6.48,61.2,60.9,15.8,6.6,15.3,47.9,5,60.9,1625.64,18108.0,137.9,0.7876447876447876,36.550000000000004,304.5,0,1,64.0,False
Rice,26.7,54.8,276.4,84.1,5.87,61.4,56.2,59.3,6.4,21.8,40.9,4,149.8,1463.1599999999999,23245.239999999998,176.89999999999998,0.527038626609442,36.54,599.2,0,1,74.0,False
Cotton,29.0,70.3,211.3,63.6,6.56,53.2,6.9,38.4,7.6,8.9,42.7,2,77.9,2038.6999999999998,13438.68,98.5,1.1490280777537798,37.81,155.8,1,1,63.0,True
Wheat,31.8,57.3,80.9,49.9,6.37,40.1,30.8,35.4,7.6,8.4,14.7,6,104.0,1822.1399999999999,4036.9100000000003,106.30000000000001,0.5967261904761905,39.21,624.0,1,1,55.50000000000001,True
Groundnut,26.1,57.0,24.1,21.6,7.88,48.0,38.8,75.8,8.7,11.9,5.7,5,144.0,1487.7,520.5600000000001,162.6,0.4152249134948097,34.18,720.0,0,0,50.0,True
Soybean,28.1,88.5,221.6,90.0,6.95,68.0,36.2,59.4,8.3,13.1,61.1,2,102.7,2486.85,19944.0,163.6,0.7039337474120083,39.57,205.4,1,1,76.5,True
Tomato,26.1,58.4,198.6,75.2,6.69,85.4,35.4,50.5,6.7,16.0,23.0,4,36.2,1524.24,14934.72,171.3,0.9827387802071347,35.14,144.8,1,1,52.5,True
Maize,21.0,73.9,218.3,90.0,6.51,52.9,27.9,30.6,7.5,8.1,40.9,5,105.1,1551.9,19647.0,111.4,0.8890756302521008,30.01,525.5,1,1,53.5,True
Wheat,23.0,77.2,152.2,75.4,6.79,59.9,42.5,24.6,5.9,2.9,62.0,4,82.5,1775.6000000000001,11475.88,127.0,0.8795888399412629,31.299999999999997,330.0,1,0,39.0,False
Wheat,15.2,61.6,58.0,45.0,7.29,28.5,54.4,70.1,8.5,15.9,23.3,3,131.4,936.3199999999999,2610.0,153.0,0.22709163346613545,24.54,394.20000000000005,0,0,45.5,True
Wheat,29.8,66.3,98.8,34.2,6.29,49.3,48.9,16.8,9.3,9.1,40.9,5,53.5,1975.74,3378.96,114.99999999999999,0.7391304347826086,38.25,267.5,1,1,53.5,True
Wheat,15.0,76.6,148.2,73.5,6.92,29.4,47.8,52.8,7.8,11.1,64.6,5,99.4,1149.0,10892.699999999999,130.0,0.28937007874015747,24.88,497.0,1,1,70.0,True
Wheat,22.4,55.3,238.2,70.6,5.75,40.7,53.0,55.5,6.3,12.9,28.9,7,82.6,1238.7199999999998,16816.92,149.2,0.371689497716895,30.509999999999998,578.1999999999999,1,0,47.5,False
Cotton,22.8,88.7,76.8,48.8,6.41,53.6,57.3,51.7,6.9,7.5,58.1,6,68.4,2022.3600000000001,3747.8399999999997,162.60000000000002,0.4872727272727273,33.17,410.40000000000003,1,0,50.0,False
Maize,29.8,45.3,107.2,34.5,7.36,43.2,26.5,52.3,9.6,10.0,15.8,1,151.9,1349.94,3698.4,122.0,0.5413533834586467,36.33,151.9,0,0,47.0,True
Wheat,27.2,53.2,91.9,52.0,6.92,27.9,25.4,20.9,7.9,23.0,21.0,1,73.1,1447.04,4778.8,74.19999999999999,0.5898520084566596,37.12,73.1,1,1,54.0,True
Tomato,27.6,58.1,29.1,40.9,5.76,55.3,54.6,27.0,6.1,14.4,23.9,4,128.3,1603.5600000000002,1190.19,136.9,0.6694915254237288,36.290000000000006,513.2,0,1,51.0,False
Wheat,25.9,83.2,56.0,40.5,6.91,56.6,62.5,34.8,5.9,9.2,54.7,3,90.5,2154.88,2268.0,153.89999999999998,0.5757884028484233,36.06,271.5,1,0,47.5,False
Maize,21.8,75.6,95.3,41.3,6.6,45.3,43.0,39.6,5.4,1.5,60.2,4,106.9,1648.08,3935.8899999999994,127.9,0.5418660287081339,29.66,427.6,0,1,51.5,False
Rice,28.5,77.8,94.8,54.3,5.58,27.9,22.2,39.8,7.8,17.9,47.3,1,45.8,2217.2999999999997,5147.639999999999,89.89999999999999,0.44285714285714284,39.86,45.8,1,0,47.5,False
Cotton,28.7,67.9,45.5,28.6,5.16,41.7,53.0,87.4,7.3,8.9,34.8,6,106.6,1948.73,1301.3,182.10000000000002,0.29490806223479493,37.27,639.5999999999999,1,0,46.0,False
Cotton,15.7,60.0,156.2,56.0,5.81,39.7,37.9,32.9,5.8,15.8,32.6,5,127.5,942.0,8747.199999999999,110.5,0.5529247910863511,24.86,637.5,0,1,66.0,False
Rice,31.4,46.9,103.6,40.9,6.96,54.1,49.2,44.5,8.5,9.3,48.1,2,120.9,1472.6599999999999,4237.24,147.8,0.5712777191129884,37.949999999999996,241.8,1,1,50.5,True
Rice,32.6,71.1,58.9,21.8,6.03,57.6,54.2,60.4,8.8,9.3,48.8,1,56.7,2317.86,1284.02,172.20000000000002,0.49826989619377166,41.57,56.7,1,0,44.0,False
Wheat,26.9,59.0,265.7,90.0,6.13,42.6,54.2,54.1,7.5,14.9,45.8,1,118.1,1587.1,23913.0,150.9,0.3897529734675206,35.779999999999994,118.1,1,1,69.5,True
Tomato,30.2,94.4,63.4,54.3,6.6,72.0,47.6,44.7,6.3,5.0,48.6,3,20.0,2850.88,3442.62,164.3,0.7717041800643086,40.64,60.0,1,1,56.00000000000001,True
Soybean,24.9,62.0,212.1,77.6,6.5,72.8,45.0,57.3,5.4,11.7,26.0,3,64.0,1543.8,16458.96,175.1,0.7047434656340755,33.44,192.0,0,1,55.00000000000001,False
Wheat,30.2,41.9,98.4,38.1,6.53,26.4,25.1,79.4,6.3,20.6,31.2,5,77.7,1265.3799999999999,3749.0400000000004,130.9,0.2502369668246445,38.51,388.5,1,1,56.49999999999999,True
Maize,20.1,49.0,57.1,28.5,6.81,78.3,63.2,39.1,7.0,12.1,30.9,3,71.7,984.9000000000001,1627.3500000000001,180.6,0.7579864472410454,27.42,215.10000000000002,0,0,29.5,True
Maize,21.0,80.3,178.3,69.9,6.53,68.9,17.0,30.1,9.7,5.2,69.2,3,38.4,1686.3,12463.170000000002,116.0,1.4324324324324325,30.07,115.19999999999999,1,1,69.5,True
Maize,22.2,64.7,129.1,66.1,6.24,58.0,49.0,37.2,7.6,17.6,49.9,2,98.5,1436.34,8533.509999999998,144.2,0.6651376146788991,32.190000000000005,197.0,0,1,52.5,False
Soybean,31.7,69.9,172.5,69.4,7.54,98.3,5.9,93.6,8.4,18.5,61.7,2,127.1,2215.83,11971.500000000002,197.8,0.9781094527363183,42.39,254.2,0,1,61.5,False
Soybean,23.2,52.5,121.4,54.1,7.0,88.8,44.1,42.8,9.2,10.2,14.4,2,79.3,1218.0,6567.740000000001,175.7,1.0102389078498293,30.49,158.6,0,0,48.5,True
Rice,24.3,48.9,90.5,29.0,6.28,39.6,19.6,30.9,6.8,8.0,44.1,5,79.9,1188.27,2624.5,90.1,0.7689320388349515,30.790000000000003,399.5,1,1,55.00000000000001,True
Tomato,30.5,54.9,247.0,90.0,6.49,74.7,38.2,47.2,4.5,5.6,32.2,5,113.4,1674.45,22230.0,160.10000000000002,0.8645833333333333,37.11,567.0,0,1,71.0,False
Wheat,31.1,83.9,348.0,90.0,6.23,47.8,12.8,66.1,8.2,2.7,69.1,1,119.0,2609.2900000000004,31320.0,126.69999999999999,0.5982478097622028,40.03,119.0,1,1,76.5,True
Rice,24.9,90.0,91.1,48.3,6.35,71.0,23.3,45.5,6.4,17.9,59.8,5,54.1,2241.0,4400.129999999999,139.8,1.0171919770773639,37.48,270.5,0,1,52.5,False
Tomato,29.5,68.2,168.7,77.9,6.39,49.5,23.7,39.8,7.7,10.5,19.7,7,183.0,2011.9,13141.73,113.0,0.7674418604651163,38.42,1281.0,0,1,54.50000000000001,False
Soybean,28.5,71.4,41.6,66.1,5.91,55.6,11.4,59.0,8.9,17.1,57.2,7,142.3,2034.9,2749.7599999999998,126.0,0.7787114845938375,39.06,996.1000000000001,0,1,58.5,False
Rice,30.0,87.6,102.7,40.0,5.76,55.5,41.9,47.1,8.5,10.3,74.0,6,96.1,2628.0,4108.0,144.5,0.6166666666666667,40.82,576.5999999999999,1,1,61.5,True
Wheat,27.0,69.6,129.2,52.7,6.79,19.5,44.8,47.7,5.1,14.9,48.7,3,162.0,1879.1999999999998,6808.84,112.0,0.20855614973262032,36.94,486.0,1,1,65.5,True
Rice,30.7,82.0,117.3,68.9,6.71,67.6,44.6,51.0,9.8,7.2,50.3,4,48.3,2517.4,8081.97,163.2,0.6997929606625258,40.339999999999996,193.2,0,1,56.00000000000001,False
Rice,29.5,77.3,182.8,87.3,6.46,64.7,34.8,49.9,7.2,12.9,57.3,1,81.7,2280.35,15958.44,149.4,0.7549591598599767,39.809999999999995,81.7,1,1,68.0,True
Cotton,26.4,69.7,153.2,48.9,6.97,39.0,42.1,18.0,7.5,12.3,40.2,4,85.4,1840.08,7491.48,99.1,0.6382978723404256,35.83,341.6,0,1,65.0,False
Groundnut,34.9,68.8,151.1,82.7,6.46,41.0,5.0,90.4,9.0,8.1,42.8,7,104.3,2401.12,12495.97,136.4,0.42531120331950206,43.4,730.1,0,1,67.0,False
Tomato,28.2,65.6,47.7,43.8,5.48,61.7,35.1,48.2,8.8,16.8,47.9,1,170.1,1849.9199999999998,2089.2599999999998,145.0,0.7319098457888493,38.12,170.1,0,1,50.5,False
Tomato,26.6,61.1,62.1,52.0,6.56,57.8,28.5,53.6,6.6,13.5,25.7,7,122.0,1625.2600000000002,3229.2000000000003,139.9,0.6955475330926595,35.410000000000004,854.0,1,1,53.0,True
Maize,26.2,52.0,93.3,62.1,7.21,60.2,15.7,63.9,3.2,16.0,29.2,3,104.9,1362.3999999999999,5793.93,139.8,0.7468982630272953,34.6,314.70000000000005,1,0,49.0,False
Groundnut,35.3,69.1,233.3,90.0,6.96,96.4,17.7,24.2,8.0,15.3,31.4,6,103.8,2439.2299999999996,20997.0,138.3,2.2470862470862474,45.269999999999996,622.8,0,1,55.50000000000001,False
Soybean,17.8,66.6,200.8,77.5,7.01,49.8,50.4,47.2,6.9,8.1,23.6,5,25.5,1185.48,15562.0,147.39999999999998,0.5050709939148073,26.080000000000002,127.5,0,1,61.0,False
Wheat,29.0,70.6,189.4,79.8,6.04,30.2,31.0,18.9,8.6,6.9,30.9,6,82.0,2047.3999999999999,15114.12,80.1,0.593320235756385,37.440000000000005,492.0,1,1,60.0,True
Soybean,34.3,66.7,87.7,45.6,6.96,10.0,26.7,44.5,6.2,15.4,28.0,6,72.1,2287.81,3999.1200000000003,81.2,0.13850415512465372,44.05,432.59999999999997,1,1,55.50000000000001,True
Maize,23.5,71.3,173.0,50.7,7.61,16.1,36.6,29.9,7.9,14.5,55.0,6,121.6,1675.55,8771.1,82.6,0.23851851851851855,33.53,729.5999999999999,1,1,55.00000000000001,True
Cotton,20.3,80.2,164.2,37.7,6.72,71.2,44.8,37.7,5.1,17.3,28.5,1,110.6,1628.0600000000002,6190.34,153.7,0.8526946107784431,31.78,110.6,1,0,48.5,False
Rice,25.5,84.9,171.1,85.1,6.55,51.0,14.4,61.5,8.2,12.3,52.9,3,41.1,2164.9500000000003,14560.609999999999,126.9,0.6631989596879063,36.45,123.30000000000001,0,1,82.0,False
Rice,37.1,95.0,96.0,41.3,6.89,63.2,51.0,56.4,7.8,19.7,49.1,6,130.1,3524.5,3964.7999999999997,170.6,0.5830258302583026,50.54,780.5999999999999,0,1,68.5,False
Rice,23.5,53.5,190.3,76.8,6.92,54.2,23.2,29.5,7.6,17.0,39.7,4,31.1,1257.25,14615.04,106.9,1.0093109869646182,32.25,124.4,1,1,63.0,True
Tomato,28.8,69.9,164.3,62.6,6.79,48.8,42.3,49.4,5.9,4.2,45.6,4,107.2,2013.1200000000001,10285.18,140.5,0.5264293419633226,36.63,428.8,1,1,57.49999999999999,True
Rice,30.9,53.2,148.4,67.2,7.18,50.7,27.5,69.2,7.5,10.9,25.4,5,97.6,1643.88,9972.480000000001,147.4,0.518935516888434,38.4,488.0,1,1,56.99999999999999,True
Soybean,33.1,48.9,60.1,15.0,7.19,62.8,42.1,25.2,5.7,17.7,39.7,7,84.2,1618.59,901.5,130.1,0.9194729136163983,41.53,589.4,1,0,38.0,False
Rice,27.9,52.9,187.4,80.7,5.93,63.2,34.5,37.4,8.5,2.7,26.5,6,134.8,1475.9099999999999,15123.18,135.1,0.8669410150891632,33.73,808.8000000000001,0,1,59.0,False
Soybean,28.5,61.4,70.7,28.6,6.88,43.2,34.9,57.3,10.1,12.7,39.7,6,83.2,1749.8999999999999,2022.0200000000002,135.39999999999998,0.4635193133047211,37.18,499.20000000000005,0,0,43.0,True
Soybean,32.2,76.5,280.2,90.0,7.09,32.2,48.2,53.4,5.5,11.9,32.6,6,63.8,2463.3,25218.0,133.8,0.31384015594541914,42.230000000000004,382.79999999999995,1,1,72.0,True
Maize,25.5,73.6,99.0,41.5,5.89,75.8,41.3,74.8,6.2,11.0,24.8,5,111.7,1876.8,4108.5,191.89999999999998,0.6473099914602903,35.06,558.5,1,1,59.0,True
Wheat,23.8,56.5,63.9,43.1,6.24,56.1,44.9,55.6,5.9,1.0,51.1,6,42.5,1344.7,2754.09,156.6,0.5527093596059114,29.650000000000002,255.0,1,1,50.5,True
Maize,28.4,60.8,169.9,83.5,7.62,34.5,61.3,61.9,4.4,8.8,54.3,7,27.7,1726.7199999999998,14186.65,157.7,0.2777777777777778,36.239999999999995,193.9,0,1,63.0,False
Wheat,23.5,58.3,50.0,15.0,5.63,43.6,36.1,32.7,5.8,16.2,15.2,6,57.3,1370.05,750.0,112.4,0.6246418338108882,32.57,343.79999999999995,1,0,33.0,False
Wheat,29.4,88.9,45.3,48.7,6.47,67.5,33.3,25.7,8.5,8.1,45.4,2,148.2,2613.66,2206.11,126.5,1.125,39.91,296.4,0,1,54.50000000000001,False
Soybean,27.5,67.1,199.1,79.9,6.44,71.9,48.6,16.5,10.6,16.2,37.3,5,52.4,1845.2499999999998,15908.09,137.0,1.087745839636914,37.45,262.0,0,1,63.0,False
Groundnut,23.6,80.3,239.7,90.0,5.0,73.4,42.7,37.2,6.4,8.0,33.4,4,111.2,1895.0800000000002,21573.0,153.3,0.9072929542645242,33.230000000000004,444.8,1,1,63.0,True
Maize,32.9,71.1,211.5,79.3,6.59,45.5,38.1,78.2,7.3,16.9,55.9,1,44.8,2339.1899999999996,16771.95,161.8,0.38789428815004257,43.39,44.8,1,1,72.0,True
Rice,34.8,90.0,83.2,41.0,6.38,57.5,30.2,48.5,5.8,8.8,70.5,1,102.7,3131.9999999999995,3411.2000000000003,136.2,0.7214554579673776,45.559999999999995,102.7,1,1,59.0,True
Soybean,30.9,62.3,72.4,45.1,6.01,85.9,53.7,64.2,8.1,10.7,56.2,1,73.0,1925.07,3265.2400000000002,203.8,0.7224558452481077,39.269999999999996,73.0,1,1,56.49999999999999,True
Soybean,20.7,70.4,50.4,41.9,6.24,28.8,33.2,72.9,6.1,2.0,38.3,2,61.3,1457.28,2111.7599999999998,134.9,0.2689075630252101,28.14,122.6,1,0,49.0,False
Tomato,29.6,70.4,322.7,90.0,8.0,25.4,20.4,33.1,3.3,7.3,42.5,5,107.6,2083.84,29043.0,78.9,0.4660550458715596,38.1,538.0,1,1,67.0,True
Rice,25.8,64.8,173.9,50.3,5.36,23.3,69.7,71.5,5.6,12.7,54.0,2,106.0,1671.84,8747.17,164.5,0.1638537271448664,34.82,212.0,1,1,58.5,True
Maize,29.9,87.2,101.1,52.7,7.32,54.8,29.7,59.4,7.4,11.6,52.2,2,130.1,2607.2799999999997,5327.97,143.9,0.6082130965593785,40.94,260.2,1,1,56.49999999999999,True
Groundnut,30.3,72.9,136.2,57.3,6.29,69.8,36.5,34.7,5.9,12.1,41.1,7,56.5,2208.8700000000003,7804.259999999999,141.0,0.966759002770083,40.010000000000005,395.5,1,1,65.0,True
Tomato,27.2,54.4,38.3,30.5,6.13,45.1,31.9,50.3,7.9,10.7,44.5,6,93.6,1479.6799999999998,1168.1499999999999,127.3,0.5420673076923078,34.78,561.5999999999999,1,0,45.5,False
Cotton,25.0,56.6,261.1,90.0,6.78,46.0,44.0,75.5,6.9,13.4,41.8,3,85.4,1415.0,23499.000000000004,165.5,0.3817427385892116,33.34,256.20000000000005,0,1,68.5,False
Soybean,32.3,69.4,350.0,90.0,7.08,65.1,53.9,36.7,8.8,3.3,40.5,4,156.3,2241.62,31500.0,155.7,0.7106986899563319,39.89999999999999,625.2,1,1,68.5,True
Soybean,23.2,64.9,94.1,58.3,6.32,82.7,63.1,25.9,4.5,8.5,42.9,4,39.3,1505.68,5486.03,171.70000000000002,0.9188888888888889,31.389999999999997,157.2,0,0,43.5,True
Rice,30.7,48.6,107.6,40.1,6.22,58.6,39.0,20.5,6.4,13.1,21.9,5,110.8,1492.02,4314.76,118.1,0.9685950413223141,38.18,554.0,1,1,52.0,True
Groundnut,21.2,88.7,64.9,41.7,7.42,32.1,27.2,37.7,5.5,16.6,51.1,4,59.6,1880.44,2706.3300000000004,97.0,0.4871016691957511,33.39,238.4,1,1,61.5,True
Rice,28.9,69.9,264.2,90.0,6.91,93.9,30.8,11.3,3.8,8.6,29.2,6,127.8,2020.1100000000001,23778.0,136.0,2.1786542923433876,37.61,766.8,1,1,69.0,True
Rice,15.0,65.2,77.6,71.3,6.14,54.8,27.2,5.0,6.3,16.0,34.1,3,86.6,978.0,5532.879999999999,87.0,1.650602409638554,24.72,259.79999999999995,1,1,51.0,True
Wheat,27.4,69.0,43.8,59.0,6.33,83.7,26.8,29.3,8.5,8.2,35.7,6,134.5,1890.6,2584.2,139.8,1.4658493870402802,35.94,807.0,1,0,47.0,False
Cotton,27.7,61.2,133.5,62.7,6.89,51.0,57.9,60.8,7.4,23.4,30.6,3,66.8,1695.24,8370.45,169.7,0.4260651629072682,38.5,200.39999999999998,1,1,59.0,True
Tomato,34.8,62.2,321.1,90.0,6.08,30.4,52.5,80.7,5.2,8.7,30.5,3,59.7,2164.56,28899.000000000004,163.60000000000002,0.22652757078986588,42.76,179.10000000000002,0,1,59.5,False
Tomato,24.1,66.5,104.0,38.7,7.17,10.2,25.5,77.3,10.2,11.1,20.7,1,87.1,1602.65,4024.8,113.0,0.09826589595375722,32.97,87.1,0,1,56.99999999999999,False
Rice,27.6,94.0,148.5,73.9,6.08,51.9,32.6,14.9,6.7,8.1,81.9,7,88.0,2594.4,10974.150000000001,99.4,1.0701030927835051,38.62,616.0,1,1,72.0,True
Rice,18.5,62.5,200.4,79.7,6.25,79.3,34.4,34.8,9.2,11.6,24.0,4,116.7,1156.25,15971.880000000001,148.5,1.1296296296296298,27.07,466.8,0,1,56.00000000000001,False
Tomato,33.3,50.7,117.8,47.7,5.99,63.5,19.7,5.0,6.6,13.7,26.8,4,127.7,1688.31,5619.06,88.2,2.470817120622568,41.11,510.8,1,1,65.5,True
Tomato,28.1,55.4,109.3,59.6,6.94,72.3,26.1,29.2,8.5,16.3,25.5,1,109.4,1556.74,6514.28,127.60000000000001,1.2841918294849024,36.9,109.4,0,0,42.0,True
Soybean,34.5,68.8,113.5,39.3,6.53,18.6,33.6,21.1,6.4,11.9,43.4,3,145.4,2373.6,4460.549999999999,73.30000000000001,0.3339317773788151,43.760000000000005,436.20000000000005,1,1,56.49999999999999,True
Cotton,20.1,40.6,101.8,24.5,6.77,77.8,32.3,37.5,4.4,8.5,34.8,4,83.7,816.0600000000001,2494.1,147.6,1.0988700564971752,25.860000000000003,334.8,1,0,39.5,False
Cotton,24.9,68.7,269.0,90.0,6.48,93.8,15.3,27.6,11.0,10.2,45.1,7,95.6,1710.6299999999999,24210.0,136.7,2.1366742596810933,33.81,669.1999999999999,0,1,69.0,False
Maize,24.7,59.2,59.9,29.5,6.39,67.4,52.0,57.1,6.6,14.5,49.4,6,102.6,1462.24,1767.05,176.5,0.6121707538601272,33.519999999999996,615.5999999999999,1,0,46.0,False
Rice,34.5,72.1,47.8,44.8,7.7,27.4,33.1,57.8,8.1,15.3,37.8,1,106.1,2487.45,2141.4399999999996,118.3,0.2981501632208922,44.77,106.1,0,0,49.0,True
Rice,31.8,85.7,94.9,42.6,5.78,51.2,45.9,44.0,7.8,9.4,51.7,7,40.0,2725.26,4042.7400000000002,141.1,0.5632563256325632,42.25000000000001,280.0,0,1,55.50000000000001,False
Groundnut,32.5,93.6,221.1,90.0,6.69,25.0,32.3,65.6,9.7,20.5,60.4,7,34.6,3042.0,19899.0,122.89999999999999,0.2527805864509606,45.96,242.20000000000002,0,1,69.5,False
Tomato,24.4,51.6,89.6,55.8,7.05,58.9,48.9,27.6,11.0,13.3,28.5,7,106.2,1259.04,4999.679999999999,135.4,0.76,32.22,743.4,0,1,51.5,False
Soybean,38.0,39.1,62.3,22.2,6.7,44.6,29.0,41.2,4.9,12.9,24.1,7,136.8,1485.8,1383.06,114.8,0.6264044943820225,44.489999999999995,957.6000000000001,1,0,49.5,False
Wheat,33.9,75.9,128.7,39.0,6.72,46.8,40.6,52.3,8.2,16.9,29.8,7,41.8,2573.01,5019.299999999999,139.7,0.49840255591054305,44.870000000000005,292.59999999999997,0,1,56.00000000000001,False
Tomato,26.3,67.5,38.4,36.9,6.65,52.2,46.2,55.2,6.6,11.1,51.4,1,20.0,1775.25,1416.9599999999998,153.60000000000002,0.509765625,35.269999999999996,20.0,0,1,56.00000000000001,False
Cotton,29.4,53.7,90.0,50.6,6.67,84.4,40.4,54.8,6.1,16.1,21.7,1,66.3,1578.78,4554.0,179.60000000000002,0.8773388773388775,37.989999999999995,66.3,1,0,47.0,False
Groundnut,26.5,87.7,283.5,90.0,6.52,22.4,52.6,62.3,7.1,18.9,30.1,2,79.1,2324.05,25515.0,137.3,0.19327006039689384,39.05,158.2,1,1,73.5,True
Groundnut,27.0,81.8,126.6,68.9,7.25,56.6,46.2,40.0,4.4,13.0,30.2,5,114.2,2208.6,8722.74,142.8,0.6490825688073395,37.78,571.0,0,1,57.99999999999999,False
Wheat,28.4,71.2,27.6,30.4,7.24,57.5,28.5,45.6,7.9,15.0,47.0,7,77.2,2022.08,839.04,131.6,0.7656458055925434,38.519999999999996,540.4,1,0,41.5,False
Maize,28.9,47.8,110.1,31.8,6.96,55.3,41.9,35.5,3.8,15.8,23.3,7,81.7,1381.4199999999998,3501.18,132.7,0.7053571428571428,36.84,571.9,0,0,49.5,True
Groundnut,27.5,93.9,179.5,86.5,6.9,17.9,30.8,13.8,6.8,3.7,66.5,5,100.6,2582.25,15526.75,62.5,0.39254385964912275,37.63,503.0,0,1,71.5,False
Maize,27.9,63.1,230.9,72.3,6.79,39.4,66.1,31.0,7.9,17.0,16.4,4,81.9,1760.49,16694.07,136.5,0.4016309887869521,37.61,327.6,1,1,68.5,True
Maize,25.3,84.1,86.8,27.9,5.1,13.7,21.9,28.6,9.7,8.1,48.0,5,89.9,2127.73,2421.72,64.19999999999999,0.26601941747572816,35.33,449.5,0,0,49.0,True
Wheat,26.0,57.6,131.4,90.0,5.49,73.4,27.0,41.0,7.3,13.4,36.3,4,110.9,1497.6000000000001,11826.0,141.4,1.0637681159420291,34.44,443.6,0,1,62.0,False
Rice,26.7,49.3,209.1,74.3,5.76,47.0,29.9,70.5,5.9,3.3,25.4,3,89.9,1316.31,15536.13,147.4,0.4635108481262327,32.29,269.70000000000005,1,1,60.5,True
Groundnut,27.7,64.6,267.4,90.0,6.58,81.4,48.3,34.6,8.0,10.3,49.4,5,73.5,1789.4199999999998,24065.999999999996,164.29999999999998,0.9702026221692491,36.22,367.5,1,1,66.0,True
Cotton,23.0,63.4,82.5,46.8,5.52,70.2,29.7,12.4,6.5,14.7,39.1,5,139.2,1458.2,3860.9999999999995,112.30000000000001,1.62877030162413,32.28,696.0,0,0,35.5,True
Soybean,31.7,59.6,95.7,54.0,6.29,45.6,49.5,63.2,7.2,15.3,24.9,1,116.9,1889.32,5167.8,158.3,0.40105540897097625,40.72,116.9,1,1,53.0,True
Maize,27.7,65.1,148.8,60.0,6.57,47.3,12.8,35.2,4.9,6.8,31.7,7,126.4,1803.2699999999998,8928.0,95.3,0.9653061224489795,35.57,884.8000000000001,1,1,68.0,True
Tomato,27.6,53.8,138.2,50.4,6.16,46.0,50.3,48.8,10.4,13.9,3.2,4,82.1,1484.88,6965.279999999999,145.1,0.4595404595404596,35.760000000000005,328.4,1,1,54.0,True
Tomato,24.2,67.8,75.8,46.1,6.78,58.6,44.0,43.8,8.2,23.4,20.2,1,70.4,1640.76,3494.38,146.39999999999998,0.6599099099099099,35.66,70.4,0,0,43.0,True
Wheat,19.1,73.7,301.4,90.0,6.72,21.6,41.0,56.6,6.1,14.9,39.5,5,169.4,1407.67,27125.999999999996,119.2,0.21906693711967548,29.450000000000003,847.0,0,1,60.0,False
Maize,31.8,46.3,62.3,26.0,7.57,42.2,31.0,42.8,8.4,14.7,28.7,7,113.1,1472.34,1619.8,116.0,0.5641711229946524,39.37,791.6999999999999,1,0,44.5,False
Soybean,25.1,53.0,142.5,45.8,6.2,33.7,48.1,44.9,4.8,14.0,44.4,6,91.3,1330.3000000000002,6526.5,126.70000000000002,0.3585106382978724,33.2,547.8,1,1,60.5,True
Maize,24.6,72.4,246.8,82.9,5.92,38.2,19.0,61.2,7.1,26.7,46.3,6,76.5,1781.0400000000002,20459.72,118.4,0.4704433497536946,37.18000000000001,459.0,1,1,66.0,True
Tomato,21.4,76.9,46.5,27.2,6.4,67.1,30.9,26.4,8.3,14.9,52.9,5,81.1,1645.66,1264.8,124.4,1.150943396226415,32.07,405.5,0,1,54.50000000000001,False
Rice,24.5,53.2,248.2,90.0,6.81,60.7,30.9,25.1,9.3,17.5,20.9,2,133.3,1303.4,22338.0,116.69999999999999,1.0649122807017544,33.32,266.6,1,1,60.5,True
Maize,21.0,41.3,17.2,15.0,6.33,72.9,38.9,25.2,5.8,12.6,31.3,5,58.4,867.3,258.0,137.0,1.1198156682027651,27.65,292.0,0,0,27.500000000000004,True
Maize,30.7,52.8,111.6,63.9,6.35,41.7,36.1,77.0,6.0,14.3,37.2,6,84.3,1620.9599999999998,7131.24,154.8,0.3654688869412796,38.839999999999996,505.79999999999995,1,1,55.00000000000001,True
Soybean,34.8,51.4,86.0,49.5,6.12,73.4,42.6,44.9,6.4,21.9,15.8,2,93.1,1788.7199999999998,4257.0,160.9,0.8293785310734464,44.32,186.2,0,1,60.0,False
Rice,25.0,58.2,235.3,90.0,6.12,68.6,33.6,74.2,5.3,6.8,19.7,2,65.4,1455.0,21177.0,176.39999999999998,0.6305147058823528,32.18,130.8,0,1,57.49999999999999,False
Groundnut,32.0,81.4,106.7,82.2,6.59,27.5,17.5,36.9,5.5,12.5,44.5,5,71.8,2604.8,8770.74,81.9,0.4963898916967509,42.64,359.0,1,1,59.0,True
Rice,25.9,70.5,113.2,34.6,7.28,73.0,21.7,47.9,6.9,5.6,45.9,2,21.3,1825.9499999999998,3916.7200000000003,142.6,1.0339943342776206,34.06999999999999,42.6,1,1,54.0,True
Groundnut,30.1,59.8,145.3,68.7,6.74,45.4,32.5,29.7,7.8,6.8,31.0,5,82.6,1799.98,9982.11,107.60000000000001,0.7183544303797468,37.44,413.0,0,1,59.0,False
Tomato,29.2,52.5,70.8,31.7,5.77,16.9,49.8,51.6,6.4,5.8,16.2,2,90.2,1533.0,2244.3599999999997,118.29999999999998,0.16503906249999997,35.61,180.4,1,0,44.0,False
Rice,34.4,95.0,72.6,38.8,6.1,37.7,31.6,81.2,10.7,14.1,54.8,6,97.6,3268.0,2816.8799999999997,150.5,0.3312829525483304,46.72,585.5999999999999,0,1,57.49999999999999,False
Groundnut,25.8,62.9,78.9,42.1,6.77,55.5,30.3,16.7,5.2,20.1,19.1,2,116.3,1622.82,3321.6900000000005,102.5,1.15625,36.11000000000001,232.6,0,1,51.0,False
Soybean,27.0,70.8,13.6,37.4,6.86,54.6,44.2,42.9,5.1,8.2,26.5,5,150.8,1911.6,508.64,141.70000000000002,0.619750283768445,35.72,754.0,0,1,59.0,False
Wheat,32.5,65.8,136.0,58.4,6.24,47.8,10.8,58.4,7.7,8.4,53.2,5,135.9,2138.5,7942.4,117.0,0.6809116809116809,40.76,679.5,1,1,64.5,True
Wheat,31.6,75.1,185.8,88.8,7.35,74.8,29.6,32.3,7.0,2.1,49.1,1,124.2,2373.16,16499.04,136.7,1.1891891891891893,39.53,124.2,0,1,58.5,False
Wheat,35.0,70.5,225.8,70.2,7.68,85.0,56.9,21.2,8.8,13.1,25.7,6,152.2,2467.5,15851.160000000002,163.1,1.074589127686473,44.669999999999995,913.1999999999999,1,1,57.49999999999999,True
Rice,21.9,48.0,200.0,68.4,7.24,35.2,43.9,37.9,10.7,10.8,34.6,2,114.7,1051.1999999999998,13680.000000000002,117.0,0.42512077294685996,28.86,229.4,1,1,67.5,True
Tomato,26.4,71.1,156.8,74.7,6.5,53.4,14.1,22.6,6.9,23.4,40.0,5,72.1,1877.0399999999997,11712.960000000001,90.1,1.416445623342175,38.19,360.5,1,1,56.99999999999999,True
Rice,29.3,83.9,56.7,44.1,6.73,23.3,41.0,15.8,7.0,17.3,54.5,2,83.4,2458.2700000000004,2500.4700000000003,80.1,0.4031141868512111,41.15,166.8,0,1,56.00000000000001,False
Soybean,27.6,83.0,143.3,64.4,6.23,44.0,17.8,62.8,5.5,10.2,34.7,5,116.5,2290.8,9228.520000000002,124.6,0.5392156862745099,37.940000000000005,582.5,1,1,59.5,True
Soybean,30.3,69.0,42.4,42.3,6.62,47.4,28.2,33.8,7.3,12.0,49.7,5,123.5,2090.7000000000003,1793.5199999999998,109.39999999999999,0.7523809523809524,39.6,617.5,1,1,55.50000000000001,True
Cotton,23.8,75.4,86.9,62.6,6.71,44.9,5.0,77.3,7.5,17.8,34.2,5,54.3,1794.5200000000002,5439.9400000000005,127.19999999999999,0.539015606242497,34.900000000000006,271.5,0,1,52.0,False
Rice,21.9,67.8,168.6,54.5,6.03,41.7,26.1,54.5,11.0,21.6,19.2,2,152.9,1484.82,9188.699999999999,122.30000000000001,0.511029411764706,33.0,305.8,0,0,46.0,True
Wheat,25.0,67.7,100.8,53.4,6.39,32.6,39.4,77.0,4.9,11.4,43.9,2,115.0,1692.5,5382.719999999999,149.0,0.2776831345826235,34.05,230.0,1,1,56.49999999999999,True
Groundnut,31.0,62.1,184.9,85.6,8.0,38.8,53.3,44.9,4.6,15.3,34.3,2,94.4,1925.1000000000001,15827.439999999999,137.0,0.39112903225806456,40.27,188.8,1,1,67.0,True
Wheat,25.4,59.8,245.0,90.0,6.3,77.1,25.3,66.6,6.2,11.4,31.5,2,134.4,1518.9199999999998,22050.0,169.0,0.829924650161464,33.66,268.8,0,1,64.0,False
Rice,22.2,54.4,68.7,48.2,6.8,61.7,31.0,56.1,9.0,4.0,2.5,7,127.0,1207.6799999999998,3311.34,148.8,0.7003405221339388,28.44,889.0,1,0,40.0,False
Groundnut,19.1,59.0,195.5,72.0,7.63,39.1,42.6,66.4,5.9,15.6,25.4,2,102.7,1126.9,14076.0,148.10000000000002,0.35545454545454547,28.12,205.4,0,1,59.0,False
Rice,28.2,75.6,123.0,72.4,7.05,80.1,42.6,47.9,9.4,6.8,41.3,5,46.5,2131.9199999999996,8905.2,170.6,0.8754098360655737,37.12,232.5,1,1,59.5,True
Rice,24.2,44.4,350.0,90.0,6.85,48.5,19.6,37.4,7.0,11.6,31.0,5,144.8,1074.48,31500.0,105.5,0.8362068965517241,30.96,724.0,0,1,80.5,False
Soybean,29.7,82.9,53.0,54.0,6.02,71.8,36.0,34.2,8.6,10.7,45.7,7,126.7,2462.13,2862.0,142.0,1.0084269662921348,40.13,886.9,0,0,49.0,True
Maize,29.2,67.3,144.6,58.4,5.42,30.0,12.6,50.5,8.8,9.7,36.4,3,74.0,1965.1599999999999,8444.64,93.1,0.46801872074883,37.87,222.0,0,1,60.5,False
Wheat,29.6,38.6,229.6,74.8,7.23,43.3,43.8,80.0,9.5,7.9,35.0,7,97.9,1142.5600000000002,17174.079999999998,167.1,0.3469551282051282,35.04,685.3000000000001,1,1,53.5,True
Tomato,23.0,60.8,111.9,56.9,7.01,24.7,33.7,41.2,10.2,6.7,15.9,4,84.7,1398.3999999999999,6367.110000000001,99.60000000000001,0.32542819499341236,30.419999999999998,338.8,0,0,44.0,True
Maize,28.9,58.6,57.3,36.7,6.85,33.9,25.6,23.1,7.4,16.2,50.2,2,24.5,1693.54,2102.91,82.6,0.6820925553319919,38.0,49.0,0,1,54.50000000000001,False
Rice,18.8,38.5,308.8,90.0,6.86,44.1,28.6,39.3,10.2,21.7,4.5,3,107.1,723.8000000000001,27792.0,112.0,0.6400580551523948,26.990000000000002,321.29999999999995,1,1,72.0,True
Groundnut,27.1,78.2,89.4,43.8,5.69,38.2,25.3,44.4,5.4,2.9,40.4,6,72.9,2119.2200000000003,3915.72,107.9,0.5403111739745403,35.5,437.40000000000003,0,1,51.5,False
Groundnut,23.2,45.1,153.3,64.5,6.34,57.3,29.6,27.7,6.5,10.0,50.9,1,60.3,1046.32,9887.85,114.60000000000001,0.9828473413379074,29.71,60.3,0,1,56.49999999999999,False
Maize,26.4,55.3,85.8,49.8,6.89,38.4,36.5,61.6,5.3,16.3,28.5,6,134.1,1459.9199999999998,4272.839999999999,136.5,0.3874873864783048,35.19,804.5999999999999,1,1,50.5,True
Tomato,17.1,73.2,29.8,36.7,6.17,62.3,13.6,25.0,8.0,14.8,27.0,6,142.1,1251.7200000000003,1093.66,100.89999999999999,1.573232323232323,27.380000000000003,852.5999999999999,1,1,63.5,True
Soybean,19.7,57.6,107.1,45.2,7.17,40.9,46.0,86.9,7.7,12.5,24.3,4,195.6,1134.72,4840.92,173.8,0.30545182972367435,27.96,782.4,0,1,62.0,False
Rice,22.6,61.8,215.5,90.0,5.9,29.9,33.9,5.0,5.3,9.8,41.0,2,94.6,1396.68,19395.0,68.8,0.7493734335839599,30.740000000000002,189.2,1,1,56.49999999999999,True
Maize,24.0,61.9,189.3,90.0,6.5,50.0,29.1,41.3,7.4,9.5,48.1,3,128.4,1485.6,17037.0,120.39999999999999,0.7002801120448179,32.089999999999996,385.20000000000005,0,1,71.0,False
Soybean,30.4,50.1,134.6,46.7,6.79,65.9,20.2,37.9,10.2,14.5,41.7,6,114.5,1523.04,6285.82,124.0,1.1150592216582067,38.309999999999995,687.0,1,1,53.0,True
Wheat,23.7,83.5,247.5,87.8,8.0,31.7,7.7,12.6,5.8,12.7,35.0,2,84.7,1978.95,21730.5,52.0,1.488262910798122,34.589999999999996,169.4,0,0,49.0,True
Maize,24.5,76.4,124.5,32.9,6.04,90.8,5.0,15.4,6.8,6.0,38.9,2,145.0,1871.8000000000002,4096.05,111.2,4.242990654205608,33.34,290.0,0,1,56.99999999999999,False
Wheat,31.1,76.8,228.2,90.0,5.95,41.4,41.1,36.7,5.4,6.4,21.0,2,38.7,2388.48,20538.0,119.2,0.5253807106598983,40.06,77.4,1,1,61.0,True
Tomato,27.3,48.7,140.0,44.9,5.42,28.4,41.7,72.1,6.1,7.1,37.9,3,139.3,1329.5100000000002,6286.0,142.2,0.24738675958188153,33.59,417.90000000000003,1,1,55.00000000000001,True
Rice,28.5,92.1,117.6,59.6,6.89,20.6,23.3,30.9,4.7,13.9,44.7,1,141.0,2624.85,7008.96,74.80000000000001,0.37318840579710144,40.49,141.0,0,1,68.0,False
Wheat,26.3,68.3,74.2,36.2,6.03,46.3,23.7,52.6,10.8,12.3,29.3,4,149.2,1796.29,2686.0400000000004,122.6,0.5989650711513583,35.59,596.8,1,1,53.0,True
Tomato,35.8,78.3,149.9,76.4,5.89,39.2,44.1,73.3,3.1,18.0,48.7,1,197.1,2803.14,11452.36,156.60000000000002,0.3310810810810811,47.23,197.1,0,1,59.0,False
Rice,27.4,62.4,143.1,80.0,7.54,33.7,23.8,60.8,5.6,7.3,32.6,1,91.1,1709.7599999999998,11448.0,118.3,0.3936915887850468,35.1,91.1,0,1,59.0,False
Maize,30.0,75.1,201.2,63.1,6.97,78.2,46.1,55.3,4.0,6.0,58.7,5,163.7,2253.0,12695.72,179.60000000000002,0.763671875,38.71,818.5,1,1,69.0,True
Soybean,30.8,67.2,168.8,53.2,5.46,58.7,42.4,49.4,7.0,17.3,39.2,5,127.5,2069.76,8980.160000000002,150.5,0.6325431034482759,40.980000000000004,637.5,0,1,62.0,False
Maize,24.5,70.8,61.6,48.0,6.64,37.3,41.4,58.0,6.0,21.8,48.0,6,123.5,1734.6,2956.8,136.7,0.3715139442231075,35.94,741.0,0,1,53.0,False
Rice,31.5,60.9,161.8,70.6,7.11,36.9,35.5,22.9,7.5,8.5,61.9,1,115.8,1918.35,11423.08,95.30000000000001,0.6212121212121212,39.290000000000006,115.8,1,1,71.0,True
Maize,34.7,64.6,93.8,33.9,5.98,79.0,26.6,35.4,8.6,10.1,58.2,3,92.0,2241.62,3179.8199999999997,141.0,1.253968253968254,43.18000000000001,276.0,1,0,48.5,False
Rice,27.3,70.8,27.9,34.9,6.59,70.8,47.8,39.9,5.0,8.9,53.4,4,115.6,1932.84,973.7099999999999,158.5,0.7981961668545661,36.160000000000004,462.4,0,1,59.0,False
Rice,27.3,65.6,155.3,70.5,6.87,46.2,14.9,30.5,8.5,20.4,26.7,7,104.2,1790.8799999999999,10948.650000000001,91.6,0.9956896551724139,37.94,729.4,1,1,54.0,True
Tomato,27.9,51.7,122.4,68.0,6.02,74.9,39.4,79.7,7.5,19.1,45.3,5,62.5,1442.43,8323.2,194.0,0.6236469608659452,36.89,312.5,0,1,53.5,False
Rice,32.6,79.7,105.6,64.0,7.01,57.6,28.9,58.8,9.7,9.3,35.2,7,73.0,2598.2200000000003,6758.4,145.3,0.6493799323562571,42.43,511.0,0,1,56.00000000000001,False
Maize,29.2,78.2,171.8,79.6,6.41,76.7,36.0,54.6,6.4,20.0,8.3,1,73.5,2283.44,13675.28,167.3,0.8373362445414848,41.019999999999996,73.5,1,1,56.49999999999999,True
Rice,28.2,47.4,70.6,17.4,6.86,47.8,22.4,31.4,6.8,11.8,31.0,1,71.8,1336.6799999999998,1228.4399999999998,101.6,0.8722627737226277,35.3,71.8,1,0,34.5,False
Rice,24.8,74.8,114.5,59.8,6.8,60.1,47.5,58.3,6.8,8.3,30.9,6,90.3,1855.04,6847.099999999999,165.89999999999998,0.5627340823970037,33.94,541.8,1,0,49.5,False
Cotton,30.8,86.6,85.2,54.5,7.39,69.5,53.6,21.0,8.1,8.0,40.5,3,129.8,2667.2799999999997,4643.400000000001,144.1,0.9193121693121694,41.06,389.40000000000003,0,1,54.0,False
Cotton,34.3,61.5,38.9,32.9,6.07,47.3,39.9,26.2,6.4,18.1,49.8,3,71.8,2109.45,1279.81,113.39999999999999,0.7049180327868853,44.06999999999999,215.39999999999998,0,0,47.5,True
Maize,23.9,55.1,55.8,38.0,6.02,51.7,23.7,35.0,5.9,11.6,43.3,1,71.7,1316.8899999999999,2120.4,110.4,0.8659966499162479,31.729999999999997,71.7,0,0,44.0,True
Tomato,31.9,43.3,46.0,39.5,6.31,60.1,41.6,37.3,3.6,12.6,24.6,4,72.0,1381.2699999999998,1817.0,139.0,0.7521902377972465,38.75,288.0,1,0,40.5,False
Tomato,30.8,69.7,161.7,72.5,5.86,78.1,54.0,57.5,6.9,12.2,43.3,1,138.1,2146.76,11723.25,189.6,0.6942222222222222,40.21,138.1,1,1,66.0,True
Soybean,23.0,58.7,66.0,40.9,6.85,82.1,35.6,34.6,5.5,10.1,34.8,4,101.9,1350.1000000000001,2699.4,152.29999999999998,1.1530898876404494,30.89,407.6,1,0,39.5,False
Rice,23.3,95.0,142.5,78.1,6.75,67.3,23.9,73.1,7.0,22.6,42.1,7,109.6,2213.5,11129.25,164.29999999999998,0.686734693877551,37.32,767.1999999999999,1,1,56.49999999999999,True
Groundnut,28.0,95.0,61.5,76.9,6.23,23.7,26.6,57.9,8.1,13.2,52.5,1,118.3,2660.0,4729.35,108.19999999999999,0.2771929824561403,40.14,118.3,1,1,77.0,True
Cotton,32.4,83.3,123.5,42.5,6.83,64.5,63.7,34.9,5.8,16.0,24.4,7,112.1,2698.9199999999996,5248.75,163.1,0.6475903614457832,43.93,784.6999999999999,1,1,54.50000000000001,True
Soybean,38.1,95.0,86.0,58.2,5.77,87.9,51.5,25.5,8.9,13.1,60.1,5,123.1,3619.5,5005.2,164.9,1.126923076923077,50.22,615.5,1,1,65.5,True
Tomato,20.0,58.5,97.5,50.5,6.27,50.1,26.3,36.1,9.5,6.4,29.8,1,77.0,1170.0,4923.75,112.5,0.7902208201892744,27.130000000000003,77.0,0,1,50.5,False
Maize,33.4,95.0,155.4,77.9,6.79,73.1,34.5,33.3,8.8,14.8,59.1,6,45.9,3173.0,12105.660000000002,140.89999999999998,1.0625,45.86,275.4,1,1,71.5,True
Soybean,32.2,86.3,103.4,52.2,6.84,47.0,32.3,71.2,4.5,11.1,40.3,1,121.8,2778.86,5397.4800000000005,150.5,0.44976076555023925,43.05,121.8,0,1,52.0,False
Soybean,20.8,64.8,238.0,79.8,6.9,58.7,34.6,20.6,7.2,10.6,49.1,6,66.9,1347.84,18992.399999999998,113.9,1.0444839857651245,29.400000000000002,401.40000000000003,1,1,63.0,True
Wheat,26.1,59.5,203.4,75.9,7.19,50.3,49.2,50.7,6.8,5.3,32.6,6,99.5,1552.95,15438.060000000001,150.2,0.49851337958374625,33.11000000000001,597.0,0,1,74.5,False
Cotton,28.5,48.3,174.5,52.5,6.81,87.9,25.7,32.8,8.4,12.6,13.7,4,174.3,1376.55,9161.25,146.4,1.477310924369748,35.85,697.2,0,0,48.5,True
Soybean,23.7,91.4,107.8,50.1,6.84,54.2,37.5,38.5,7.2,11.6,53.1,4,81.0,2166.1800000000003,5400.78,130.2,0.7038961038961039,35.160000000000004,324.0,1,1,58.5,True
Cotton,21.7,87.6,61.4,46.5,7.18,74.7,29.0,45.7,6.4,23.9,57.0,1,59.8,1900.9199999999998,2855.1,149.4,0.9867899603698811,35.24,59.8,1,1,53.0,True
Tomato,32.1,63.4,73.6,48.3,7.13,15.4,34.8,5.0,8.3,25.3,39.1,2,90.3,2035.14,3554.8799999999997,55.199999999999996,0.3774509803921569,43.5,180.6,1,1,50.5,True
Rice,29.7,70.8,129.1,68.6,5.63,66.7,25.9,33.1,3.2,14.3,64.6,7,116.0,2102.7599999999998,8856.259999999998,125.69999999999999,1.1116666666666668,39.64,812.0,0,1,59.0,False
Maize,32.1,74.0,47.7,41.2,5.77,64.9,35.1,72.4,6.8,6.2,42.1,5,152.7,2375.4,1965.2400000000002,172.4,0.5981566820276498,40.74,763.5,1,0,46.0,False
Soybean,23.5,56.2,138.6,65.0,6.36,70.2,13.1,34.8,5.2,3.7,36.5,4,109.9,1320.7,9009.0,118.1,1.4355828220858897,29.86,439.6,0,1,56.99999999999999,False
Groundnut,26.2,58.3,140.4,64.1,6.76,51.2,17.0,60.3,8.0,8.7,42.0,6,128.4,1527.4599999999998,8999.64,128.5,0.6538952745849298,33.77,770.4000000000001,1,1,60.0,True
Soybean,26.1,72.1,102.4,85.7,5.76,32.4,43.8,36.9,5.5,14.3,39.8,3,137.0,1881.81,8775.68,113.1,0.3965728274173807,36.17,411.0,0,1,70.0,False
Soybean,17.2,48.5,315.7,90.0,7.61,53.3,51.4,46.3,6.8,9.2,27.9,1,39.1,834.1999999999999,28413.0,151.0,0.5400202634245188,23.889999999999997,39.1,1,1,56.00000000000001,True
Wheat,35.9,65.8,271.2,90.0,6.61,47.4,16.7,17.4,9.2,11.8,40.4,6,86.1,2362.22,24408.0,81.5,1.3504273504273505,44.839999999999996,516.5999999999999,1,1,61.5,True
Soybean,25.9,82.0,38.6,35.7,6.83,72.3,38.2,62.7,6.1,19.6,28.4,7,51.9,2123.7999999999997,1378.0200000000002,173.2,0.7095191364082433,38.019999999999996,363.3,0,0,45.0,True
Cotton,30.9,75.6,50.0,17.3,5.67,10.0,13.4,71.2,8.3,11.9,49.0,6,109.7,2336.0399999999995,865.0,94.6,0.11682242990654204,40.84,658.2,1,1,70.0,True
Maize,31.1,81.2,151.5,60.0,7.87,45.8,52.3,56.8,7.6,12.2,79.2,7,91.9,2525.32,9090.0,154.89999999999998,0.4159854677565849,41.66,643.3000000000001,1,1,56.00000000000001,True
Cotton,24.6,63.1,100.2,65.2,6.56,59.7,61.9,30.9,7.0,14.2,34.5,1,86.2,1552.2600000000002,6533.040000000001,152.5,0.6364605543710021,33.75,86.2,0,0,45.0,True
Cotton,24.8,74.8,121.7,61.7,6.91,78.4,58.4,39.1,4.4,24.6,22.4,2,85.1,1855.04,7508.89,175.9,0.7959390862944163,37.2,170.2,1,1,53.5,True
Rice,24.3,55.5,169.1,77.4,6.42,70.8,34.3,77.0,5.8,6.4,31.0,3,162.7,1348.65,13088.34,182.1,0.6304541406945681,31.130000000000003,488.09999999999997,1,1,63.0,True
Tomato,23.1,74.8,120.6,56.5,6.13,36.1,22.5,53.6,6.9,15.8,41.5,5,66.5,1727.88,6813.9,112.2,0.46822308690012976,33.74,332.5,0,1,52.5,False
Rice,25.8,50.3,66.5,15.0,6.43,35.2,52.7,54.6,6.5,23.3,38.1,7,127.5,1297.74,997.5,142.5,0.3250230840258541,35.489999999999995,892.5,0,0,49.0,True
Maize,25.4,79.3,78.5,25.9,6.97,48.9,44.2,63.1,8.3,15.0,35.7,1,102.0,2014.2199999999998,2033.1499999999999,156.2,0.45152354570637115,36.33,102.0,1,1,56.99999999999999,True
Wheat,32.1,59.9,88.1,52.9,6.52,73.1,75.9,59.4,4.7,13.8,32.7,7,93.5,1922.79,4660.49,208.4,0.5363169479090242,40.85,654.5,0,1,54.50000000000001,False
Soybean,26.9,50.1,177.0,57.3,6.53,65.2,25.0,49.8,7.9,11.8,24.7,2,123.3,1347.69,10142.1,140.0,0.8601583113456465,34.269999999999996,246.6,0,1,50.5,False
Soybean,34.6,39.5,39.9,26.5,6.74,40.7,29.2,36.9,8.1,9.0,40.8,4,59.0,1366.7,1057.35,106.80000000000001,0.6065573770491804,40.35,236.0,1,0,45.0,False
Rice,16.8,61.1,159.7,65.0,6.44,70.7,45.0,32.4,5.6,14.3,25.5,2,88.0,1026.48,10380.5,148.1,0.9017857142857143,25.77,176.0,1,1,58.5,True
Tomato,32.4,48.4,54.5,25.2,5.83,64.1,16.7,69.0,6.2,15.0,41.7,7,97.6,1568.1599999999999,1373.3999999999999,149.8,0.7393310265282582,40.239999999999995,683.1999999999999,0,0,40.5,True
Tomato,32.6,66.0,120.8,49.3,6.41,41.6,13.6,69.4,8.4,14.8,38.2,2,120.6,2151.6,5955.44,124.60000000000001,0.49523809523809526,42.160000000000004,241.2,1,1,54.50000000000001,True
Wheat,26.0,60.0,163.1,58.9,7.08,22.0,37.1,63.4,8.6,12.2,35.1,3,57.7,1560.0,9606.59,122.5,0.21674876847290642,34.44,173.10000000000002,0,1,62.0,False
Rice,30.5,48.9,145.3,34.5,7.38,87.2,38.5,46.2,7.7,10.3,34.7,2,42.4,1491.45,5012.85,171.9,1.017502917152859,37.45,84.8,0,0,49.0,True
Cotton,31.8,65.4,83.1,31.1,7.41,38.4,24.4,56.4,8.6,8.1,55.7,7,80.3,2079.7200000000003,2584.41,119.19999999999999,0.46943765281173594,39.96,562.1,0,1,59.5,False
Rice,27.9,41.4,183.8,60.3,7.27,19.8,47.4,33.7,8.2,9.8,21.7,5,139.5,1155.06,11083.14,100.9,0.24116930572472597,34.0,697.5,0,1,54.50000000000001,False
Groundnut,20.0,65.7,117.1,72.9,5.57,54.2,27.2,10.6,8.1,8.4,48.1,4,137.8,1314.0,8536.59,92.0,1.3969072164948455,28.25,551.2,0,1,53.0,False
Groundnut,25.6,69.6,112.2,34.7,6.45,65.6,14.5,49.5,7.1,6.5,32.9,3,135.1,1781.76,3893.3400000000006,129.6,1.0092307692307692,33.86,405.29999999999995,0,0,42.5,True
Maize,24.7,62.5,294.1,90.0,6.65,53.4,5.9,25.4,6.2,14.8,59.7,1,138.3,1543.75,26469.000000000004,84.69999999999999,1.653250773993808,33.91,138.3,1,1,73.5,True
Cotton,32.6,59.8,156.4,69.9,6.46,58.9,17.5,58.4,6.6,18.3,36.0,3,96.7,1949.48,10932.36,134.8,0.7659297789336801,42.239999999999995,290.1,1,1,55.50000000000001,True
Soybean,31.4,67.3,50.1,41.1,5.22,88.6,29.2,44.3,5.7,12.3,26.0,1,84.6,2113.22,2059.11,162.1,1.1892617449664429,40.589999999999996,84.6,0,0,48.5,True
Rice,18.8,91.7,51.1,27.9,6.49,60.4,34.0,30.6,6.4,12.8,46.5,7,97.2,1723.96,1425.69,125.0,0.9207317073170732,30.529999999999998,680.4,0,1,63.5,False
Cotton,28.0,56.1,165.9,76.6,6.41,92.5,29.8,68.0,4.9,14.1,56.3,5,53.1,1570.8,12707.939999999999,190.3,0.9362348178137652,36.43,265.5,1,1,68.0,True
Wheat,29.6,60.3,81.7,40.0,5.18,33.3,24.5,42.2,7.0,6.4,35.1,3,132.2,1784.88,3268.0,100.0,0.49187592319054646,36.910000000000004,396.59999999999997,1,0,41.5,False
Maize,27.0,63.4,102.2,49.9,5.86,68.6,34.5,72.5,9.0,9.7,35.2,6,52.5,1711.8,5099.78,175.6,0.6351851851851852,35.28,315.0,0,1,56.00000000000001,False
Soybean,20.4,82.4,121.5,76.2,6.59,59.0,20.0,50.0,5.2,13.3,32.8,7,152.7,1680.96,9258.300000000001,129.0,0.8309859154929577,31.3,1068.8999999999999,0,1,62.5,False
Maize,30.1,74.9,235.6,90.0,6.93,92.9,43.9,34.9,7.0,30.0,54.8,6,98.3,2254.4900000000002,21204.0,171.70000000000002,1.1641604010025064,43.59,589.8,0,1,71.5,False
Tomato,32.3,85.3,81.3,62.7,6.62,58.2,31.6,53.3,5.9,11.3,33.4,5,77.6,2755.1899999999996,5097.51,143.10000000000002,0.6775320139697323,43.089999999999996,388.0,0,1,55.00000000000001,False
Cotton,23.9,92.8,124.9,61.3,6.54,58.5,47.6,48.4,8.9,17.0,54.4,5,70.1,2217.9199999999996,7656.37,154.5,0.6030927835051546,36.58,350.5,1,1,63.0,True
Wheat,31.9,67.7,118.9,67.7,5.73,17.4,40.7,63.7,5.3,6.8,37.5,6,86.7,2159.63,8049.530000000001,121.80000000000001,0.16508538899430739,40.03,520.2,0,1,51.5,False
Maize,30.8,82.7,69.6,47.0,6.08,45.3,24.9,38.2,6.2,16.4,48.3,4,85.1,2547.1600000000003,3271.2,108.39999999999999,0.7067082683307333,42.35,340.4,0,1,60.0,False
Cotton,24.1,52.1,115.0,53.2,6.03,40.4,47.0,54.6,8.7,18.9,26.2,4,102.0,1255.6100000000001,6118.0,142.0,0.3937621832358675,33.09,408.0,0,0,49.0,True
Soybean,33.4,43.0,81.3,46.2,7.97,68.2,23.2,73.5,8.2,15.2,15.5,1,96.5,1436.2,3756.06,164.9,0.6980552712384852,40.739999999999995,96.5,0,0,44.0,True
Tomato,28.1,62.7,184.5,89.0,6.31,92.4,44.1,50.4,6.2,12.7,33.6,1,41.0,1761.8700000000001,16420.5,186.9,0.9675392670157069,36.910000000000004,41.0,1,1,61.0,True
Soybean,22.7,80.9,145.2,75.3,7.31,38.3,56.7,35.3,10.2,22.5,31.7,6,63.1,1836.43,10933.56,130.3,0.4118279569892473,35.29,378.6,0,1,67.5,False
Soybean,24.9,71.7,25.1,45.3,7.66,40.2,44.1,41.6,5.4,8.1,50.6,4,86.1,1785.33,1137.03,125.9,0.46366782006920415,33.69,344.4,0,0,48.5,True
Tomato,30.7,78.7,151.2,74.9,6.56,64.4,35.4,50.7,6.4,12.4,56.6,1,23.3,2416.09,11324.88,150.5,0.7393800229621126,41.05,23.3,1,1,59.0,True
Soybean,28.7,45.4,78.6,33.1,6.39,48.0,32.3,39.6,6.5,19.1,43.4,6,55.0,1302.98,2601.66,119.9,0.6584362139917695,37.06,330.0,1,0,39.5,False
Rice,27.9,67.3,145.6,77.5,6.71,11.4,17.9,42.9,8.3,1.8,38.6,6,97.1,1877.6699999999998,11284.0,72.19999999999999,0.18446601941747573,34.989999999999995,582.5999999999999,1,1,56.99999999999999,True
Wheat,29.1,57.6,119.1,61.9,7.44,42.7,67.3,35.7,8.4,9.5,49.8,3,76.2,1676.16,7372.289999999999,145.7,0.4105769230769231,36.76,228.60000000000002,1,1,62.0,True
Groundnut,29.5,70.8,150.2,74.0,5.95,62.3,44.5,57.5,9.7,14.0,30.4,2,44.3,2088.6,11114.8,164.3,0.6048543689320388,39.379999999999995,88.6,0,1,63.5,False
Rice,30.3,76.4,334.6,90.0,6.18,67.4,26.8,45.2,8.3,4.3,39.7,6,85.9,2314.92,30114.000000000004,139.4,0.9232876712328768,38.8,515.4000000000001,1,1,71.0,True
Groundnut,24.2,56.6,56.0,52.1,6.41,79.3,26.5,27.1,5.0,10.2,60.8,7,49.6,1369.72,2917.6,132.9,1.4523809523809523,31.9,347.2,1,0,44.5,False
Groundnut,24.1,88.8,163.4,78.5,5.97,32.6,20.5,62.1,6.7,17.0,54.7,4,68.3,2140.08,12826.9,115.2,0.3899521531100479,36.38,273.2,1,1,78.0,True
Groundnut,23.7,95.0,74.9,74.1,5.98,66.4,8.9,47.9,5.2,6.5,53.7,2,78.2,2251.5,5550.09,123.20000000000002,1.1487889273356402,34.5,156.4,1,1,65.5,True
Groundnut,35.3,53.3,150.7,40.7,6.02,51.7,9.5,44.8,6.6,17.8,42.3,3,43.1,1881.4899999999998,6133.49,106.0,0.9349005424954793,44.19,129.3,1,1,54.50000000000001,True
Soybean,27.6,67.0,158.6,77.4,5.51,64.3,52.6,21.2,9.9,17.9,41.1,2,110.8,1849.2,12275.640000000001,138.1,0.8596256684491979,37.88,221.6,1,1,55.50000000000001,True
Maize,25.2,59.3,212.3,81.5,6.77,22.8,28.0,44.5,7.8,9.9,28.6,1,80.2,1494.36,17302.45,95.3,0.31020408163265306,33.11,80.2,1,1,61.5,True
Maize,26.2,70.7,134.0,67.2,6.32,10.0,39.1,24.0,9.2,15.4,17.0,3,77.5,1852.34,9004.800000000001,73.1,0.15600624024961,36.349999999999994,232.5,1,1,53.5,True
Maize,35.7,53.6,128.2,29.1,7.18,45.1,38.1,35.1,5.2,11.5,37.5,2,103.3,1913.5200000000002,3730.62,118.30000000000001,0.6078167115902965,43.36,206.6,1,1,57.49999999999999,True
Wheat,28.0,73.0,286.2,90.0,6.59,64.8,44.6,50.3,7.1,18.7,21.1,2,76.9,2044.0,25758.0,159.7,0.67570385818561,39.04,153.8,0,1,54.50000000000001,False
Groundnut,27.8,52.2,180.1,65.2,6.94,66.3,32.8,80.7,3.8,14.4,51.9,5,139.5,1451.16,11742.52,179.8,0.5790393013100437,35.900000000000006,697.5,1,1,57.99999999999999,True
Wheat,22.5,67.3,57.7,33.3,6.32,68.7,54.1,58.5,6.5,9.9,66.5,1,74.5,1514.25,1921.4099999999999,181.3,0.6047535211267606,31.21,74.5,0,0,45.5,True
Rice,30.1,53.2,262.1,79.8,7.44,44.2,39.1,21.9,6.0,16.8,34.2,4,103.8,1601.3200000000002,20915.58,105.20000000000002,0.7129032258064517,38.78,415.2,0,1,63.5,False
Soybean,25.0,45.2,156.5,52.8,6.64,72.8,30.9,49.3,7.1,7.6,19.9,3,59.7,1130.0,8263.199999999999,153.0,0.8965517241379312,31.04,179.10000000000002,0,1,62.0,False
Groundnut,21.8,87.1,135.8,62.3,5.64,37.8,40.5,51.6,4.7,19.1,45.1,7,136.5,1898.78,8460.34,129.9,0.40601503759398494,34.33,955.5,0,1,57.99999999999999,False
Tomato,22.3,63.4,243.9,86.2,6.61,51.4,47.9,5.0,5.7,12.2,39.6,5,91.8,1413.82,21024.18,104.3,0.9536178107606679,31.080000000000002,459.0,1,1,63.0,True
Groundnut,35.0,54.7,88.7,55.3,7.34,59.7,34.4,84.0,8.2,12.9,37.6,1,65.7,1914.5,4905.11,178.1,0.5,43.05,65.7,0,1,57.49999999999999,False
Wheat,27.4,62.9,185.6,62.9,7.11,47.9,32.9,52.6,4.9,13.0,28.8,1,97.9,1723.4599999999998,11674.24,133.4,0.553757225433526,36.29,97.9,0,1,57.99999999999999,False
Rice,28.8,76.7,85.6,40.2,6.48,45.9,36.7,69.2,8.7,15.4,46.7,5,109.4,2208.96,3441.12,151.8,0.42937324602432175,39.55,547.0,0,1,63.5,False
Groundnut,29.2,60.0,53.9,35.9,6.9,55.8,34.0,43.1,3.2,12.2,21.7,5,49.0,1752.0,1935.0099999999998,132.9,0.7144686299615878,37.64,245.0,1,0,42.0,False
Wheat,25.5,86.3,117.3,52.1,6.1,53.1,49.1,58.3,7.2,15.9,49.8,5,30.8,2200.65,6111.33,160.5,0.4898523985239852,37.309999999999995,154.0,1,1,59.5,True
Maize,27.2,65.9,60.6,31.8,7.47,49.8,24.4,60.1,9.5,6.6,43.8,1,103.5,1792.48,1927.0800000000002,134.29999999999998,0.5824561403508771,35.11,103.5,1,1,51.5,True
Maize,19.8,70.7,106.7,35.9,7.08,47.1,45.5,31.8,10.7,1.4,26.8,4,114.8,1399.8600000000001,3830.5299999999997,124.39999999999999,0.6015325670498085,27.150000000000002,459.2,0,0,43.0,True
Rice,24.3,53.2,284.3,84.6,6.16,53.3,22.1,30.9,5.4,10.5,52.1,5,93.6,1292.7600000000002,24051.78,106.30000000000001,0.9870370370370369,31.720000000000002,468.0,1,1,70.5,True
Rice,24.6,62.9,189.2,63.4,7.64,64.3,35.0,39.5,5.2,14.1,49.2,2,112.0,1547.3400000000001,11995.279999999999,138.8,0.8516556291390728,33.71,224.0,1,1,66.0,True
Cotton,25.7,34.3,165.1,48.7,6.11,78.9,47.5,61.3,7.7,10.2,10.6,3,102.8,881.5099999999999,8040.37,187.7,0.7185792349726776,31.169999999999998,308.4,1,0,45.5,False
Maize,28.8,37.2,239.8,83.6,6.1,74.1,21.8,41.6,7.6,14.6,40.5,5,89.8,1071.3600000000001,20047.28,137.5,1.1506211180124222,35.440000000000005,449.0,1,1,51.5,True
Cotton,35.4,71.3,165.5,64.2,7.55,65.5,32.7,66.9,6.4,17.5,38.1,6,124.3,2524.02,10625.1,165.10000000000002,0.651093439363817,46.03,745.8,1,1,64.0,True
Rice,28.4,88.9,90.5,40.6,6.3,66.4,45.2,41.0,9.8,4.0,48.9,3,42.8,2524.76,3674.3,152.60000000000002,0.7614678899082569,38.089999999999996,128.39999999999998,1,1,63.5,True
Tomato,32.8,79.3,34.6,39.8,6.2,90.9,33.7,48.7,7.5,19.8,40.9,4,83.6,2601.0399999999995,1377.08,173.3,1.0899280575539567,44.69,334.4,1,1,53.0,True
Rice,23.8,75.2,177.7,71.9,6.64,71.0,54.4,66.0,5.4,15.5,53.8,4,56.1,1789.7600000000002,12776.630000000001,191.4,0.5848434925864909,34.42,224.4,1,0,47.5,False
Wheat,21.7,54.6,239.6,90.0,5.48,37.8,25.7,46.5,7.0,10.6,23.1,3,61.7,1184.82,21564.0,110.0,0.5163934426229507,29.28,185.10000000000002,0,1,54.50000000000001,False
Maize,19.2,52.5,40.9,46.1,6.58,27.1,46.7,26.9,8.1,8.6,42.5,6,124.5,1008.0,1885.49,100.70000000000002,0.3632707774798928,26.169999999999998,747.0,0,0,43.5,True
Soybean,23.9,72.0,33.7,37.3,6.44,13.4,36.2,58.9,5.1,13.7,55.9,1,116.1,1720.8,1257.01,108.5,0.13943808532778357,33.839999999999996,116.1,1,1,60.0,True
Rice,25.8,72.9,223.1,78.4,5.7,21.8,27.4,64.4,8.1,17.3,46.8,2,110.9,1880.8200000000002,17491.04,113.60000000000001,0.23491379310344826,36.550000000000004,221.8,1,1,74.5,True
Maize,25.1,54.3,76.8,36.5,7.56,68.1,48.1,12.3,5.8,15.1,17.2,6,124.3,1362.93,2803.2,128.5,1.1091205211726383,33.550000000000004,745.8,0,0,43.5,True
Groundnut,20.6,43.5,93.6,57.8,5.5,71.0,49.2,50.3,4.2,17.9,28.3,6,104.1,896.1,5410.079999999999,170.5,0.7064676616915423,28.53,624.5999999999999,0,0,34.0,True
Wheat,25.9,76.5,45.4,28.4,5.41,47.5,45.3,60.3,9.8,12.6,51.4,7,61.3,1981.35,1289.36,153.1,0.4455909943714822,36.07,429.09999999999997,0,1,53.0,False
Maize,35.4,77.7,219.4,79.8,6.3,51.6,25.6,54.4,5.2,13.1,28.8,7,118.6,2750.58,17508.12,131.6,0.6370370370370371,45.79,830.1999999999999,1,1,74.5,True
Wheat,24.2,58.3,140.2,49.6,6.15,66.2,38.9,44.2,8.6,2.6,26.9,1,126.1,1410.86,6953.92,149.3,0.7871581450653984,30.55,126.1,0,1,56.49999999999999,False
Maize,19.5,68.9,141.5,40.4,7.46,64.0,23.8,41.4,7.0,13.8,28.9,1,76.0,1343.5500000000002,5716.599999999999,129.2,0.9667673716012084,29.150000000000002,76.0,0,1,51.5,False
Wheat,27.8,57.2,42.7,38.9,7.51,63.8,43.5,54.5,7.3,20.0,46.7,5,101.0,1590.16,1661.03,161.8,0.6444444444444444,37.52,505.0,1,0,42.5,False
Cotton,28.0,68.6,108.4,64.5,6.36,44.0,16.1,55.0,7.2,15.7,48.8,3,40.6,1920.7999999999997,6991.8,115.1,0.6102635228848822,38.0,121.80000000000001,0,1,69.5,False
Soybean,25.4,77.4,28.5,31.1,7.19,33.2,52.4,75.9,7.7,12.6,25.5,3,42.8,1965.96,886.35,161.5,0.25676720804331016,35.660000000000004,128.39999999999998,0,1,60.0,False
Soybean,27.9,68.4,85.1,45.8,5.92,88.6,23.0,52.5,5.6,21.5,41.5,1,100.4,1908.3600000000001,3897.5799999999995,164.1,1.1581699346405228,39.04,100.4,0,1,53.5,False
Maize,27.0,59.7,108.0,62.0,6.59,55.5,53.0,30.3,5.9,18.8,23.0,4,108.1,1611.9,6696.0,138.8,0.6583629893238434,36.73,432.4,0,1,54.0,False
Maize,22.9,91.8,209.4,90.0,7.47,33.4,12.0,40.3,7.7,2.3,61.2,1,76.6,2102.22,18846.0,85.69999999999999,0.626641651031895,32.54,76.6,0,1,64.5,False
Tomato,29.3,55.4,118.6,72.5,6.68,72.6,36.7,44.8,5.2,18.0,27.7,4,81.5,1623.22,8598.5,154.1,0.8799999999999999,38.440000000000005,326.0,1,1,53.0,True
Groundnut,27.6,70.5,129.6,51.6,5.84,52.5,50.9,59.4,7.8,9.2,40.9,3,139.4,1945.8000000000002,6687.36,162.8,0.4716981132075472,36.489999999999995,418.20000000000005,0,1,63.0,False
Tomato,28.3,84.3,74.4,36.7,7.09,39.4,39.8,27.0,6.9,8.0,37.0,6,96.2,2385.69,2730.4800000000005,106.19999999999999,0.5811209439528023,38.330000000000005,577.2,1,0,46.5,False
Rice,31.5,68.3,79.6,61.7,7.0,71.8,36.8,73.4,6.4,7.9,38.6,7,149.9,2151.45,4911.32,182.0,0.64568345323741,39.91,1049.3,1,1,54.0,True
Maize,35.7,77.9,350.0,90.0,5.09,60.8,24.3,57.5,6.3,7.5,50.0,3,82.1,2781.03,31500.0,142.6,0.7342995169082126,44.99,246.29999999999998,1,1,69.0,True
Wheat,31.6,46.6,64.1,36.5,6.69,32.2,41.3,16.6,3.7,11.3,19.3,6,171.6,1472.5600000000002,2339.6499999999996,90.1,0.5466893039049237,38.52,1029.6,0,1,54.50000000000001,False
Soybean,25.1,69.4,40.5,43.6,8.0,23.1,52.6,56.4,4.5,14.3,42.9,2,106.2,1741.9400000000003,1765.8,132.1,0.21000000000000002,34.9,212.4,1,1,60.0,True
Tomato,36.5,53.6,229.3,88.9,7.29,26.6,25.1,37.3,4.9,7.0,37.2,1,77.6,1956.4,20384.770000000004,89.0,0.41955835962145116,43.26,77.6,1,1,73.5,True
Cotton,25.9,75.0,107.4,62.9,5.57,74.9,51.4,34.4,5.3,14.6,37.9,7,156.4,1942.5,6755.46,160.70000000000002,0.8629032258064517,36.32,1094.8,1,1,54.50000000000001,True
Wheat,22.6,62.8,249.5,90.0,6.43,58.3,31.7,62.2,6.5,11.0,21.9,5,111.6,1419.28,22455.0,152.2,0.6143308746048471,31.080000000000002,558.0,1,1,54.0,True
Cotton,32.9,59.4,51.0,56.4,6.3,40.7,41.6,48.0,6.1,18.0,43.2,1,112.2,1954.2599999999998,2876.4,130.3,0.44922737306843274,42.44,112.2,1,0,49.5,False
Rice,23.7,92.2,211.8,90.0,6.05,97.1,39.8,23.9,5.1,14.5,37.8,5,113.9,2185.14,19062.0,160.79999999999998,1.5007727975270482,35.82,569.5,1,1,77.0,True
Maize,23.4,62.3,127.1,52.4,7.58,67.7,34.3,63.8,7.2,13.6,40.1,5,96.9,1457.82,6660.04,165.8,0.6831483350151363,32.35,484.5,1,1,55.00000000000001,True
Rice,29.4,74.2,104.4,34.3,6.4,74.1,80.0,48.8,8.6,12.3,42.2,4,94.7,2181.48,3580.92,202.89999999999998,0.5708782742681047,39.28,378.8,1,1,54.50000000000001,True
Cotton,31.5,51.9,82.2,34.3,5.99,67.0,50.5,45.5,7.3,10.7,26.7,1,24.7,1634.85,2819.46,163.0,0.6907216494845361,38.83,24.7,0,0,43.5,True
Maize,26.5,63.6,210.8,79.0,6.37,54.3,43.6,28.7,8.4,16.2,42.1,1,137.4,1685.4,16653.2,126.60000000000001,0.7407912687585266,36.1,137.4,1,1,69.5,True
Groundnut,31.7,95.0,104.6,57.4,6.25,55.5,31.7,54.2,10.1,11.3,68.6,7,143.2,3011.5,6004.04,141.4,0.6386651323360184,43.46,1002.3999999999999,0,1,68.5,False
Wheat,34.8,51.3,183.9,69.7,6.14,55.8,19.3,51.8,5.9,10.4,36.6,3,121.1,1785.2399999999998,12817.830000000002,126.89999999999999,0.7739251040221914,42.01,363.29999999999995,0,0,49.5,True
Rice,27.5,61.0,79.5,45.0,6.98,55.2,37.0,67.8,6.3,18.7,44.2,4,146.3,1677.5,3577.5,160.0,0.5217391304347826,37.34,585.2,1,0,46.5,False
Soybean,26.2,60.8,199.7,90.0,5.96,31.2,25.7,34.3,5.2,9.1,41.8,2,85.5,1592.9599999999998,17973.0,91.19999999999999,0.5114754098360655,34.1,171.0,1,1,63.5,True
Cotton,31.2,57.6,145.9,54.4,5.6,57.3,7.7,34.6,7.2,13.6,44.1,3,77.0,1797.12,7936.96,99.6,1.323325635103926,39.68,231.0,1,1,64.5,True
Groundnut,32.1,82.4,94.7,58.5,6.78,69.6,34.6,52.4,7.3,12.6,52.9,1,105.6,2645.0400000000004,5539.95,156.6,0.7909090909090909,42.86000000000001,105.6,1,1,52.5,True
Tomato,33.5,44.3,34.9,33.6,6.49,67.1,49.1,42.8,8.3,9.2,32.7,4,143.3,1484.05,1172.64,159.0,0.7222820236813777,39.769999999999996,573.2,0,1,51.0,False
Maize,29.1,59.4,102.2,35.9,6.35,38.2,30.6,60.8,5.3,12.6,26.5,3,105.3,1728.54,3668.98,129.60000000000002,0.4134199134199134,37.56,315.9,0,1,55.50000000000001,False
Rice,22.8,62.0,92.6,56.1,6.16,51.2,39.3,43.2,8.2,15.5,36.5,2,120.0,1413.6000000000001,5194.86,133.7,0.6131736526946108,32.1,240.0,1,1,55.50000000000001,True
Maize,27.4,66.9,185.2,51.8,6.1,53.1,50.7,59.5,6.6,11.4,70.0,7,20.0,1833.0600000000002,9593.359999999999,163.3,0.47751798561151076,36.37,140.0,1,1,63.5,True
Cotton,19.7,68.2,144.9,65.3,6.32,38.4,43.4,45.5,7.7,5.2,36.3,2,105.2,1343.54,9461.97,127.3,0.42714126807563957,27.56,210.4,1,1,55.00000000000001,True
Groundnut,33.6,76.1,165.6,63.5,6.42,65.0,32.6,47.5,7.0,25.0,39.5,5,73.2,2556.96,10515.6,145.1,0.8014796547472257,46.21,366.0,1,1,66.5,True
Groundnut,29.7,74.5,65.6,54.8,7.27,47.1,56.3,25.0,7.9,15.1,43.2,1,98.9,2212.65,3594.8799999999997,128.4,0.5722964763061968,40.17,98.9,0,0,43.5,True
Rice,30.2,54.8,102.9,42.3,6.31,41.0,22.9,35.1,7.3,14.2,34.5,1,58.3,1654.9599999999998,4352.67,99.0,0.6949152542372882,38.519999999999996,58.3,1,1,55.00000000000001,True
Tomato,23.1,52.4,55.5,50.1,6.08,49.9,30.4,41.0,8.7,15.3,24.4,1,119.5,1210.44,2780.55,121.3,0.6892265193370165,31.400000000000002,119.5,0,0,41.5,True
Soybean,24.4,60.4,46.1,15.0,6.35,56.1,38.3,35.9,9.8,7.8,48.3,4,86.6,1473.76,691.5,130.3,0.7460106382978725,31.999999999999996,346.4,0,0,44.5,True
Wheat,28.3,69.8,221.3,87.3,6.0,42.0,56.6,11.2,7.2,13.9,54.2,3,70.0,1975.34,19319.49,109.8,0.6104651162790697,38.06,210.0,1,1,71.0,True
Tomato,27.3,48.0,282.5,90.0,6.02,67.6,30.4,85.0,5.9,7.6,32.6,2,50.7,1310.4,25425.0,183.0,0.5807560137457044,33.620000000000005,101.4,1,1,68.5,True
Maize,34.8,65.7,128.7,49.6,6.38,52.8,20.9,32.6,9.7,12.8,45.5,5,97.4,2286.36,6383.5199999999995,106.29999999999998,0.9688073394495412,43.93,487.0,1,1,63.0,True
Wheat,30.4,68.5,171.7,72.9,5.99,60.3,58.5,11.4,6.4,6.6,49.8,3,153.4,2082.4,12516.93,130.2,0.85049365303244,38.57,460.20000000000005,0,1,61.5,False
Rice,23.7,55.7,27.1,37.6,5.39,27.5,13.0,74.1,4.3,10.3,41.3,3,86.3,1320.09,1018.96,114.6,0.31214528944381387,31.33,258.9,0,0,40.5,True
Groundnut,19.3,84.5,189.8,80.7,6.67,68.4,26.0,36.6,7.0,11.5,45.0,1,97.6,1630.8500000000001,15316.86,131.0,1.0754716981132075,30.05,97.6,0,1,65.5,False
Rice,20.5,58.2,182.7,61.6,6.29,43.7,44.5,35.7,8.5,8.2,56.8,3,79.3,1193.1000000000001,11254.32,123.9,0.5381773399014779,27.96,237.89999999999998,1,1,81.0,True
Rice,30.3,68.2,279.8,90.0,6.18,71.3,25.6,66.0,6.8,6.1,46.3,4,110.2,2066.46,25182.0,162.9,0.7699784017278618,38.34,440.8,1,1,73.0,True
Wheat,22.6,73.6,96.0,55.2,7.17,51.0,21.7,22.0,4.5,18.9,33.7,5,72.8,1663.36,5299.200000000001,94.7,1.1409395973154361,33.74,364.0,1,1,59.5,True
Wheat,27.9,75.6,48.0,19.8,6.73,20.3,30.3,38.9,7.8,16.6,51.5,5,96.2,2109.24,950.4000000000001,89.5,0.28917378917378916,38.78,481.0,0,1,63.0,False
Cotton,23.3,63.7,350.0,90.0,6.39,33.8,37.5,70.7,6.6,13.7,57.6,1,68.1,1484.21,31500.0,142.0,0.3095238095238095,32.410000000000004,68.1,1,1,64.0,True
Rice,24.1,57.0,43.1,17.4,7.66,53.1,45.8,49.8,8.9,18.3,14.8,4,66.7,1373.7,749.9399999999999,148.7,0.5496894409937889,33.46,266.8,0,0,32.5,True
Soybean,22.8,75.5,107.0,60.4,5.94,62.6,10.4,40.4,7.1,13.3,24.3,7,137.8,1721.4,6462.8,113.4,1.2084942084942085,33.010000000000005,964.6000000000001,0,1,60.5,False
Groundnut,25.5,62.6,283.2,90.0,6.72,10.0,47.1,72.9,6.1,22.2,22.1,5,151.4,1596.3,25488.0,130.0,0.08264462809917356,36.199999999999996,757.0,1,1,54.50000000000001,True
Tomato,31.2,76.5,53.0,32.0,6.32,81.4,15.7,21.0,7.9,16.2,50.6,2,78.3,2386.7999999999997,1696.0,118.10000000000001,2.159151193633952,42.09,156.6,1,0,47.0,False
Wheat,36.4,66.4,337.6,90.0,6.3,66.5,31.9,30.8,7.4,14.7,29.1,2,83.3,2416.96,30384.000000000004,129.20000000000002,1.0439560439560438,45.98,166.6,0,1,67.5,False
Cotton,19.9,91.2,156.8,72.4,5.42,48.9,27.1,17.1,5.8,10.3,35.5,3,32.1,1814.8799999999999,11352.320000000002,93.1,1.081858407079646,31.08,96.30000000000001,1,1,63.0,True
Groundnut,30.7,79.7,140.3,79.1,5.61,33.5,40.1,38.4,5.7,14.4,50.2,4,63.6,2446.79,11097.73,112.0,0.42138364779874216,41.550000000000004,254.4,1,1,81.5,True
Wheat,29.5,71.5,350.0,90.0,7.07,33.1,25.0,17.5,8.6,12.2,32.5,2,43.2,2109.25,31500.0,75.6,0.7609195402298851,39.089999999999996,86.4,1,1,72.5,True
Cotton,22.8,75.9,119.0,57.7,6.51,71.6,21.3,29.7,7.4,16.0,32.0,5,112.3,1730.5200000000002,6866.3,122.6,1.376923076923077,33.59,561.5,0,1,50.5,False
Wheat,25.5,93.2,202.3,90.0,5.86,94.1,46.4,100.0,4.1,10.8,27.8,7,144.6,2376.6,18207.0,240.5,0.6383989145183174,36.980000000000004,1012.1999999999999,1,1,57.99999999999999,True
Tomato,17.0,40.7,149.7,57.8,7.27,37.0,34.7,56.8,7.5,7.3,25.5,6,103.1,691.9000000000001,8652.659999999998,128.5,0.4,22.53,618.5999999999999,1,1,63.5,True
Tomato,34.9,65.2,85.2,49.7,6.91,68.2,39.1,31.0,9.1,9.6,39.1,6,88.6,2275.48,4234.4400000000005,138.3,0.959212376933896,43.34,531.5999999999999,1,1,51.5,True
Groundnut,31.8,47.7,237.7,90.0,6.53,42.8,61.9,66.1,6.9,6.0,14.5,4,143.4,1516.8600000000001,21393.0,170.79999999999998,0.3317829457364341,37.77,573.6,0,1,54.0,False
Cotton,24.7,39.9,230.6,67.8,7.05,78.9,29.0,63.7,4.5,12.9,0.0,4,54.4,985.53,15634.679999999998,171.60000000000002,0.8420490928495198,31.269999999999996,217.6,0,0,47.0,True
Wheat,21.6,58.8,220.5,90.0,5.83,64.5,27.0,35.8,6.0,11.8,31.6,6,86.9,1270.08,19845.0,127.3,1.010971786833856,29.84,521.4000000000001,1,1,62.0,True
Maize,26.6,62.4,145.3,87.5,6.49,72.1,44.0,52.8,4.6,2.5,60.6,4,97.7,1659.8400000000001,12713.750000000002,168.89999999999998,0.7372188139059305,33.34,390.8,1,1,67.0,True
Cotton,26.2,58.5,98.9,52.4,6.18,68.3,50.6,35.1,4.9,14.8,49.1,5,81.7,1532.7,5182.360000000001,154.0,0.7877739331026528,35.01,408.5,1,0,49.0,False
Rice,27.4,85.6,79.9,40.6,5.54,65.1,12.9,70.3,6.4,5.8,36.1,3,80.4,2345.4399999999996,3243.9400000000005,148.3,0.7731591448931115,37.11999999999999,241.20000000000002,1,0,48.0,False
Groundnut,26.3,61.6,350.0,90.0,6.45,48.5,17.8,26.5,4.3,9.0,34.7,7,39.7,1620.0800000000002,31500.0,92.8,1.0706401766004416,34.26,277.90000000000003,1,1,66.5,True
Soybean,22.0,60.9,141.2,64.4,6.69,37.7,35.7,34.8,8.4,8.2,32.9,3,102.8,1339.8,9093.28,108.2,0.5272727272727273,29.73,308.4,0,0,50.0,True
Soybean,25.1,89.7,60.9,51.2,6.3,60.6,14.2,46.5,7.0,12.8,43.4,3,41.3,2251.4700000000003,3118.08,121.3,0.9821717990275527,36.63,123.89999999999999,1,1,60.5,True
Wheat,28.0,68.2,70.6,50.1,7.44,53.8,45.3,60.2,6.0,12.0,38.5,2,91.4,1909.6000000000001,3537.06,159.3,0.5051643192488262,37.22,182.8,0,0,47.5,True
Tomato,28.1,86.9,289.1,90.0,7.34,49.3,60.9,56.2,3.1,6.1,36.0,1,90.9,2441.8900000000003,26019.000000000004,166.39999999999998,0.4174428450465707,38.010000000000005,90.9,0,1,71.5,False
Wheat,28.5,75.2,111.6,69.8,6.68,49.3,34.2,66.8,9.4,12.4,44.5,4,77.9,2143.2000000000003,7789.679999999999,150.3,0.4833333333333333,38.5,311.6,1,1,69.5,True
Cotton,21.3,60.4,306.3,80.3,6.89,91.0,52.7,63.4,4.1,10.7,31.8,6,82.5,1286.52,24595.89,207.1,0.7771135781383434,29.48,495.0,1,1,56.49999999999999,True
Cotton,34.9,48.9,93.8,46.1,6.02,65.6,45.8,50.3,8.1,14.0,32.7,1,103.7,1706.61,4324.18,161.7,0.6755921730175077,42.589999999999996,103.7,0,1,55.00000000000001,False
Maize,17.4,65.5,143.1,56.3,6.42,76.1,20.0,39.6,5.0,13.9,46.3,6,148.2,1139.6999999999998,8056.529999999999,135.7,1.2557755775577557,26.73,889.1999999999999,1,1,68.5,True
Cotton,26.4,77.2,92.7,46.2,5.61,63.8,31.0,66.6,7.6,14.9,67.4,6,95.1,2038.08,4282.740000000001,161.39999999999998,0.6470588235294118,37.099999999999994,570.5999999999999,1,1,58.5,True
Groundnut,22.6,70.5,113.9,49.7,6.43,51.4,59.4,10.9,5.4,15.4,50.3,6,96.9,1593.3000000000002,5660.830000000001,121.7,0.7208976157082749,32.730000000000004,581.4000000000001,1,0,42.0,False
Wheat,27.7,44.2,210.6,64.2,6.09,73.3,44.0,77.9,6.4,12.6,33.1,4,71.6,1224.3400000000001,13520.52,195.2,0.5964198535394629,34.64,286.4,1,1,56.49999999999999,True
Cotton,33.8,57.0,71.4,42.0,6.44,74.9,51.0,78.7,6.8,7.7,39.9,3,54.5,1926.6,2998.8,204.60000000000002,0.5730680948737568,41.04,163.5,0,0,47.0,True
Tomato,25.3,48.0,121.4,71.0,6.14,34.9,39.5,27.7,6.5,10.4,30.8,7,138.5,1214.4,8619.4,102.10000000000001,0.5117302052785924,32.18,969.5,0,1,50.5,False
Tomato,32.2,63.7,90.1,44.2,7.7,86.2,78.8,25.3,9.9,11.3,29.5,4,127.4,2051.1400000000003,3982.42,190.3,0.8201712654614653,40.83,509.6,0,1,53.5,False
Tomato,24.9,61.0,143.4,63.1,6.42,38.0,22.0,89.3,6.0,13.2,52.0,3,45.0,1518.8999999999999,9048.54,149.3,0.3383793410507569,33.64,135.0,0,1,71.5,False
Groundnut,31.2,73.3,94.2,43.4,5.96,21.2,9.3,31.3,8.7,6.0,52.5,1,96.2,2286.96,4088.28,61.8,0.5096153846153846,39.730000000000004,96.2,1,1,54.0,True
Maize,31.9,62.6,117.1,73.3,6.11,62.6,21.7,67.1,5.5,13.4,23.0,7,105.3,1996.94,8583.429999999998,151.39999999999998,0.6971046770601337,40.839999999999996,737.1,1,1,54.50000000000001,True
Wheat,31.6,64.3,108.4,30.0,6.39,55.2,33.4,24.0,7.3,7.5,38.3,2,62.6,2031.88,3252.0,112.6,0.9452054794520549,39.53,125.2,0,1,59.0,False
Maize,15.0,80.4,62.7,72.2,5.0,39.0,26.0,34.5,7.1,11.5,43.1,3,149.7,1206.0,4526.9400000000005,99.5,0.6341463414634146,25.34,449.09999999999997,0,1,56.00000000000001,False
Groundnut,27.4,56.7,217.4,83.1,6.91,60.7,11.4,31.7,6.1,13.3,49.5,3,107.6,1553.58,18065.94,103.80000000000001,1.3764172335600908,35.730000000000004,322.79999999999995,1,1,72.5,True
Maize,26.3,73.5,292.1,88.9,6.63,51.1,33.5,38.1,10.3,6.2,44.8,4,97.0,1933.05,25967.690000000002,122.69999999999999,0.7038567493112948,34.89,388.0,1,1,69.5,True
Cotton,22.7,66.8,73.2,49.6,6.17,28.5,43.9,63.3,8.3,6.4,47.9,3,131.8,1516.36,3630.7200000000003,135.7,0.2634011090573013,30.66,395.40000000000003,0,1,58.5,False
Cotton,30.3,72.3,109.7,75.5,7.53,66.2,15.5,40.2,5.7,12.5,54.2,3,147.6,2190.69,8282.35,121.9,1.1675485008818343,40.03,442.79999999999995,1,1,71.0,True
Cotton,17.8,57.9,269.7,77.5,7.11,52.1,30.2,29.6,7.3,8.3,47.4,3,126.9,1030.6200000000001,20901.75,111.9,0.8569078947368421,25.25,380.70000000000005,1,1,73.5,True
Tomato,34.1,66.6,152.4,61.0,6.71,53.1,9.1,68.9,8.1,14.2,61.1,1,122.5,2271.06,9296.4,131.10000000000002,0.6721518987341772,43.599999999999994,122.5,0,1,68.0,False
Rice,33.7,81.0,66.8,42.3,5.86,38.1,31.0,16.2,9.5,8.8,43.2,6,70.5,2729.7000000000003,2825.64,85.3,0.7904564315352697,43.56,423.0,0,1,50.5,False
Maize,19.2,72.8,327.0,90.0,6.07,37.4,24.8,45.3,7.0,16.9,40.2,4,134.1,1397.76,29430.0,107.5,0.5260196905766527,29.859999999999996,536.4,1,1,74.5,True
Cotton,22.3,92.4,45.1,31.6,5.0,59.5,37.5,62.7,7.4,21.1,51.8,6,76.0,2060.52,1425.16,159.7,0.5879446640316205,35.76,456.0,1,0,49.5,False
Groundnut,31.6,65.6,177.8,90.0,6.63,50.3,19.3,36.0,5.9,25.3,34.7,3,140.0,2072.96,16002.000000000002,105.6,0.8934280639431617,43.220000000000006,420.0,0,1,67.0,False
Soybean,19.5,41.7,132.3,41.5,7.78,52.5,52.8,50.4,8.1,14.3,16.1,3,133.2,813.1500000000001,5490.450000000001,155.7,0.5038387715930903,26.53,399.59999999999997,1,1,51.5,True
Rice,23.3,72.8,94.2,52.2,5.92,20.7,19.0,60.1,5.9,17.7,40.7,7,74.7,1696.24,4917.240000000001,99.80000000000001,0.25842696629213485,34.12,522.9,0,1,52.5,False
Tomato,35.8,71.5,82.2,29.3,6.76,52.4,19.6,47.5,3.8,9.9,41.0,2,51.6,2559.7,2408.46,119.5,0.7694566813509546,44.92999999999999,103.2,1,0,48.0,False
Groundnut,30.5,92.0,116.2,66.6,7.16,23.4,32.5,42.4,7.0,8.0,38.3,7,27.5,2806.0,7738.919999999999,98.3,0.30830039525691694,41.300000000000004,192.5,0,1,60.0,False
Tomato,29.5,76.6,143.4,67.5,5.55,38.1,21.9,51.5,7.2,21.1,46.9,2,89.0,2259.7,9679.5,111.5,0.5120967741935484,41.379999999999995,178.0,1,1,72.0,True
Cotton,24.0,69.7,75.2,53.0,7.41,43.1,49.6,16.6,5.2,6.9,36.8,3,115.2,1672.8000000000002,3985.6000000000004,109.30000000000001,0.6413690476190476,32.35,345.6,1,0,40.0,False
Rice,32.5,61.9,71.8,52.4,6.12,111.4,43.0,56.1,3.2,14.4,36.2,1,21.9,2011.75,3762.3199999999997,210.5,1.112887112887113,41.57,21.9,0,1,51.5,False
Wheat,22.9,93.2,71.2,68.1,7.1,17.7,41.8,25.8,4.9,12.9,57.0,3,91.6,2134.2799999999997,4848.719999999999,85.3,0.25801749271137026,34.8,274.79999999999995,0,1,59.5,False
Groundnut,32.2,75.9,328.7,90.0,5.61,33.7,7.3,35.1,6.9,11.5,37.9,4,90.0,2443.9800000000005,29583.0,76.1,0.7764976958525347,42.09,360.0,1,1,73.0,True
Soybean,27.8,68.9,43.8,27.7,6.27,82.8,32.3,35.9,8.9,10.0,59.9,2,111.2,1915.4200000000003,1213.26,151.0,1.1965317919075147,36.69,222.4,1,1,55.50000000000001,True
Cotton,26.2,55.6,178.3,69.9,7.1,52.7,45.0,40.3,9.5,13.2,41.2,5,81.9,1456.72,12463.170000000002,138.0,0.6106604866743917,34.4,409.5,0,1,66.0,False
Rice,22.9,64.8,94.0,54.2,5.92,63.8,13.3,60.1,7.9,8.4,35.5,4,111.4,1483.9199999999998,5094.8,137.2,0.85752688172043,31.06,445.6,0,0,46.0,True
Wheat,32.7,61.8,95.0,63.6,5.84,26.9,35.0,57.0,5.5,6.9,44.3,4,74.9,2020.8600000000001,6042.0,118.9,0.289247311827957,40.260000000000005,299.6,0,1,54.0,False
Maize,27.8,52.1,134.2,62.4,6.52,59.8,44.0,65.8,8.0,16.3,32.3,4,77.1,1448.38,8374.08,169.6,0.5397111913357401,36.269999999999996,308.4,0,1,51.0,False
Cotton,27.7,71.3,103.7,65.4,6.1,37.0,37.1,64.2,7.0,8.7,36.7,2,85.2,1975.0099999999998,6781.9800000000005,138.3,0.36168132942326486,36.57,170.4,1,1,54.0,True
Groundnut,36.6,53.6,135.3,47.3,5.84,50.7,46.4,24.6,9.1,12.7,33.7,4,115.1,1961.7600000000002,6399.6900000000005,121.69999999999999,0.7041666666666667,44.5,460.4,0,1,56.49999999999999,False
Rice,27.3,54.7,208.4,82.2,6.38,50.3,64.8,61.8,5.0,16.1,41.4,3,156.0,1493.3100000000002,17130.48,176.89999999999998,0.3942006269592476,35.99,468.0,0,1,65.0,False
Tomato,25.9,82.5,239.7,90.0,5.59,45.2,20.1,52.3,6.4,11.0,53.4,2,70.9,2136.75,21573.0,117.60000000000001,0.6158038147138964,36.35,141.8,1,1,75.0,True
Tomato,33.6,54.4,179.0,68.3,5.76,65.7,44.7,31.8,5.6,16.3,39.9,6,54.6,1827.84,12225.699999999999,142.20000000000002,0.847741935483871,42.3,327.6,1,1,53.0,True
Tomato,29.3,38.8,232.6,60.4,6.31,36.6,23.5,48.6,9.9,3.2,35.5,2,70.5,1136.84,14049.039999999999,108.7,0.5006839945280438,33.82,141.0,0,1,58.5,False
Tomato,32.9,68.0,212.2,86.3,6.36,61.5,29.3,51.2,4.3,15.5,31.6,1,55.0,2237.2,18312.859999999997,142.0,0.754601226993865,42.8,55.0,1,1,68.5,True
Maize,29.6,86.4,31.4,36.3,6.7,40.1,41.8,59.2,6.4,6.5,49.5,7,101.7,2557.4400000000005,1139.82,141.10000000000002,0.3931372549019608,39.54,711.9,0,1,54.0,False
Rice,17.5,68.4,117.4,44.1,6.32,32.6,50.1,27.5,4.4,21.4,36.4,5,63.7,1197.0,5177.34,110.2,0.4147582697201018,28.619999999999997,318.5,1,0,47.0,False
Tomato,24.4,95.0,61.1,40.5,6.91,57.0,46.8,33.5,4.8,5.6,61.2,6,142.8,2318.0,2474.55,137.3,0.7011070110701108,35.019999999999996,856.8000000000001,0,1,56.49999999999999,False
Wheat,24.4,62.1,110.3,57.2,5.73,47.9,47.4,67.7,7.0,11.8,34.4,7,111.3,1515.24,6309.16,163.0,0.4125753660637382,32.97,779.1,1,1,55.50000000000001,True
Cotton,28.6,78.9,45.9,29.9,6.78,45.9,55.7,10.5,8.9,16.0,51.5,6,99.5,2256.5400000000004,1372.4099999999999,112.1,0.6830357142857142,39.690000000000005,597.0,0,0,50.0,True
Groundnut,25.4,95.0,219.4,83.4,6.76,70.2,26.3,19.5,7.8,6.2,45.5,2,90.0,2413.0,18297.960000000003,116.0,1.5000000000000002,36.14,180.0,1,1,80.0,True
Groundnut,20.4,63.3,123.8,46.8,6.25,23.9,45.1,69.7,5.1,17.4,38.5,5,106.1,1291.32,5793.839999999999,138.7,0.20639032815198616,30.209999999999997,530.5,1,1,52.5,True
Tomato,36.2,74.7,40.7,49.0,6.5,45.9,39.7,37.9,5.4,11.0,44.1,7,88.5,2704.1400000000003,1994.3000000000002,123.5,0.583969465648855,45.870000000000005,619.5,1,1,55.00000000000001,True
Wheat,18.5,84.1,77.0,63.3,7.79,74.3,18.8,35.1,7.1,18.0,46.5,6,133.7,1555.85,4874.099999999999,128.2,1.3533697632058286,30.51,802.1999999999999,0,1,61.0,False
Maize,20.8,92.5,51.0,64.8,5.33,37.5,43.9,37.7,8.8,1.0,56.5,6,91.4,1924.0,3304.7999999999997,119.10000000000001,0.4539951573849879,30.25,548.4000000000001,0,1,54.50000000000001,False
Rice,29.9,94.0,204.8,84.4,6.3,47.9,9.6,54.8,7.9,18.5,51.9,4,107.4,2810.6,17285.120000000003,112.3,0.7324159021406729,43.0,429.6,1,1,73.0,True
Groundnut,25.6,68.4,79.6,53.7,6.38,63.1,22.0,24.9,7.3,12.6,46.6,6,125.1,1751.0400000000002,4274.5199999999995,110.0,1.3173277661795408,34.96000000000001,750.5999999999999,1,0,45.0,False
Maize,28.4,94.1,142.4,72.9,6.57,39.8,24.5,27.7,7.0,8.7,58.2,2,132.6,2672.4399999999996,10380.960000000001,92.0,0.7481203007518796,39.550000000000004,265.2,1,1,72.0,True
Soybean,32.5,72.2,86.3,37.4,6.63,14.4,47.1,12.0,7.6,8.9,54.2,2,103.5,2346.5,3227.62,73.5,0.23960066555740434,41.5,207.0,0,1,59.5,False
Groundnut,28.8,67.8,129.1,61.3,7.39,24.8,39.2,40.2,6.3,15.6,34.7,6,124.1,1952.6399999999999,7913.829999999999,104.2,0.30845771144278605,38.699999999999996,744.5999999999999,1,1,52.0,True
Tomato,23.3,49.4,102.7,43.3,6.48,23.7,53.5,48.5,8.5,22.3,28.1,1,99.3,1151.02,4446.91,125.7,0.23009708737864076,32.7,99.3,1,0,46.5,False
Soybean,30.2,85.3,94.4,55.9,7.1,62.6,26.0,56.6,8.4,7.9,45.7,1,66.2,2576.06,5276.96,145.2,0.7488038277511962,40.309999999999995,66.2,1,1,58.5,True
Maize,15.0,94.0,151.5,81.0,6.55,69.8,26.3,67.6,6.9,9.9,26.0,4,97.5,1410.0,12271.5,163.7,0.7355110642781876,26.38,390.0,1,1,63.5,True
Tomato,33.8,71.8,52.7,23.0,5.36,79.0,39.5,81.2,8.9,11.9,27.8,1,144.9,2426.8399999999997,1212.1000000000001,199.7,0.6491372226787181,43.36,144.9,0,1,54.0,False
Rice,34.0,69.2,48.6,44.7,5.84,39.4,41.9,52.0,5.8,13.0,45.2,4,74.3,2352.8,2172.42,133.3,0.41517386722866173,43.52,297.2,1,0,40.5,False
Tomato,21.2,78.4,268.7,90.0,5.59,46.9,50.3,62.8,7.4,1.0,57.2,5,33.1,1662.0800000000002,24183.0,160.0,0.4110429447852761,29.24,165.5,1,1,70.0,True
Cotton,22.0,47.8,202.8,62.3,7.14,30.5,12.1,18.5,3.0,13.1,38.5,2,74.9,1051.6,12634.44,61.1,0.9651898734177214,29.400000000000002,149.8,1,1,54.50000000000001,True
Rice,21.0,51.9,157.3,66.1,6.87,39.8,61.0,46.0,6.0,8.5,34.9,1,65.6,1089.8999999999999,10397.53,146.8,0.36851851851851847,27.889999999999997,65.6,1,1,61.0,True
Maize,37.0,95.0,64.0,40.8,6.62,97.7,39.0,58.0,8.6,15.5,46.2,1,88.0,3515.0,2611.2,194.7,0.9969387755102042,49.6,88.0,0,1,66.0,False
Soybean,24.8,55.5,137.0,75.1,6.02,57.8,37.9,24.3,8.9,13.2,36.0,7,109.8,1376.4,10288.699999999999,119.99999999999999,0.9145569620253163,32.99,768.6,1,1,60.0,True
Wheat,21.4,74.2,147.0,65.4,6.43,60.1,35.7,47.0,8.8,2.7,25.0,3,77.1,1587.8799999999999,9613.800000000001,142.8,0.7180406212664278,29.36,231.29999999999998,1,0,47.5,False
Rice,15.0,65.1,140.0,71.3,5.66,64.1,41.6,28.5,8.3,18.6,53.4,6,78.5,976.4999999999999,9982.0,134.2,0.9015471167369902,25.229999999999997,471.0,0,1,69.5,False
Rice,21.5,64.7,195.3,90.0,6.22,89.8,14.5,16.7,6.9,17.2,32.2,6,32.4,1391.05,17577.0,121.0,2.7888198757763973,31.41,194.39999999999998,1,1,54.0,True
Maize,25.5,86.6,90.2,43.0,7.06,59.1,11.7,28.3,7.1,15.3,47.7,4,150.0,2208.2999999999997,3878.6,99.1,1.4414634146341463,37.22,600.0,1,1,59.0,True
Cotton,31.9,71.2,136.9,55.1,6.74,58.9,22.7,27.6,7.3,13.9,35.1,1,47.6,2271.28,7543.1900000000005,109.19999999999999,1.1481481481481481,41.8,47.6,1,1,65.0,True
Tomato,31.1,36.9,123.1,42.1,5.88,47.0,46.0,68.9,6.2,3.3,34.1,7,146.6,1147.59,5182.51,161.9,0.4055220017256255,35.449999999999996,1026.2,1,1,61.5,True
Wheat,20.1,63.7,70.3,57.6,7.28,49.8,41.1,44.8,9.3,14.4,48.5,2,124.8,1280.3700000000001,4049.2799999999997,135.7,0.5730724971231299,29.35,249.6,0,1,54.0,False
Rice,28.3,62.3,90.0,38.3,6.43,65.4,44.7,41.6,6.1,7.4,47.4,3,104.8,1763.09,3446.9999999999995,151.70000000000002,0.7491408934707904,36.01,314.4,1,1,50.5,True
Rice,28.0,62.4,157.3,63.1,6.27,29.0,48.6,45.6,6.3,16.5,38.8,1,104.9,1747.2,9925.630000000001,123.19999999999999,0.30462184873949577,37.54,104.9,0,1,64.0,False
Maize,26.5,62.8,145.7,61.7,5.71,30.8,33.1,44.9,4.1,18.8,24.9,7,101.2,1664.1999999999998,8989.69,108.80000000000001,0.389873417721519,36.54,708.4,1,1,56.00000000000001,True
Soybean,19.1,39.1,183.7,83.0,5.82,65.6,21.6,33.8,6.1,20.7,32.5,3,75.6,746.8100000000001,15247.099999999999,120.99999999999999,1.1631205673758864,27.150000000000002,226.79999999999998,0,1,52.5,False
Maize,27.3,54.9,71.3,81.8,6.35,76.2,41.6,37.9,6.7,11.8,31.5,4,95.3,1498.77,5832.339999999999,155.70000000000002,0.9465838509316771,35.15,381.2,1,1,55.00000000000001,True
Tomato,18.2,70.5,56.5,40.0,7.4,41.8,43.2,62.5,5.3,20.3,24.8,7,121.9,1283.1,2260.0,147.5,0.39175257731958757,29.310000000000002,853.3000000000001,1,0,49.0,False
Rice,34.5,64.1,138.4,85.8,6.14,47.4,37.1,55.6,7.1,9.6,44.9,2,109.3,2211.45,11874.72,140.1,0.5058697972251868,42.83,218.6,1,1,69.5,True
Rice,26.6,70.5,133.4,68.9,7.16,52.1,61.1,46.1,5.1,11.2,54.6,3,92.3,1875.3000000000002,9191.260000000002,159.3,0.48151571164510165,35.89,276.9,1,1,68.0,True
Rice,29.3,84.8,198.5,85.6,7.05,54.3,49.4,57.6,5.9,11.6,32.6,3,135.3,2484.64,16991.6,161.29999999999998,0.5027777777777778,40.1,405.90000000000003,0,1,70.0,False
Soybean,20.3,37.8,273.4,89.7,6.17,65.4,45.2,41.7,7.5,3.0,12.0,2,67.2,767.3399999999999,24523.98,152.3,0.7440273037542662,24.680000000000003,134.4,1,1,62.0,True
Groundnut,21.3,56.5,46.8,36.1,6.43,77.9,68.3,89.4,8.5,12.8,35.0,5,110.9,1203.45,1689.48,235.6,0.4908632640201639,29.51,554.5,0,0,46.0,True
Soybean,35.0,58.4,48.2,47.1,6.24,65.0,24.6,26.1,6.0,10.0,35.4,7,41.2,2044.0,2270.2200000000003,115.69999999999999,1.2572533849129592,42.84,288.40000000000003,0,0,47.5,True
Tomato,33.4,41.7,82.2,38.1,6.06,46.0,26.6,41.1,8.8,8.9,41.4,4,96.7,1392.78,3131.82,113.69999999999999,0.6695778748180494,39.35,386.8,1,1,52.5,True
Rice,33.5,79.8,350.0,90.0,5.37,38.2,25.4,49.4,5.5,8.8,53.8,4,86.2,2673.2999999999997,31500.0,113.0,0.5039577836411611,43.239999999999995,344.8,1,1,78.0,True
Maize,38.4,62.2,139.4,46.4,5.6,40.1,41.5,46.0,4.9,10.2,28.0,7,133.7,2388.48,6468.16,127.6,0.45310734463276836,46.66,935.8999999999999,0,1,56.99999999999999,False
Rice,22.1,52.3,133.6,73.6,7.05,63.0,54.4,61.7,5.9,7.8,25.8,6,58.4,1155.83,9832.96,179.10000000000002,0.53800170794193,28.89,350.4,1,1,62.5,True
Cotton,28.8,40.9,114.6,27.3,7.44,29.0,55.6,10.9,4.2,8.0,9.7,6,148.2,1177.92,3128.58,95.5,0.42962962962962964,34.49,889.1999999999999,0,0,48.5,True
Tomato,29.4,95.0,66.4,63.7,6.13,48.4,18.3,47.8,7.3,15.6,69.7,5,89.2,2793.0,4229.68,114.5,0.7213114754098361,42.019999999999996,446.0,0,1,62.0,False
Maize,24.6,74.6,64.8,45.4,5.37,46.8,62.4,89.4,8.3,16.1,53.4,3,107.4,1835.1599999999999,2941.9199999999996,198.6,0.30628272251308897,35.28,322.20000000000005,1,0,42.5,False
Tomato,23.9,63.1,153.3,53.7,6.35,54.2,28.6,31.4,9.6,17.7,37.2,2,104.7,1508.09,8232.210000000001,114.20000000000002,0.8885245901639345,33.75,209.4,0,1,59.0,False
Rice,23.7,70.9,173.7,63.2,6.11,73.4,69.4,49.3,6.8,13.5,31.3,2,63.1,1680.3300000000002,10977.84,192.10000000000002,0.6131996658312449,33.49,126.2,0,1,60.5,False
Cotton,23.4,68.6,67.2,45.5,6.3,60.1,25.6,24.3,5.3,12.9,53.7,5,68.3,1605.2399999999998,3057.6,110.0,1.1807465618860509,32.839999999999996,341.5,0,0,50.0,True
Maize,35.5,79.5,95.9,43.1,5.85,50.6,56.9,47.5,6.8,14.3,48.8,7,20.0,2822.25,4133.29,155.0,0.4800759013282732,46.31,140.0,1,1,55.00000000000001,True
Wheat,25.6,95.0,141.7,78.2,7.5,74.7,22.0,61.0,9.2,11.5,50.8,7,122.2,2432.0,11080.939999999999,157.7,0.8892857142857143,37.4,855.4,1,1,56.99999999999999,True
Cotton,29.8,93.4,197.2,80.0,5.04,62.4,19.1,34.2,7.0,8.0,44.7,5,112.4,2783.32,15776.0,115.7,1.149171270718232,40.74,562.0,1,1,70.5,True
Cotton,28.8,58.8,100.4,31.5,6.58,64.4,51.0,5.0,6.9,12.3,53.8,5,89.2,1693.44,3162.6000000000004,120.4,1.129824561403509,37.14,446.0,0,0,48.5,True
Maize,25.9,93.9,276.8,90.0,6.4,43.1,11.1,28.4,7.4,6.7,47.9,5,98.0,2432.01,24912.0,82.6,1.0641975308641975,36.63,490.0,1,1,68.5,True
Maize,28.2,55.9,39.4,33.8,6.93,23.9,14.9,43.4,5.0,14.0,43.9,2,104.1,1576.3799999999999,1331.7199999999998,82.19999999999999,0.403035413153457,36.589999999999996,208.2,0,0,42.5,True
Soybean,30.0,53.7,96.0,44.0,7.4,42.1,46.6,38.0,8.5,8.0,49.3,1,73.8,1611.0,4224.0,126.7,0.4918224299065421,36.97,73.8,0,1,54.0,False
Tomato,33.8,74.3,182.4,74.0,6.05,60.6,42.7,31.3,6.9,18.7,74.4,3,62.1,2511.3399999999997,13497.6,134.60000000000002,0.808,44.97,186.3,1,1,70.5,True
Maize,25.4,57.3,316.9,90.0,7.02,87.2,26.0,56.1,4.4,16.3,20.3,7,123.1,1455.4199999999998,28520.999999999996,169.3,1.0493381468110712,34.39,861.6999999999999,0,1,57.49999999999999,False
Groundnut,27.9,73.2,155.3,88.0,5.99,27.9,38.8,35.8,7.8,7.7,62.3,3,106.4,2042.28,13666.400000000001,102.49999999999999,0.36904761904761907,36.76,319.20000000000005,0,1,69.0,False
Wheat,34.2,57.7,122.0,62.4,5.0,73.1,43.4,46.9,5.8,12.8,46.0,6,72.8,1973.3400000000004,7612.8,163.4,0.80065717415115,42.53000000000001,436.79999999999995,1,1,57.49999999999999,True
Maize,18.6,59.3,303.0,87.1,6.26,74.3,22.7,39.9,7.2,12.6,19.0,6,107.0,1102.98,26391.3,136.9,1.1682389937106918,27.05,642.0,1,1,67.5,True
Rice,16.5,68.5,115.6,65.9,6.65,66.9,30.4,26.3,11.0,12.2,45.4,4,103.0,1130.25,7618.04,123.60000000000001,1.1594454072790294,25.790000000000003,412.0,0,0,46.5,True
Rice,31.6,77.6,89.1,66.5,6.27,72.1,58.9,52.2,4.9,21.2,46.0,5,91.8,2452.16,5925.15,183.2,0.6431757359500446,43.6,459.0,1,1,62.0,True
Groundnut,29.6,51.4,162.1,61.5,8.0,57.2,36.7,19.8,8.9,14.8,43.5,4,121.5,1521.44,9969.15,113.7,0.9947826086956523,37.7,486.0,0,1,57.99999999999999,False
Wheat,23.9,79.7,61.1,40.0,6.02,72.6,39.1,30.4,9.9,9.8,42.1,3,56.4,1904.83,2444.0,142.1,1.0297872340425531,33.83,169.2,1,1,56.00000000000001,True
Groundnut,22.1,64.7,148.3,53.5,6.58,57.1,20.4,65.4,11.0,13.0,41.2,5,124.8,1429.8700000000001,7934.05,142.9,0.6578341013824884,31.17,624.0,1,1,57.99999999999999,True
Maize,26.9,49.3,94.9,44.6,6.23,80.2,28.0,40.0,9.4,23.9,29.5,3,73.7,1326.1699999999998,4232.54,148.2,1.1623188405797102,36.61,221.10000000000002,0,1,53.0,False
Rice,32.1,90.6,215.0,82.0,5.74,48.5,38.9,40.1,6.5,13.7,38.2,2,121.0,2908.2599999999998,17630.0,127.5,0.60625,43.9,242.0,1,1,69.0,True
Rice,26.2,33.9,87.9,37.4,6.05,35.7,32.2,21.0,6.0,10.0,19.7,5,51.7,888.18,3287.46,88.9,0.6586715867158672,31.59,258.5,1,0,48.5,False
Cotton,28.1,92.3,137.7,54.3,6.29,56.3,41.9,32.6,10.7,10.4,55.3,5,101.0,2593.63,7477.109999999999,130.79999999999998,0.7456953642384105,39.41,505.0,0,1,60.0,False
Rice,26.4,82.0,58.1,48.6,6.06,54.6,47.0,46.4,6.3,17.0,46.8,1,58.8,2164.7999999999997,2823.6600000000003,148.0,0.5783898305084746,37.99999999999999,58.8,1,0,49.0,False
Maize,22.3,73.2,128.6,65.2,6.26,60.4,37.7,62.3,4.8,22.4,36.3,1,92.4,1632.3600000000001,8384.72,160.39999999999998,0.598019801980198,34.1,92.4,1,0,48.5,False
Rice,36.0,82.0,44.3,41.9,7.38,33.5,13.9,29.9,5.9,17.5,61.5,5,69.9,2952.0,1856.1699999999998,77.3,0.7477678571428572,47.7,349.5,1,1,55.00000000000001,True
Soybean,22.8,64.9,168.7,68.1,6.14,89.8,22.4,32.2,9.4,13.8,27.1,5,73.7,1479.7200000000003,11488.469999999998,144.39999999999998,1.6151079136690647,32.05,368.5,1,1,62.0,True
Tomato,27.1,49.7,55.2,51.1,6.83,51.9,45.5,43.6,6.4,4.5,15.4,1,82.9,1346.8700000000001,2820.7200000000003,141.0,0.5760266370699223,32.97,82.9,1,0,49.0,False
Soybean,28.2,51.8,152.0,62.4,6.83,84.9,42.9,80.6,9.0,8.9,45.3,7,118.6,1460.76,9484.8,208.4,0.6819277108433736,35.16,830.1999999999999,1,1,54.0,True
Wheat,27.9,88.5,159.6,83.3,6.99,58.3,24.2,27.5,7.0,10.2,46.2,7,78.9,2469.15,13294.679999999998,110.0,1.1062618595825426,38.79,552.3000000000001,1,1,67.5,True
Groundnut,18.4,74.6,54.0,48.7,6.16,34.9,24.0,55.0,3.7,14.5,38.0,5,112.4,1372.6399999999999,2629.8,113.9,0.43624999999999997,28.759999999999998,562.0,0,0,50.0,True
Rice,28.6,69.6,77.9,46.7,6.47,71.9,27.3,51.0,5.9,2.9,19.1,6,50.1,1990.56,3637.9300000000003,150.2,0.9066834804539724,36.14,300.6,0,0,42.5,True
Tomato,21.4,92.6,286.3,90.0,5.94,79.2,39.5,44.1,9.8,3.3,32.5,7,147.9,1981.6399999999996,25767.0,162.8,0.9361702127659576,31.319999999999997,1035.3,1,1,70.5,True
Tomato,23.3,54.9,101.7,32.7,6.78,49.5,18.4,61.4,4.8,15.9,22.1,5,80.4,1279.17,3325.5900000000006,129.3,0.6126237623762376,31.97,402.0,1,0,43.5,False
Tomato,27.8,95.0,88.2,55.8,5.63,57.7,32.9,58.2,5.6,12.3,39.5,6,137.8,2641.0,4921.5599999999995,148.8,0.6264929424538546,39.76,826.8000000000001,0,1,56.00000000000001,False
Tomato,31.1,75.4,80.6,41.5,7.01,40.5,31.1,48.4,5.4,14.7,63.9,4,125.8,2344.9400000000005,3344.8999999999996,120.0,0.5031055900621118,41.58,503.2,0,0,50.0,True
Maize,31.9,66.2,291.2,90.0,7.69,38.5,28.2,61.9,8.0,9.6,44.6,7,101.5,2111.78,26208.0,128.6,0.4226125137211855,40.44,710.5,1,1,76.0,True
Cotton,26.4,76.4,215.4,79.3,6.34,69.9,37.4,34.2,6.2,16.9,47.8,3,109.5,2016.96,17081.22,141.5,0.962809917355372,37.42,328.5,1,1,65.5,True
Maize,24.9,65.1,160.9,56.3,6.17,31.2,55.6,68.1,7.7,13.4,52.7,3,63.7,1620.9899999999998,9058.67,154.89999999999998,0.25020048115477145,34.089999999999996,191.10000000000002,1,1,65.0,True
Groundnut,24.5,48.3,133.3,47.1,6.14,26.0,25.2,63.5,4.9,6.6,28.8,3,89.6,1183.35,6278.43,114.7,0.2898550724637681,30.65,268.79999999999995,0,1,56.99999999999999,False
Cotton,15.0,51.3,77.3,43.6,7.23,23.7,31.7,55.0,6.5,8.5,26.4,4,70.6,769.5,3370.28,110.4,0.2702394526795895,21.83,282.4,1,0,40.0,False
Soybean,37.4,68.2,37.3,29.7,6.9,54.2,26.4,59.7,7.9,9.3,51.3,1,142.9,2550.68,1107.81,140.3,0.6222732491389209,46.08,142.9,0,1,58.5,False
Tomato,23.4,71.1,91.7,68.0,7.54,61.8,41.6,13.4,6.0,12.7,29.5,7,78.1,1663.7399999999998,6235.6,116.80000000000001,1.1035714285714284,33.05,546.6999999999999,1,0,48.5,False
Soybean,33.6,89.9,115.7,56.9,5.93,48.0,12.8,30.9,8.0,10.9,38.2,6,20.0,3020.6400000000003,6583.33,91.69999999999999,1.0738255033557047,44.77,120.0,1,1,62.5,True
Tomato,23.4,87.8,104.0,90.0,7.49,86.6,41.3,29.2,7.5,10.8,50.4,4,120.5,2054.52,9360.0,157.1,1.2111888111888112,34.34,482.0,1,1,60.5,True
Cotton,18.4,48.2,95.9,53.4,6.65,34.0,21.0,55.7,8.4,6.3,24.7,7,83.9,886.88,5121.06,110.7,0.4375804375804376,24.48,587.3000000000001,0,0,40.5,True
Tomato,28.4,70.4,80.5,31.4,5.07,10.0,21.5,25.1,7.5,15.5,46.4,5,94.1,1999.3600000000001,2527.7,56.6,0.21008403361344538,38.54,470.5,1,0,46.5,False
Wheat,31.1,59.4,60.2,47.8,6.88,53.1,23.9,22.3,7.3,10.3,53.4,3,88.1,1847.3400000000001,2877.56,99.3,1.125,39.1,264.29999999999995,0,1,50.5,False
Tomato,34.0,61.6,70.9,50.4,6.48,31.9,23.3,41.2,3.6,8.9,43.7,4,120.4,2094.4,3573.36,96.4,0.48702290076335875,41.94,481.6,1,1,53.0,True
Tomato,31.1,50.3,101.0,52.1,7.12,64.4,38.6,30.0,4.6,15.3,25.2,2,141.0,1564.33,5262.1,133.0,0.9252873563218392,39.190000000000005,282.0,0,1,56.00000000000001,False
Maize,24.2,59.6,61.4,27.7,5.94,66.3,25.3,45.4,7.8,11.9,48.9,6,62.8,1442.32,1700.78,137.0,0.9246861924686192,32.54,376.79999999999995,0,0,44.0,True
Wheat,32.5,46.3,23.0,19.3,7.07,51.6,56.7,42.6,6.3,16.6,44.1,5,130.2,1504.75,443.90000000000003,150.9,0.5144566301096709,40.45,651.0,1,0,40.0,False
Soybean,24.7,66.7,11.2,15.8,6.73,78.0,33.5,45.6,10.0,11.7,29.3,1,77.6,1647.49,176.96,157.1,0.9737827715355806,33.709999999999994,77.6,1,1,53.5,True
Soybean,38.0,76.0,92.0,53.6,6.58,48.0,31.1,62.0,5.1,15.1,49.3,5,134.1,2888.0,4931.2,141.1,0.51009564293305,48.620000000000005,670.5,0,1,60.5,False
Tomato,24.6,92.9,116.9,37.1,7.32,98.7,41.3,50.5,7.7,5.6,56.0,3,93.5,2285.34,4336.990000000001,190.5,1.0635775862068966,35.01,280.5,0,1,56.49999999999999,False
Wheat,32.0,85.1,24.4,35.5,6.55,57.0,29.9,30.9,8.9,15.5,42.2,5,130.0,2723.2,866.1999999999999,117.80000000000001,0.9223300970873787,43.61,650.0,1,1,59.0,True
Soybean,22.9,66.6,95.8,51.1,7.8,36.2,37.1,63.7,7.3,14.6,47.8,2,167.5,1525.1399999999999,4895.38,137.0,0.3555992141453831,32.48,335.0,1,0,46.0,False
Rice,18.9,65.8,92.4,35.2,6.74,36.4,31.3,63.9,6.2,15.4,48.5,4,100.7,1243.62,3252.4800000000005,131.6,0.37837837837837834,28.559999999999995,402.8,0,1,54.0,False
Rice,32.0,72.3,79.7,65.4,6.46,30.5,21.0,33.6,5.0,1.3,39.0,2,41.6,2313.6,5212.380000000001,85.1,0.5485611510791367,39.489999999999995,83.2,0,1,52.0,False
Tomato,36.5,62.7,105.6,34.8,6.9,83.6,35.9,66.2,5.4,15.4,37.4,1,73.5,2288.55,3674.8799999999997,185.7,0.8108632395732298,45.85,73.5,0,1,62.5,False
Groundnut,26.7,68.4,86.4,42.8,6.81,19.4,35.3,32.3,3.9,18.6,44.5,4,148.8,1826.2800000000002,3697.92,87.0,0.282798833819242,37.26,595.2,1,1,56.99999999999999,True
Wheat,32.0,72.9,133.4,70.0,7.36,55.8,39.6,42.5,4.5,13.5,40.7,5,84.9,2332.8,9338.0,137.9,0.6714801444043321,41.99,424.5,0,1,63.0,False
Rice,26.2,91.1,172.3,83.7,7.59,44.3,21.7,5.0,9.2,22.0,45.9,6,111.2,2386.8199999999997,14421.510000000002,71.0,1.59927797833935,39.71,667.2,0,1,59.5,False
Groundnut,26.5,82.9,66.7,24.5,6.4,10.0,28.9,35.5,8.1,8.5,46.2,4,104.4,2196.8500000000004,1634.15,74.4,0.1529051987767584,36.49,417.6,1,1,61.0,True
Soybean,29.5,95.0,111.1,72.4,5.0,80.1,32.0,5.0,6.5,3.1,54.9,6,97.0,2802.5,8043.64,117.1,2.107894736842105,39.62,582.0,0,1,59.0,False
Groundnut,27.6,80.5,93.4,71.3,6.06,58.9,22.1,67.3,8.7,18.9,44.8,1,42.1,2221.8,6659.42,148.3,0.6515486725663716,39.43000000000001,42.1,0,1,59.0,False
Rice,24.9,57.5,218.4,80.0,7.49,46.5,20.0,64.7,9.7,9.3,27.4,6,85.6,1431.75,17472.0,131.2,0.5425904317386231,32.51,513.5999999999999,0,1,65.5,False
Soybean,31.1,48.6,168.9,62.8,5.57,52.4,34.7,51.4,6.5,19.3,38.8,5,123.6,1511.46,10606.92,138.5,0.6016073478760046,39.82,618.0,1,1,55.50000000000001,True
Wheat,24.1,66.3,164.4,74.1,7.04,65.2,20.1,36.2,8.6,21.0,35.5,3,104.7,1597.83,12182.039999999999,121.50000000000001,1.137870855148342,34.93,314.1,1,1,55.50000000000001,True
Groundnut,38.8,72.2,164.7,69.1,6.05,23.1,40.1,33.5,4.8,4.8,57.8,3,47.1,2801.36,11380.769999999999,96.7,0.30965147453083114,46.98,141.3,1,1,70.0,True
Groundnut,23.3,80.1,148.3,66.0,6.99,72.6,70.2,27.7,7.2,7.6,36.4,6,53.0,1866.33,9787.800000000001,170.5,0.7340748230535894,32.830000000000005,318.0,0,1,69.0,False
Cotton,30.9,51.3,245.6,90.0,7.02,53.4,36.8,20.3,6.6,15.9,30.5,6,62.2,1585.1699999999998,22104.0,110.49999999999999,0.9191049913941481,39.21,373.20000000000005,1,1,63.5,True
Soybean,23.8,71.0,152.5,59.9,7.32,40.6,42.6,25.8,3.8,11.6,51.0,4,120.9,1689.8,9134.75,109.0,0.585014409221902,33.22,483.6,1,1,62.0,True
Wheat,25.6,82.0,120.3,43.5,6.73,75.9,15.8,51.1,5.0,18.4,20.8,2,59.0,2099.2000000000003,5233.05,142.8,1.117820324005891,37.48,118.0,0,1,53.5,False
Wheat,26.7,48.3,127.3,47.1,5.16,59.1,46.1,32.7,5.7,8.8,30.6,5,102.0,1289.61,5995.83,137.9,0.7406015037593984,33.29,510.0,0,1,54.0,False
Wheat,30.3,84.7,77.7,30.5,5.99,63.8,30.9,63.5,8.4,14.6,45.5,5,79.8,2566.4100000000003,2369.85,158.2,0.6687631027253668,41.690000000000005,399.0,0,1,59.0,False
Groundnut,30.4,52.6,253.2,78.8,7.7,33.6,28.2,67.6,9.2,13.0,41.3,1,142.2,1599.04,19952.16,129.39999999999998,0.34710743801652894,38.26,142.2,1,1,69.0,True
Soybean,33.4,72.7,80.5,54.1,5.26,42.5,28.0,32.8,4.8,17.6,47.5,3,101.2,2428.18,4355.05,103.3,0.6877022653721683,44.190000000000005,303.6,0,1,51.0,False
Maize,27.9,80.9,119.5,59.3,5.68,61.4,28.7,38.6,7.4,17.8,49.3,4,43.8,2257.11,7086.349999999999,128.7,0.8989751098096632,39.55,175.2,1,1,62.5,True
Maize,24.2,83.5,284.0,83.4,7.53,79.9,45.7,41.1,7.7,16.6,50.0,4,127.9,2020.7,23685.600000000002,166.70000000000002,0.9100227790432801,35.87,511.6,1,1,71.5,True
Tomato,30.4,89.8,175.8,78.6,7.05,35.5,59.7,61.5,5.0,7.1,72.4,3,149.4,2729.9199999999996,13817.88,156.7,0.2905073649754501,40.8,448.20000000000005,1,1,61.5,True
Soybean,24.3,90.7,93.0,40.1,6.27,59.8,72.1,20.6,9.2,7.8,24.9,5,100.2,2204.01,3729.3,152.49999999999997,0.6382070437566703,34.93000000000001,501.0,0,1,55.50000000000001,False
Tomato,34.1,68.6,77.2,26.9,7.65,41.2,29.7,43.6,6.2,13.0,27.8,2,90.0,2339.2599999999998,2076.68,114.5,0.5545087483176313,43.56,180.0,0,0,50.0,True
Rice,23.5,50.2,98.7,40.8,6.7,74.2,43.6,7.0,7.2,11.0,41.9,2,93.6,1179.7,4026.96,124.80000000000001,1.4379844961240311,30.72,187.2,0,1,59.5,False
Tomato,22.9,57.1,159.4,71.5,5.57,69.6,35.1,30.3,5.3,10.8,25.6,5,112.7,1307.59,11397.1,135.0,1.0481927710843373,30.77,563.5,0,1,58.5,False
Soybean,27.1,70.5,180.6,90.0,6.24,58.3,10.9,34.5,9.0,11.8,36.1,2,62.5,1910.5500000000002,16254.0,103.7,1.2564655172413792,36.51,125.0,1,1,72.5,True
Cotton,16.8,95.0,48.7,33.9,7.47,37.2,69.6,50.7,11.0,4.5,56.5,6,88.4,1596.0,1650.93,157.5,0.3066776586974444,27.2,530.4000000000001,1,1,56.99999999999999,True
Rice,29.2,91.7,167.3,84.8,7.83,91.5,36.4,18.2,4.6,13.5,48.8,2,70.8,2677.64,14187.04,146.1,1.6456834532374103,41.07,141.6,1,1,69.0,True
Rice,34.1,63.9,165.3,62.4,7.29,66.1,46.4,49.2,6.3,6.8,54.5,7,158.7,2178.9900000000002,10314.720000000001,161.7,0.6842650103519669,41.85,1110.8999999999999,0,1,62.0,False
Cotton,27.2,55.4,141.3,60.9,6.46,91.8,35.9,53.9,8.5,5.1,19.3,6,61.5,1506.8799999999999,8605.17,181.6,1.0110132158590308,33.760000000000005,369.0,0,1,55.50000000000001,False
Rice,24.3,85.1,46.8,40.4,7.11,74.7,53.8,5.0,3.0,11.9,54.4,6,86.3,2067.93,1890.7199999999998,133.5,1.2491638795986624,35.190000000000005,517.8,0,0,49.0,True
Tomato,20.1,78.2,90.9,70.9,7.08,85.0,39.4,38.8,7.3,10.3,54.8,3,115.9,1571.8200000000002,6444.810000000001,163.2,1.0732323232323233,29.98,347.70000000000005,1,1,56.99999999999999,True
Tomato,35.2,46.1,103.5,28.1,6.56,55.5,43.8,55.7,6.1,13.6,29.1,6,119.4,1622.7200000000003,2908.3500000000004,155.0,0.5522388059701493,42.53,716.4000000000001,0,1,52.0,False
Wheat,19.4,81.2,79.3,35.4,6.61,33.7,57.1,44.6,6.7,1.2,36.2,6,64.0,1575.28,2807.22,135.4,0.32814021421616363,27.759999999999998,384.0,1,0,44.5,False
Soybean,32.4,57.9,46.2,26.4,8.0,34.8,40.7,57.5,7.1,10.6,47.4,2,125.8,1875.9599999999998,1219.68,133.0,0.3508064516129032,40.309999999999995,251.6,1,1,56.49999999999999,True
Soybean,28.2,74.6,94.8,47.6,7.24,23.6,35.1,38.3,7.0,8.1,53.5,4,112.6,2103.72,4512.48,97.0,0.3172043010752688,37.279999999999994,450.4,0,1,58.5,False
Maize,27.3,72.5,28.2,38.0,6.84,97.4,11.2,56.6,7.8,12.0,51.7,5,97.4,1979.25,1071.6,165.20000000000002,1.4156976744186047,36.949999999999996,487.0,1,0,49.5,False
Wheat,24.7,50.2,81.8,30.6,5.97,27.3,30.0,49.7,6.8,8.5,44.9,3,40.0,1239.94,2503.08,107.0,0.3382899628252788,31.419999999999998,120.0,0,0,41.5,True
Cotton,25.6,64.7,107.1,38.6,6.52,40.3,50.0,76.9,7.4,8.7,20.9,6,22.1,1656.3200000000002,4134.0599999999995,167.2,0.3150899139953088,33.81,132.60000000000002,0,1,52.5,False
Rice,27.5,81.7,102.2,57.8,6.35,36.2,14.8,20.8,6.3,15.5,42.9,6,90.5,2246.75,5907.16,71.8,0.9890710382513661,38.77,543.0,0,1,54.0,False
Rice,34.6,77.9,100.2,43.1,5.13,36.5,34.6,33.5,6.7,16.2,44.9,4,77.0,2695.34,4318.62,104.6,0.52821997105644,45.63,308.0,1,1,56.00000000000001,True
Tomato,33.4,37.8,117.9,43.5,6.92,43.6,70.1,34.3,7.7,17.6,29.4,7,41.5,1262.5199999999998,5128.650000000001,148.0,0.4136622390891841,40.7,290.5,1,0,46.5,False
Rice,22.9,87.2,117.0,67.4,7.31,114.3,37.4,35.8,8.8,2.3,51.5,5,169.6,1996.8799999999999,7885.800000000001,187.5,1.5404312668463613,32.08,848.0,0,0,50.0,True
Wheat,30.0,63.2,295.3,90.0,8.0,61.5,37.0,30.5,4.2,12.3,41.1,1,101.2,1896.0,26577.0,129.0,0.8978102189781022,38.78,101.2,1,1,61.0,True
Cotton,22.4,75.6,123.8,54.0,7.06,64.2,25.4,41.0,11.0,19.3,32.7,4,115.5,1693.4399999999998,6685.2,130.6,0.9525222551928783,33.82,462.0,1,1,52.0,True
Soybean,27.0,42.6,84.1,49.5,5.99,35.6,52.0,51.2,6.4,1.7,18.3,7,52.4,1150.2,4162.95,138.8,0.3416506717850288,31.599999999999998,366.8,0,0,46.5,True
Maize,31.5,68.7,168.1,62.5,5.84,34.6,61.8,48.1,6.7,17.8,51.0,1,36.2,2164.05,10506.25,144.5,0.3119927862939585,41.93,36.2,1,1,69.0,True
Wheat,28.7,46.0,118.3,41.1,5.52,72.7,25.2,48.3,8.3,13.7,24.9,3,129.9,1320.2,4862.13,146.2,0.9758389261744966,36.04,389.70000000000005,0,1,50.5,False
Rice,30.1,61.5,142.7,69.1,7.3,37.5,34.6,56.2,9.0,10.3,18.7,1,47.5,1851.15,9860.569999999998,128.3,0.4084967320261437,38.31,47.5,1,1,60.5,True
Rice,23.0,53.5,90.0,67.5,6.31,106.5,30.7,72.6,10.2,11.1,30.0,5,59.3,1230.5,6075.0,209.79999999999998,1.0210930009587729,30.57,296.5,1,1,52.0,True
Tomato,26.8,74.3,48.1,36.8,7.14,32.6,28.9,44.7,9.7,9.8,31.8,5,134.3,1991.24,1770.08,106.2,0.4369973190348526,36.190000000000005,671.5,1,1,52.5,True
Cotton,33.0,81.1,256.5,90.0,8.0,33.1,27.1,73.2,6.6,14.2,70.0,1,106.9,2676.2999999999997,23085.0,133.4,0.32675222112537017,43.95,106.9,1,1,75.0,True
Tomato,31.8,95.0,217.0,90.0,6.64,73.0,20.1,47.1,7.0,16.1,63.2,7,63.4,3021.0,19530.0,140.2,1.0703812316715542,44.519999999999996,443.8,1,1,80.5,True
Tomato,23.2,52.3,146.1,41.6,6.94,70.9,29.1,61.4,8.6,9.0,14.9,1,121.5,1213.36,6077.76,161.4,0.7748633879781421,30.23,121.5,1,1,52.0,True
Wheat,25.6,53.6,98.4,55.4,6.38,56.3,45.5,46.1,6.0,5.9,24.0,3,69.0,1372.16,5451.360000000001,147.9,0.6079913606911447,32.14,207.0,0,1,52.5,False
Groundnut,33.3,90.4,65.5,52.2,6.04,76.5,36.9,28.8,7.9,17.0,58.7,2,76.0,3010.3199999999997,3419.1000000000004,142.20000000000002,1.1469265367316341,45.739999999999995,152.0,1,1,57.49999999999999,True
Rice,28.7,37.5,241.1,88.3,6.13,106.2,23.6,57.1,6.1,12.2,23.0,7,79.0,1076.25,21289.129999999997,186.9,1.2998776009791921,34.89,553.0,1,0,43.5,False
Wheat,35.8,55.4,108.9,48.2,7.53,29.2,29.5,32.4,8.6,9.1,34.9,5,126.7,1983.3199999999997,5248.9800000000005,91.1,0.4642289348171701,43.16,633.5,1,1,55.00000000000001,True
Soybean,29.4,41.7,72.7,57.3,5.98,54.0,34.3,51.1,7.8,14.6,26.5,3,91.5,1225.98,4165.71,139.4,0.625,36.49,274.5,1,0,41.5,False
Groundnut,19.9,78.7,92.7,46.4,6.18,36.5,51.1,30.1,6.0,8.7,44.8,5,106.1,1566.1299999999999,4301.28,117.69999999999999,0.44403892944038925,29.509999999999998,530.5,1,1,50.5,True
Wheat,21.9,87.7,127.7,66.8,7.34,37.5,46.3,44.8,3.9,10.0,61.4,1,81.2,1920.6299999999999,8530.36,128.6,0.40716612377850164,32.67,81.2,1,1,52.0,True
Soybean,20.8,73.7,123.5,81.8,6.62,64.5,26.7,58.8,8.3,8.0,33.7,7,66.9,1532.96,10102.3,150.0,0.7456647398843931,29.770000000000003,468.30000000000007,1,1,60.0,True
Tomato,30.6,67.6,96.5,44.3,7.18,58.7,18.2,43.1,7.0,12.1,45.6,2,73.3,2068.56,4274.95,120.0,0.9422150882825041,39.78,146.6,1,1,57.99999999999999,True
Cotton,29.1,55.5,38.5,28.3,6.36,43.5,27.4,5.0,9.1,16.5,29.1,6,55.1,1615.0500000000002,1089.55,75.9,1.3023952095808384,37.949999999999996,330.6,0,0,49.0,True
Soybean,25.1,80.3,92.1,75.6,6.04,47.7,23.1,59.0,6.9,17.9,20.5,4,33.6,2015.53,6962.759999999999,129.8,0.5740072202166066,36.71,134.4,0,1,55.50000000000001,False
Maize,32.3,37.0,166.2,80.7,6.68,52.2,30.0,80.1,6.6,11.9,30.7,7,81.1,1195.1,13412.34,162.3,0.4698469846984699,38.38,567.6999999999999,1,1,61.0,True
Maize,19.7,72.1,111.5,51.5,6.88,45.0,43.6,16.7,8.5,15.9,38.0,3,135.3,1420.37,5742.25,105.3,0.7340946166394781,30.089999999999996,405.90000000000003,0,0,47.0,True
Maize,22.7,59.4,182.9,83.3,7.3,87.0,39.3,12.9,7.4,13.3,40.5,1,159.7,1348.3799999999999,15235.57,139.2,1.6353383458646618,31.3,159.7,1,1,62.5,True
Wheat,28.1,64.7,108.3,40.8,6.27,98.8,13.1,49.7,8.3,6.3,57.7,3,59.2,1818.0700000000002,4418.639999999999,161.6,1.5485893416927898,35.83,177.60000000000002,0,0,44.0,True
Maize,27.3,67.7,350.0,90.0,6.41,79.3,27.3,60.8,5.6,9.5,33.5,3,114.2,1848.21,31500.0,167.39999999999998,0.8900112233445567,35.97,342.6,1,1,78.5,True
Maize,19.3,53.4,176.7,70.8,5.5,67.0,30.2,33.6,7.9,13.9,51.7,1,121.2,1030.6200000000001,12510.359999999999,130.8,1.0339506172839508,27.42,121.2,1,1,61.5,True
Maize,33.1,51.9,303.8,90.0,6.11,71.0,30.2,60.3,6.6,12.5,31.4,5,151.0,1717.89,27342.0,161.5,0.7759562841530054,40.79,755.0,0,1,67.5,False
Maize,23.6,83.8,189.6,90.0,5.99,83.7,48.9,68.7,4.5,18.9,60.8,6,115.8,1977.68,17064.0,201.3,0.7057335581787522,35.76,694.8,1,1,71.5,True
Groundnut,33.7,66.4,227.2,90.0,6.85,62.5,30.9,46.5,9.6,21.1,32.8,1,117.3,2237.6800000000003,20448.0,139.9,0.7971938775510203,44.56,117.3,0,1,61.0,False
Cotton,34.1,90.4,124.5,74.3,7.29,24.1,44.5,23.2,4.5,5.4,64.7,1,93.2,3082.6400000000003,9250.35,91.8,0.3508005822416303,44.22,93.2,1,1,69.0,True
Rice,32.1,56.1,113.7,69.7,7.12,79.2,39.8,40.6,5.6,20.4,46.4,6,110.0,1800.8100000000002,7924.89,159.6,0.9729729729729729,41.79,660.0,0,1,52.5,False
Wheat,30.8,83.0,201.8,75.6,6.48,60.5,42.6,41.4,6.1,10.9,45.5,4,51.4,2556.4,15256.08,144.5,0.711764705882353,41.28,205.6,1,1,71.5,True
Rice,24.7,74.9,242.3,82.9,7.08,70.9,45.7,37.6,6.3,7.9,30.9,4,97.9,1850.0300000000002,20086.670000000002,154.20000000000002,0.8410438908659549,33.769999999999996,391.6,1,1,63.0,True
Rice,27.2,71.0,94.7,57.8,6.51,88.1,29.6,46.4,5.4,14.0,50.8,5,49.3,1931.2,5473.66,164.1,1.1441558441558441,37.099999999999994,246.5,1,1,59.5,True
Wheat,27.8,55.4,95.9,49.0,6.08,43.7,57.9,47.5,5.6,23.8,33.0,3,114.2,1540.12,4699.1,149.1,0.4107142857142857,38.1,342.6,1,0,47.5,False
Wheat,24.3,82.0,154.4,90.0,6.69,33.9,48.8,29.4,6.0,9.4,38.5,1,135.6,1992.6000000000001,13896.0,112.1,0.4280303030303031,34.38,135.6,0,1,69.5,False
Groundnut,20.7,47.9,108.5,48.9,6.18,62.8,50.7,47.1,6.1,11.2,44.1,7,145.9,991.53,5305.65,160.6,0.6356275303643724,27.729999999999997,1021.3000000000001,1,0,49.5,False
Wheat,22.0,43.4,148.0,32.2,6.82,34.8,36.9,62.5,5.0,16.8,23.9,6,194.0,954.8,4765.6,134.2,0.34661354581673304,29.7,1164.0,0,1,52.5,False
Rice,27.1,67.6,245.4,85.6,8.0,10.4,19.4,36.8,4.4,10.9,63.2,3,100.5,1831.96,21006.239999999998,66.6,0.18181818181818185,36.04,301.5,1,1,63.0,True
Groundnut,29.0,68.3,296.6,90.0,5.24,42.3,44.3,58.0,8.6,13.3,41.1,5,112.4,1980.6999999999998,26694.000000000004,144.6,0.409486931268151,38.489999999999995,562.0,1,1,76.0,True
Groundnut,18.5,74.0,266.1,90.0,6.32,43.6,25.7,34.6,5.1,12.3,52.9,7,142.8,1369.0,23949.000000000004,103.9,0.7112561174551387,28.36,999.6000000000001,1,1,56.99999999999999,True
Cotton,23.6,61.7,350.0,90.0,6.52,30.1,21.0,63.6,9.6,17.4,38.9,4,94.7,1456.1200000000001,31500.0,114.7,0.35163551401869164,33.25,378.8,1,1,65.0,True
Tomato,29.3,55.0,93.0,57.5,5.99,54.2,19.2,45.8,6.3,14.7,27.6,6,155.9,1611.5,5347.5,119.2,0.8212121212121213,37.739999999999995,935.4000000000001,0,0,49.0,True
Groundnut,27.7,59.9,108.3,53.8,6.75,80.4,41.0,64.2,5.2,10.3,25.0,3,85.9,1659.23,5826.54,185.60000000000002,0.7570621468926554,35.75,257.70000000000005,0,0,49.0,True
Wheat,21.3,66.6,81.7,51.0,6.47,37.8,40.6,25.3,6.9,7.7,46.3,6,74.2,1418.58,4166.7,103.7,0.5650224215246635,29.5,445.20000000000005,0,1,55.50000000000001,False
Tomato,30.1,94.2,253.0,90.0,5.91,23.1,41.3,31.7,4.6,8.1,41.6,1,96.5,2835.42,22770.0,96.10000000000001,0.3121621621621622,41.14,96.5,1,1,75.0,True
Rice,26.4,53.3,141.8,43.3,6.09,72.3,23.1,24.9,6.8,10.7,38.1,5,130.5,1407.12,6139.9400000000005,120.30000000000001,1.4755102040816326,33.87,652.5,1,1,60.0,True
Maize,22.6,91.5,249.5,77.8,6.8,42.9,32.3,49.8,4.1,13.0,68.4,7,62.0,2067.9,19411.1,124.99999999999999,0.516245487364621,34.35,434.0,0,1,67.5,False
Tomato,21.6,76.9,75.7,53.1,6.76,42.4,18.4,52.5,5.5,8.0,20.2,3,103.1,1661.0400000000002,4019.67,113.3,0.5897079276773296,30.890000000000004,309.29999999999995,1,0,48.0,False
Maize,28.1,70.5,89.4,42.2,6.68,72.3,21.9,27.3,6.1,13.9,46.5,5,81.8,1981.0500000000002,3772.6800000000003,121.49999999999999,1.440239043824701,37.93,409.0,0,1,52.0,False
Wheat,28.4,83.2,179.7,88.1,6.54,45.2,22.6,60.0,6.4,5.5,25.2,6,126.3,2362.88,15831.569999999998,127.80000000000001,0.5406698564593302,37.82,757.8,1,1,65.5,True
Rice,30.0,54.2,132.8,66.6,6.7,11.0,54.6,45.9,11.0,5.3,20.3,6,71.5,1626.0,8844.48,111.5,0.10837438423645321,36.480000000000004,429.0,1,1,50.5,True
Soybean,26.9,85.8,350.0,90.0,6.37,30.0,24.1,43.0,8.3,15.9,48.6,4,99.1,2308.02,31500.0,97.1,0.4405286343612335,38.66,396.4,1,1,70.5,True
Groundnut,25.1,60.5,36.0,21.3,6.24,43.7,28.8,82.9,7.3,13.7,3.7,5,91.5,1518.5500000000002,766.8000000000001,155.4,0.38775510204081637,33.89,457.5,0,0,41.0,True
Tomato,33.5,93.1,287.7,90.0,6.7,51.1,42.5,53.9,7.7,10.3,46.6,6,112.6,3118.85,25893.0,147.5,0.5246406570841889,44.870000000000005,675.5999999999999,1,1,73.0,True
Cotton,26.8,68.6,78.2,47.3,6.56,96.6,39.4,32.9,8.3,10.6,43.5,1,90.7,1838.4799999999998,3698.86,168.9,1.3178717598908594,35.779999999999994,90.7,0,0,46.5,True
Wheat,37.3,60.2,150.6,67.9,6.69,79.0,56.1,27.1,5.1,22.3,42.2,7,90.4,2245.46,10225.74,162.2,0.9382422802850356,47.78,632.8000000000001,0,1,53.0,False
Wheat,22.6,88.2,146.4,55.3,6.54,65.4,21.6,39.9,7.8,20.7,42.2,7,20.0,1993.3200000000002,8095.92,126.9,1.0464,35.56,140.0,0,0,49.5,True
Rice,31.7,79.6,253.8,90.0,6.06,39.0,34.3,69.1,8.2,1.0,57.1,4,63.3,2523.3199999999997,22842.0,142.39999999999998,0.37356321839080464,39.86,253.2,1,1,72.0,True
Wheat,34.1,63.1,200.0,60.6,6.79,78.9,37.1,47.7,7.5,2.9,56.0,3,103.0,2151.71,12120.0,163.7,0.9195804195804195,40.99,309.0,0,1,61.0,False
Rice,21.1,56.7,79.2,41.9,5.82,35.2,35.0,85.2,7.6,9.9,42.8,4,60.7,1196.3700000000001,3318.48,155.4,0.29042904290429045,28.750000000000004,242.8,1,0,43.5,False
Soybean,35.8,67.2,46.6,36.5,5.67,52.5,59.9,47.8,9.6,2.7,43.1,2,96.6,2405.7599999999998,1700.9,160.2,0.4829806807727691,43.059999999999995,193.2,0,1,54.50000000000001,False
Tomato,21.1,71.6,124.8,53.9,6.39,80.5,19.8,39.6,4.0,1.9,43.2,1,75.5,1510.76,6726.719999999999,139.9,1.3327814569536423,28.64,75.5,0,1,53.0,False
Cotton,24.3,68.1,65.0,73.3,6.56,52.2,53.9,49.9,10.4,12.4,37.3,3,89.6,1654.83,4764.5,156.0,0.49809160305343514,33.589999999999996,268.79999999999995,0,1,53.5,False
Wheat,15.0,85.2,238.8,90.0,6.47,64.8,43.8,30.5,10.3,16.2,30.0,2,65.6,1278.0,21492.0,139.1,0.8605577689243028,26.759999999999998,131.2,1,1,59.5,True
Maize,31.8,60.2,132.7,67.4,6.47,76.7,58.1,53.8,4.6,7.1,39.3,4,95.6,1914.3600000000001,8943.98,188.60000000000002,0.6793622674933569,39.24,382.4,1,1,56.00000000000001,True
Soybean,19.9,84.9,148.4,68.7,6.13,82.1,23.9,67.6,6.7,20.3,26.5,7,119.7,1689.51,10195.08,173.6,0.8875675675675675,32.45,837.9,1,1,55.50000000000001,True
Rice,29.2,66.5,143.4,45.1,5.0,70.2,26.4,25.7,6.7,9.1,23.6,4,122.5,1941.8,6467.34,122.3,1.322033898305085,37.67,490.0,1,1,51.5,True
Cotton,21.5,63.0,180.0,86.2,6.81,49.5,34.2,14.7,5.7,17.8,47.2,4,66.3,1354.5,15516.0,98.4,0.9919839679358716,31.36,265.2,1,1,61.5,True
Maize,28.5,77.2,140.3,46.1,5.82,18.6,38.5,47.4,9.2,14.5,39.7,6,79.1,2200.2000000000003,6467.830000000001,104.5,0.2140391254315305,39.12,474.59999999999997,1,1,66.0,True
Rice,30.8,73.9,76.1,41.6,6.47,58.8,60.6,57.3,6.6,19.0,29.1,1,110.2,2276.1200000000003,3165.7599999999998,176.7,0.49453322119428084,41.989999999999995,110.2,0,0,50.0,True
Cotton,22.5,94.7,120.3,50.9,5.68,62.3,32.6,31.0,6.1,9.3,52.2,4,112.3,2130.75,6123.2699999999995,125.9,0.9643962848297214,33.83,449.2,1,1,63.0,True
Maize,27.3,82.6,256.6,90.0,6.61,39.5,53.1,26.4,5.1,14.1,51.7,1,132.3,2254.98,23094.000000000004,119.0,0.4906832298136646,38.38,132.3,0,1,78.5,False
Wheat,18.6,62.7,107.8,50.7,7.15,76.4,40.2,43.8,8.8,11.3,38.4,6,92.9,1166.2200000000003,5465.46,160.4,0.8988235294117648,27.130000000000003,557.4000000000001,1,1,59.0,True
Wheat,24.7,67.5,166.4,72.2,6.02,57.8,52.9,43.0,7.2,13.7,27.0,5,88.0,1667.25,12014.080000000002,153.7,0.5964912280701754,34.19,440.0,1,1,59.0,True
Wheat,33.6,50.5,97.7,39.1,5.89,89.8,29.2,30.4,8.0,13.9,35.1,2,91.1,1696.8000000000002,3820.07,149.4,1.481848184818482,41.43,182.2,1,0,48.5,False
Tomato,28.4,58.1,60.9,48.8,6.11,36.4,66.1,29.4,4.8,3.6,18.2,6,118.7,1650.04,2971.9199999999996,131.9,0.37720207253886007,34.93,712.2,0,1,58.5,False
Groundnut,20.8,80.7,60.6,47.5,5.01,56.2,31.0,67.6,6.3,9.9,40.4,3,33.4,1678.5600000000002,2878.5,154.8,0.5642570281124498,30.85,100.19999999999999,0,0,48.5,True
Tomato,17.4,91.3,153.6,49.7,5.7,75.7,44.5,23.7,4.5,17.6,34.3,1,96.9,1588.62,7633.92,143.9,1.0939306358381502,30.049999999999997,96.9,1,0,50.0,False
Wheat,24.0,58.6,286.4,90.0,6.21,50.4,37.5,69.2,7.9,8.6,27.4,3,91.0,1406.4,25775.999999999996,157.10000000000002,0.467966573816156,31.58,273.0,1,1,66.0,True
Tomato,31.1,41.3,78.5,55.5,6.58,47.2,27.0,28.7,11.0,11.5,26.1,7,106.2,1284.43,4356.75,102.9,0.8324514991181657,37.53,743.4,1,1,57.49999999999999,True
Wheat,34.0,72.6,60.4,38.2,7.08,37.7,9.0,49.3,7.6,8.8,24.6,4,80.4,2468.3999999999996,2307.28,96.0,0.6357504215851603,43.019999999999996,321.6,0,0,41.5,True
Wheat,31.7,59.7,172.3,42.5,6.16,58.3,38.1,46.5,8.2,15.3,33.2,5,122.1,1892.49,7322.750000000001,142.9,0.6810747663551402,40.730000000000004,610.5,1,1,52.0,True
Cotton,23.0,72.7,117.6,53.4,5.17,101.2,34.7,57.2,6.2,12.7,45.1,6,114.8,1672.1000000000001,6279.839999999999,193.10000000000002,1.0893433799784715,32.81,688.8,1,0,45.5,False
Wheat,29.2,61.3,350.0,90.0,7.29,40.6,50.6,40.5,10.3,8.6,26.3,3,87.7,1789.9599999999998,31500.0,131.7,0.4408251900108578,37.05,263.1,1,1,80.0,True
Maize,30.7,81.1,35.4,37.8,7.37,13.3,24.7,84.8,6.1,4.9,36.8,5,122.3,2489.77,1338.12,122.8,0.12036199095022625,39.79,611.5,0,1,59.5,False
Wheat,28.0,51.7,135.4,51.8,7.04,57.8,26.9,79.5,6.9,5.9,33.8,2,86.5,1447.6000000000001,7013.72,164.2,0.5381750465549348,34.35,173.0,1,1,63.0,True
Rice,27.0,73.1,110.7,80.1,6.47,75.0,37.4,20.9,9.8,8.5,28.1,7,98.1,1973.6999999999998,8867.07,133.3,1.2647554806070826,36.010000000000005,686.6999999999999,1,1,53.5,True
Soybean,34.1,87.9,72.6,48.9,8.0,76.8,38.4,46.4,8.8,21.1,43.1,3,100.3,2997.3900000000003,3550.1399999999994,161.6,0.8951048951048951,47.11,300.9,1,1,70.5,True
Maize,27.2,60.9,249.5,73.9,6.42,51.4,29.4,51.9,5.8,16.6,23.4,1,48.8,1656.48,18438.050000000003,132.7,0.6245443499392467,36.61,48.8,1,1,62.5,True
Rice,30.6,67.5,150.4,80.2,6.24,17.2,38.6,74.6,6.6,13.7,30.8,2,93.9,2065.5,12062.080000000002,130.39999999999998,0.15061295971978986,40.09,187.8,1,1,69.5,True
Cotton,22.5,64.1,183.3,71.3,6.4,55.1,10.4,46.2,9.2,8.0,59.3,2,49.2,1442.2499999999998,13069.29,111.7,0.9565972222222222,30.51,98.4,1,1,70.5,True
Groundnut,21.4,63.3,141.3,60.4,5.76,78.3,28.0,20.3,4.8,14.2,28.8,4,92.0,1354.62,8534.52,126.6,1.5882352941176472,30.569999999999997,368.0,1,1,55.00000000000001,True
Cotton,31.5,30.0,101.9,27.2,6.9,55.2,16.9,39.4,7.0,5.3,21.4,7,63.9,945.0,2771.6800000000003,111.5,0.9633507853403143,35.56,447.3,0,0,36.5,True
Soybean,24.5,78.3,95.0,49.1,6.51,40.1,40.1,61.3,7.5,14.9,4.3,3,143.7,1918.35,4664.5,141.5,0.3916015625,35.309999999999995,431.09999999999997,1,1,56.99999999999999,True
Maize,33.8,77.2,64.7,52.8,7.75,83.2,37.2,39.5,9.6,9.8,53.1,2,102.7,2609.3599999999997,3416.16,159.9,1.0707850707850708,43.48,205.4,0,1,60.0,False
Tomato,26.2,69.9,87.2,50.7,6.28,32.5,47.4,9.3,3.6,4.1,23.5,7,46.0,1831.38,4421.04,89.2,0.5632582322357019,34.01,322.0,1,1,57.49999999999999,True
Rice,34.0,82.6,38.4,30.7,6.34,65.4,29.2,42.0,7.8,10.8,60.4,1,91.6,2808.3999999999996,1178.8799999999999,136.60000000000002,0.9058171745152355,44.42,91.6,1,0,49.5,False
Soybean,26.6,59.2,221.6,90.0,5.23,66.5,26.3,32.5,6.7,22.4,32.3,3,87.5,1574.7200000000003,19944.0,125.3,1.1120401337792643,37.0,262.5,0,1,57.99999999999999,False
Wheat,28.0,64.0,247.7,90.0,6.2,53.6,23.3,72.9,6.0,17.7,28.3,2,91.8,1792.0,22293.0,149.8,0.551440329218107,37.94,183.6,1,1,57.49999999999999,True
Wheat,35.8,73.3,50.6,31.5,7.91,66.9,71.0,56.7,9.5,16.5,57.5,3,99.7,2624.14,1593.9,194.60000000000002,0.5198135198135199,46.42999999999999,299.1,1,1,53.0,True
Tomato,27.2,56.9,171.2,81.5,5.7,13.3,57.7,49.1,8.0,15.1,46.1,1,97.7,1547.6799999999998,13952.8,120.1,0.12337662337662338,35.910000000000004,97.7,0,1,68.0,False
Maize,35.7,79.5,300.0,90.0,6.21,75.9,35.1,54.5,6.8,14.0,52.4,2,102.1,2838.15,27000.0,165.5,0.8377483443708611,46.45,204.2,0,1,73.0,False
Groundnut,29.4,71.5,221.9,90.0,5.29,48.0,49.3,62.5,7.5,16.3,42.2,1,58.3,2102.1,19971.0,159.8,0.425531914893617,39.809999999999995,58.3,0,1,67.0,False
Rice,27.0,78.3,39.8,39.5,6.78,17.8,57.7,47.6,7.5,10.8,25.9,6,105.1,2114.1,1572.1,123.1,0.167450611476952,36.989999999999995,630.5999999999999,0,1,51.0,False
Groundnut,21.6,61.6,132.7,58.2,6.42,55.1,23.9,40.9,7.4,14.0,53.5,5,93.5,1330.5600000000002,7723.139999999999,119.9,0.8373860182370821,30.560000000000002,467.5,0,1,58.5,False
Rice,18.1,82.0,234.3,90.0,5.75,50.9,12.6,70.1,6.2,5.3,44.3,5,133.7,1484.2,21087.0,133.6,0.6081242532855436,27.36,668.5,0,1,66.0,False
Soybean,18.1,60.4,350.0,90.0,6.77,44.9,16.6,19.8,8.5,15.8,25.8,4,29.2,1093.24,31500.0,81.3,1.2005347593582885,27.3,116.8,0,1,72.5,False
Wheat,28.4,53.1,312.2,88.2,6.2,30.8,34.2,55.5,6.5,3.4,28.6,1,67.9,1508.04,27536.04,120.5,0.3395810363836825,34.39,67.9,1,1,67.0,True
Soybean,22.6,64.9,135.3,46.0,6.12,38.2,58.8,53.4,5.9,17.6,36.5,4,51.1,1466.7400000000002,6223.8,150.4,0.33745583038869265,32.61000000000001,204.4,0,0,48.0,True
Wheat,21.4,89.3,159.3,73.9,6.47,61.8,23.0,21.6,9.5,10.3,60.6,3,115.0,1911.0199999999998,11772.270000000002,106.4,1.3552631578947367,32.39,345.0,1,1,68.0,True
Cotton,22.8,58.7,144.9,48.4,6.52,67.4,40.9,42.0,7.4,11.9,72.8,4,27.4,1338.3600000000001,7013.16,150.3,0.8033373063170441,31.05,109.6,0,1,57.99999999999999,False
Soybean,24.4,78.4,35.6,22.7,5.03,53.0,15.8,76.0,7.6,12.1,40.7,6,90.9,1912.96,808.12,144.8,0.5711206896551725,34.660000000000004,545.4000000000001,1,1,54.50000000000001,True
Wheat,29.0,70.0,233.2,87.4,7.09,49.6,40.3,32.5,7.3,15.5,32.8,2,83.4,2030.0,20381.68,122.4,0.6720867208672087,39.1,166.8,1,1,68.5,True
Wheat,23.0,68.9,122.3,41.8,7.42,19.5,46.6,67.2,7.8,4.4,42.7,5,133.6,1584.7,5112.139999999999,133.3,0.16986062717770034,30.77,668.0,0,1,51.0,False
Wheat,25.7,60.0,187.3,56.0,6.99,81.0,29.4,36.7,4.3,13.0,52.6,6,82.6,1542.0,10488.800000000001,147.10000000000002,1.2071535022354696,34.3,495.59999999999997,0,1,55.00000000000001,False
Rice,26.0,80.0,157.6,74.5,6.18,26.0,61.1,37.5,8.9,11.8,48.3,7,116.4,2080.0,11741.199999999999,124.6,0.26104417670682734,36.36,814.8000000000001,1,1,64.5,True
Soybean,26.7,74.2,108.4,62.0,5.46,16.5,78.0,48.7,4.9,1.9,36.6,3,108.1,1981.14,6720.8,143.2,0.12920908379013313,34.5,324.29999999999995,1,1,57.99999999999999,True
Wheat,29.3,54.0,99.7,42.4,5.54,76.4,29.7,58.3,7.4,6.4,36.6,2,149.2,1582.2,4227.28,164.4,0.8584269662921349,35.980000000000004,298.4,1,0,45.0,False
Groundnut,35.6,68.2,350.0,90.0,5.02,10.5,31.1,68.7,9.3,12.1,58.5,5,117.4,2427.92,31500.0,110.30000000000001,0.10416666666666666,44.84,587.0,1,1,62.5,True
Maize,23.7,73.4,255.9,79.9,5.34,80.9,42.1,55.4,7.0,13.4,53.6,7,85.2,1739.5800000000002,20446.410000000003,178.4,0.8213197969543148,33.72,596.4,1,1,67.5,True
Rice,29.3,59.8,135.5,51.8,5.16,43.5,17.8,75.2,7.0,8.0,56.5,2,77.0,1752.1399999999999,7018.9,136.5,0.4627659574468085,36.88,154.0,1,1,61.5,True
Groundnut,29.0,83.0,113.5,59.5,6.1,69.6,44.8,50.1,6.4,11.6,52.9,6,146.5,2407.0,6753.25,164.5,0.7257559958289884,39.62,879.0,1,1,51.0,True
Soybean,38.0,68.7,103.0,55.7,6.92,77.2,9.6,32.8,5.3,11.3,44.5,1,38.7,2610.6,5737.1,119.6,1.7788018433179724,47.129999999999995,38.7,1,1,59.5,True
Cotton,36.0,71.4,129.1,39.0,5.41,15.6,16.6,52.9,8.4,5.5,19.5,1,118.5,2570.4,5034.9,85.1,0.22127659574468084,44.24,118.5,0,1,53.5,False
Rice,31.7,81.9,163.3,90.0,5.66,43.8,45.5,30.0,4.4,17.3,38.6,6,63.0,2596.23,14697.000000000002,119.3,0.5725490196078431,43.35,378.0,1,1,72.0,True
Tomato,30.5,69.2,192.6,77.0,6.11,72.4,37.5,53.0,8.0,11.9,37.7,7,49.6,2110.6,14830.199999999999,162.9,0.791256830601093,39.800000000000004,347.2,1,1,68.0,True
Rice,32.0,53.2,112.4,38.4,6.48,44.3,41.8,49.5,7.4,14.8,20.2,6,76.4,1702.4,4316.16,135.6,0.4799566630552546,40.28,458.40000000000003,1,1,64.5,True
Tomato,18.9,65.3,85.0,59.6,6.7,39.0,15.6,55.1,8.0,13.5,43.9,2,20.0,1234.1699999999998,5066.0,109.7,0.5439330543933054,28.13,40.0,1,0,49.0,False
Groundnut,37.9,77.7,154.5,69.1,6.5,63.0,28.7,48.4,7.5,12.1,56.6,2,106.5,2944.83,10675.949999999999,140.1,0.8066581306017926,48.09,213.0,1,1,58.5,True
Maize,20.9,95.0,51.6,64.3,6.48,68.3,38.2,44.6,6.4,11.6,45.8,7,77.4,1985.4999999999998,3317.88,151.1,0.8150357995226729,32.72,541.8000000000001,0,1,52.5,False
Cotton,30.0,73.0,146.7,76.2,6.74,36.6,36.2,41.5,7.9,9.4,60.3,4,58.3,2190.0,11178.539999999999,114.30000000000001,0.4650571791613723,39.18,233.2,0,1,83.5,False
Maize,24.6,55.2,123.0,60.9,5.75,72.2,44.2,84.3,4.6,8.5,36.2,5,105.5,1357.92,7490.7,200.7,0.5575289575289576,31.82,527.5,0,1,63.5,False
Groundnut,17.6,62.8,66.9,34.0,6.51,26.8,27.4,5.0,6.5,10.6,40.5,3,100.8,1105.28,2274.6000000000004,59.2,0.8023952095808384,26.000000000000004,302.4,0,1,58.5,False
Soybean,26.3,78.4,227.9,90.0,6.86,69.2,8.8,15.8,7.5,15.6,38.8,4,154.8,2061.92,20511.0,93.8,2.703125,37.26,619.2,1,1,60.0,True
Maize,21.0,33.0,75.3,21.6,6.36,63.6,53.3,47.9,7.5,8.3,41.4,4,104.7,693.0,1626.48,164.8,0.6223091976516635,25.96,418.8,1,0,48.5,False
Wheat,34.8,69.7,35.2,52.0,6.83,39.9,31.1,60.4,6.9,11.0,44.3,1,77.8,2425.56,1830.4,131.4,0.43135135135135133,43.97,77.8,1,1,57.99999999999999,True
Soybean,30.1,62.3,241.8,90.0,7.16,51.0,32.8,41.9,6.5,11.2,61.0,6,123.2,1875.23,21762.0,125.69999999999999,0.6737120211360635,38.57,739.2,0,1,74.0,False
Cotton,22.7,89.8,23.8,37.9,6.18,73.8,20.9,56.1,6.5,20.5,41.8,7,155.5,2038.4599999999998,902.02,150.79999999999998,0.9461538461538461,35.78,1088.5,1,1,54.0,True
Rice,30.8,74.0,64.6,59.9,7.24,70.4,26.4,57.7,6.3,10.0,35.6,5,116.1,2279.2000000000003,3869.5399999999995,154.5,0.8272620446533491,40.2,580.5,1,1,51.0,True
Wheat,37.7,87.2,152.8,77.4,6.05,76.1,33.5,35.2,4.8,10.7,73.4,5,36.5,3287.4400000000005,11826.720000000001,144.8,1.0918220946915351,48.56,182.5,1,1,54.50000000000001,True
Groundnut,22.4,69.5,100.0,28.5,7.75,100.8,44.8,40.7,5.6,5.9,46.9,2,71.0,1556.8,2850.0,186.3,1.1653179190751444,30.529999999999998,142.0,0,0,49.0,True
Soybean,26.3,81.0,147.6,58.1,6.6,84.8,14.7,46.2,8.2,8.7,48.3,6,105.5,2130.3,8575.56,145.7,1.3699515347334408,36.14,633.0,1,1,62.0,True
Tomato,28.0,91.9,116.1,65.9,5.96,38.9,39.9,50.2,5.8,14.0,30.7,4,114.9,2573.2000000000003,7650.990000000001,129.0,0.4270032930845225,39.989999999999995,459.6,1,1,66.5,True
Soybean,32.0,54.3,160.7,78.6,6.46,48.1,36.1,40.1,4.2,12.8,46.2,4,89.1,1737.6,12631.019999999999,124.30000000000001,0.6230569948186528,39.99,356.4,0,1,73.5,False
Tomato,29.4,89.4,27.7,46.4,5.92,103.1,39.5,44.1,8.3,9.1,38.1,3,146.1,2628.36,1285.28,186.7,1.218676122931442,40.160000000000004,438.29999999999995,1,1,57.99999999999999,True
Maize,25.5,59.7,186.7,63.5,6.16,46.8,32.2,48.8,7.7,20.2,45.6,2,85.5,1522.3500000000001,11855.449999999999,127.8,0.5707317073170731,35.51,171.0,1,1,61.5,True
Rice,26.9,84.0,154.5,59.9,5.72,52.2,24.8,64.7,5.6,4.7,64.0,3,149.5,2259.6,9254.55,141.7,0.5767955801104973,36.239999999999995,448.5,1,1,67.5,True
Tomato,30.0,75.9,87.8,42.9,5.85,15.8,36.3,56.9,10.6,10.1,53.9,6,66.8,2277.0,3766.62,109.0,0.16772823779193208,39.61000000000001,400.79999999999995,0,1,64.0,False
Rice,27.0,68.4,90.7,58.9,5.45,45.6,45.8,40.2,5.8,11.6,19.4,7,116.2,1846.8000000000002,5342.2300000000005,131.60000000000002,0.5241379310344828,36.160000000000004,813.4,0,1,61.0,False
Soybean,28.2,41.2,122.1,67.0,7.39,52.3,43.9,5.0,5.6,4.7,27.9,4,156.8,1161.8400000000001,8180.7,101.19999999999999,1.0480961923847696,33.26,627.2,0,0,48.5,True
Groundnut,24.6,51.9,349.8,90.0,7.19,39.4,37.6,52.4,9.3,19.4,29.3,6,101.4,1276.74,31482.0,129.4,0.4329670329670329,33.67,608.4000000000001,0,1,75.5,False
Groundnut,32.7,50.2,80.7,26.5,6.2,79.8,5.0,42.5,9.6,15.3,36.3,7,20.0,1641.5400000000002,2138.55,127.3,1.645360824742268,40.78000000000001,140.0,0,0,42.0,True
Rice,28.8,89.4,177.0,72.6,6.02,22.4,25.3,37.2,10.3,14.0,31.2,2,49.1,2574.7200000000003,12850.199999999999,84.9,0.352755905511811,40.54,98.2,1,1,64.0,True
Cotton,20.9,87.5,71.6,52.0,5.81,56.8,39.7,80.6,6.5,15.2,36.9,6,135.9,1828.7499999999998,3723.2,177.1,0.4682605111294311,32.69,815.4000000000001,0,1,55.50000000000001,False
Soybean,19.4,77.3,350.0,90.0,7.58,99.0,62.0,35.5,8.4,23.0,39.3,6,52.9,1499.62,31500.0,196.5,1.0050761421319796,31.729999999999997,317.4,1,1,67.0,True
Cotton,30.0,83.1,197.3,79.3,7.34,92.3,38.7,47.3,5.3,7.3,46.8,3,91.8,2493.0,15645.890000000001,178.3,1.060919540229885,39.77,275.4,0,1,73.5,False
Soybean,15.5,81.9,268.8,90.0,6.44,46.2,20.7,43.9,6.0,20.3,28.1,3,39.4,1269.45,24192.0,110.80000000000001,0.7042682926829269,27.75,118.19999999999999,1,1,62.5,True
Soybean,33.5,58.0,149.1,65.2,7.18,81.8,42.8,50.7,8.0,13.7,41.1,1,76.5,1943.0,9721.32,175.3,0.8656084656084656,42.04,76.5,0,1,62.5,False
Cotton,26.1,53.2,106.1,33.8,6.57,76.2,61.3,46.4,5.5,19.1,22.3,1,167.4,1388.5200000000002,3586.1799999999994,183.9,0.7010119595216192,35.24,167.4,0,0,42.5,True
Tomato,33.1,67.4,14.8,24.7,6.55,64.4,55.9,41.2,7.8,25.7,43.2,1,148.4,2230.9400000000005,365.56,161.5,0.6564729867482162,44.980000000000004,148.4,0,1,55.00000000000001,False
Wheat,23.6,68.9,80.6,46.8,6.61,55.8,5.0,28.3,6.9,6.6,47.1,6,128.7,1626.0400000000002,3772.0799999999995,89.1,1.6268221574344024,31.810000000000002,772.1999999999999,1,1,53.0,True
Wheat,35.9,86.0,223.6,90.0,7.14,55.0,29.0,22.1,4.2,13.6,46.4,7,114.9,3087.4,20124.0,106.1,1.055662188099808,47.22,804.3000000000001,1,1,67.5,True
Tomato,29.3,75.4,143.5,70.5,5.83,47.2,35.9,53.2,6.9,1.9,48.5,4,90.3,2209.2200000000003,10116.75,136.3,0.5238623751387348,37.220000000000006,361.2,0,1,53.5,False
Maize,31.6,44.8,260.7,90.0,7.22,44.5,37.8,65.6,3.9,12.5,22.4,4,111.3,1415.68,23463.0,147.89999999999998,0.4262452107279694,38.58,445.2,0,1,54.50000000000001,False
Rice,27.3,58.9,150.2,57.6,6.49,61.5,27.0,60.8,7.6,20.2,15.3,4,98.7,1607.97,8651.52,149.3,0.6925675675675675,37.23,394.8,0,1,55.00000000000001,False
Wheat,31.3,87.3,37.2,51.4,7.2,34.9,21.3,37.8,4.6,12.9,57.5,2,91.2,2732.49,1912.0800000000002,94.0,0.5806988352745425,42.61,182.4,0,1,55.00000000000001,False
Rice,34.3,62.1,21.7,15.6,7.61,65.9,33.7,46.8,4.7,6.0,34.3,2,116.0,2130.0299999999997,338.52,146.4,0.8085889570552148,41.71,232.0,0,1,60.0,False
Soybean,30.3,53.9,57.8,37.5,6.46,74.3,36.5,56.3,6.6,12.0,41.9,4,77.5,1633.17,2167.5,167.1,0.7921108742004265,38.089999999999996,310.0,1,0,37.5,False
Tomato,25.7,70.6,209.4,84.6,6.95,74.2,47.1,73.2,4.4,11.1,42.6,1,116.4,1814.4199999999998,17715.239999999998,194.5,0.6117065127782357,34.98,116.4,1,1,63.0,True
Groundnut,23.5,55.7,202.8,70.0,6.12,97.6,29.4,36.2,6.9,14.5,45.6,5,160.2,1308.95,14196.0,163.2,1.4654654654654655,31.97,801.0,0,1,64.5,False
Tomato,21.4,66.0,65.6,41.4,7.19,33.2,8.9,38.9,6.1,17.0,34.5,1,81.1,1412.3999999999999,2715.8399999999997,81.0,0.6803278688524591,31.4,81.1,0,1,51.0,False
Maize,21.8,43.7,288.8,90.0,6.9,40.2,27.4,56.3,7.8,11.9,9.9,2,117.6,952.6600000000001,25992.0,123.89999999999999,0.4746162927981111,28.55,235.2,0,1,65.5,False
Wheat,27.9,43.3,144.9,54.5,5.79,92.3,55.8,63.8,7.1,9.4,13.8,4,101.0,1208.07,7897.05,211.89999999999998,0.7653399668325042,34.11,404.0,1,1,54.0,True
Groundnut,31.3,64.3,156.9,88.0,6.58,56.5,40.5,42.6,5.9,20.9,39.1,4,154.0,2012.59,13807.2,139.6,0.6718192627824019,41.910000000000004,616.0,1,1,61.0,True
Soybean,27.2,42.4,256.6,90.0,6.75,101.8,31.4,35.8,5.7,15.1,36.0,6,57.4,1153.28,23094.000000000004,169.0,1.49266862170088,34.46,344.4,0,1,61.5,False
Groundnut,18.9,46.9,51.5,26.1,6.09,59.8,16.1,69.8,7.4,14.7,64.6,1,74.9,886.4099999999999,1344.15,145.7,0.6881472957422323,26.529999999999998,74.9,1,1,55.00000000000001,True
Tomato,22.4,65.3,305.8,90.0,6.15,66.4,23.4,57.5,7.3,11.2,35.4,3,64.1,1462.7199999999998,27522.0,147.3,0.8107448107448108,31.169999999999998,192.29999999999998,0,1,68.0,False
Groundnut,28.8,53.1,89.4,26.8,7.13,31.3,51.4,35.7,7.1,13.7,54.0,4,121.2,1529.28,2395.92,118.4,0.35527809307604996,36.85,484.8,0,1,57.49999999999999,False
Cotton,26.0,76.3,180.1,67.7,6.81,76.0,52.8,40.3,4.2,1.9,73.6,2,63.8,1983.8,12192.77,169.10000000000002,0.8076514346439958,34.010000000000005,127.6,1,1,61.0,True
Rice,26.7,48.9,182.8,44.2,7.05,31.9,33.8,19.6,7.9,17.4,23.1,5,60.7,1305.6299999999999,8079.760000000001,85.29999999999998,0.5863970588235294,35.07,303.5,1,1,52.0,True
Groundnut,26.4,55.0,116.0,67.2,6.48,40.3,20.9,82.3,9.1,7.1,29.7,5,128.1,1452.0,7795.200000000001,143.5,0.3867562380038388,33.32,640.5,1,1,63.0,True
Wheat,24.4,75.1,110.6,41.5,5.83,51.9,42.7,38.0,7.7,8.5,33.1,1,70.2,1832.4399999999998,4589.9,132.6,0.635250917992656,33.61,70.2,1,1,57.49999999999999,True
Maize,25.6,71.0,88.6,59.1,6.68,83.9,26.6,30.8,8.3,6.9,33.3,4,118.7,1817.6000000000001,5236.26,141.3,1.4366438356164384,34.080000000000005,474.8,1,0,41.0,False
Soybean,28.5,67.7,143.4,56.3,6.86,88.9,57.8,21.3,8.8,9.1,72.0,7,78.9,1929.45,8073.42,168.0,1.1098626716604245,37.09,552.3000000000001,1,1,53.5,True
Rice,33.6,63.2,180.1,77.8,6.6,75.3,57.2,45.8,4.9,16.4,38.5,4,115.3,2123.52,14011.779999999999,178.3,0.7240384615384615,43.2,461.2,0,1,62.0,False
Rice,35.8,48.2,76.4,21.4,6.31,81.2,41.3,69.8,6.7,13.1,24.5,2,85.2,1725.56,1634.96,192.3,0.7243532560214095,43.239999999999995,170.4,0,1,51.5,False
Tomato,23.6,47.8,350.0,90.0,6.49,45.2,41.9,53.2,8.0,9.3,28.9,7,117.4,1128.08,31500.0,140.3,0.47034339229968786,30.240000000000002,821.8000000000001,1,1,67.0,True
Rice,30.8,53.6,212.5,84.6,6.27,52.5,16.7,34.8,5.1,11.2,41.7,7,62.5,1650.88,17977.5,104.0,1.0,38.400000000000006,437.5,0,1,68.0,False
Soybean,28.0,83.0,295.4,90.0,6.23,72.5,54.6,43.0,6.0,10.3,37.5,1,106.8,2324.0,26585.999999999996,170.1,0.7352941176470589,38.36,106.8,1,1,73.5,True
Tomato,27.2,90.9,57.4,32.8,6.31,32.6,41.9,46.7,5.3,10.1,24.9,4,61.2,2472.48,1882.7199999999998,121.2,0.36383928571428575,38.31,244.8,0,0,42.5,True
Tomato,26.2,64.2,13.7,39.2,7.23,101.0,14.5,31.1,8.9,5.9,27.3,1,114.3,1682.04,537.04,146.6,2.167381974248927,33.8,114.3,1,1,59.5,True
Groundnut,29.8,74.2,167.4,57.8,6.53,58.2,67.0,47.4,5.2,15.5,21.9,5,116.2,2211.1600000000003,9675.72,172.6,0.5043327556325823,40.32,581.0,1,1,56.99999999999999,True
Rice,23.3,69.4,113.1,48.0,6.58,22.7,50.6,31.2,7.0,12.5,39.3,7,71.2,1617.0200000000002,5428.799999999999,104.5,0.2741545893719807,32.74,498.40000000000003,1,0,48.5,False
Rice,27.4,85.5,44.5,26.4,6.88,61.6,32.9,43.4,7.3,15.0,62.2,4,70.8,2342.7,1174.8,137.9,0.7968952134540751,38.95,283.2,0,1,52.5,False
Maize,25.3,62.0,210.0,90.0,7.03,71.0,37.8,23.6,5.2,12.4,37.2,2,110.3,1568.6000000000001,18900.0,132.4,1.1378205128205128,33.98,220.6,0,1,72.0,False
Soybean,26.5,72.8,152.6,60.3,6.2,71.0,55.0,84.6,8.4,10.8,46.8,4,51.5,1929.1999999999998,9201.779999999999,210.6,0.5049786628733998,35.94,206.0,0,1,62.0,False
Groundnut,15.9,72.1,68.6,40.2,6.39,10.0,18.4,46.1,7.0,5.3,43.2,5,58.7,1146.3899999999999,2757.72,74.5,0.15267175572519084,24.169999999999998,293.5,0,0,46.5,True
Wheat,22.4,72.0,57.2,32.9,5.77,34.3,30.4,36.6,5.6,17.8,42.6,5,75.5,1612.8,1881.88,101.29999999999998,0.5044117647058823,33.16,377.5,0,0,39.5,True
Rice,23.9,70.9,114.9,56.8,6.97,64.2,59.6,50.7,6.9,16.2,36.3,7,52.9,1694.51,6526.32,174.5,0.5768194070080862,34.23,370.3,1,0,49.5,False
Cotton,28.3,86.7,102.4,58.0,6.9,74.2,25.8,18.7,5.7,19.3,49.8,6,67.5,2453.61,5939.200000000001,118.7,1.6307692307692307,40.83,405.0,1,1,53.0,True
Rice,24.0,95.0,131.0,67.8,6.73,66.4,27.5,78.5,4.4,15.9,54.2,1,87.9,2280.0,8881.8,172.4,0.6205607476635514,36.68,87.9,0,1,54.50000000000001,False
Soybean,23.2,63.9,134.8,66.2,6.76,17.7,11.1,42.7,7.7,11.6,21.7,5,104.0,1482.48,8923.760000000002,71.5,0.322992700729927,31.91,520.0,1,0,47.5,False
Soybean,25.6,93.3,119.7,77.7,5.77,62.7,15.4,23.2,5.7,13.6,49.3,2,97.2,2388.48,9300.69,101.30000000000001,1.5833333333333333,37.65,194.4,0,1,76.5,False
Rice,28.9,51.3,100.4,65.6,5.94,96.5,44.1,26.9,4.8,12.5,40.9,3,152.7,1482.57,6586.24,167.5,1.3402777777777777,36.53,458.09999999999997,0,1,63.0,False
Rice,30.4,66.1,172.5,69.4,7.09,42.1,37.4,64.5,7.1,15.9,52.4,1,93.9,2009.4399999999998,11971.500000000002,144.0,0.40913508260447035,40.19,93.9,1,1,56.00000000000001,True
Maize,26.6,42.5,67.0,46.4,6.66,43.4,37.5,46.7,8.5,13.3,21.7,3,81.6,1130.5,3108.7999999999997,127.60000000000001,0.5093896713615023,33.510000000000005,244.79999999999998,0,1,50.5,False
Rice,38.4,72.2,170.8,76.8,5.71,59.5,31.7,38.6,7.0,13.9,41.8,3,100.0,2772.48,13117.44,129.8,0.8345021037868163,48.4,300.0,1,1,56.49999999999999,True
Groundnut,20.6,78.7,168.9,65.0,6.84,48.0,43.9,21.9,7.4,8.0,27.2,2,74.9,1621.2200000000003,10978.5,113.80000000000001,0.718562874251497,30.070000000000004,149.8,1,1,54.0,True
Tomato,27.3,68.3,138.1,68.4,6.39,22.4,31.6,73.3,6.8,7.1,49.6,2,73.9,1864.59,9446.04,127.3,0.21152030217186021,35.550000000000004,147.8,1,1,74.0,True
Tomato,31.9,56.5,113.0,56.1,6.55,38.6,40.6,17.0,3.0,18.7,58.5,6,100.4,1802.35,6339.3,96.2,0.658703071672355,41.29,602.4000000000001,0,1,51.0,False
Tomato,27.2,82.9,241.5,90.0,6.57,48.5,20.5,41.1,6.0,14.8,47.1,4,105.1,2254.88,21735.0,110.1,0.7747603833865815,38.45,420.4,1,1,70.0,True
Cotton,23.5,64.4,155.8,87.3,5.19,46.0,43.2,43.8,6.5,13.9,37.4,6,110.6,1513.4,13601.34,133.0,0.5227272727272727,32.72,663.5999999999999,0,1,61.0,False
Wheat,27.7,72.6,90.4,44.8,6.1,10.0,22.3,62.1,11.0,2.8,70.5,3,145.5,2011.0199999999998,4049.92,94.4,0.11709601873536299,35.52,436.5,0,1,56.99999999999999,False
Rice,18.8,66.8,134.7,46.8,5.39,79.3,27.8,32.3,6.4,11.0,48.5,7,95.6,1255.84,6303.959999999999,139.39999999999998,1.297872340425532,27.68,669.1999999999999,1,1,56.49999999999999,True
Maize,23.0,69.5,50.1,15.0,6.81,61.0,26.1,44.9,5.1,5.4,26.0,1,114.8,1598.5,751.5,132.0,0.8472222222222222,31.03,114.8,0,1,51.0,False
Groundnut,29.0,82.4,51.4,65.3,6.08,42.1,57.3,41.2,5.9,20.2,41.9,6,54.9,2389.6000000000004,3356.4199999999996,140.60000000000002,0.42311557788944726,41.28,329.4,0,1,53.5,False
Rice,29.3,48.9,114.9,58.0,6.08,59.4,26.7,30.9,7.4,9.1,44.7,3,108.7,1432.77,6664.200000000001,117.0,1.0136518771331058,36.01,326.1,1,1,58.5,True
Wheat,24.2,61.3,99.2,42.5,5.64,66.5,56.3,39.8,7.4,12.4,18.9,6,96.6,1483.4599999999998,4216.0,162.6,0.6848609680741504,32.809999999999995,579.5999999999999,0,0,41.5,True
Cotton,23.3,66.8,74.6,57.9,6.17,71.1,34.2,57.3,9.2,10.9,32.1,1,127.2,1556.44,4319.339999999999,162.6,0.7686486486486486,32.160000000000004,127.2,0,1,51.0,False
Tomato,28.0,73.9,76.8,56.6,6.6,82.6,42.5,67.2,8.9,9.5,23.1,7,139.6,2069.2000000000003,4346.88,192.3,0.7461607949412826,37.29,977.1999999999999,0,0,49.0,True
Rice,32.7,65.0,115.3,61.8,7.77,70.7,48.0,61.3,9.8,15.1,38.7,3,81.6,2125.5,7125.539999999999,180.0,0.6409791477787852,42.220000000000006,244.79999999999998,1,1,56.99999999999999,True
Cotton,24.3,43.3,131.6,67.8,7.0,15.3,70.7,43.1,7.0,17.4,33.8,7,101.5,1052.19,8922.48,129.1,0.1332752613240418,32.11,710.5,1,1,58.5,True
Maize,25.2,46.5,100.5,55.9,6.34,57.6,31.5,38.3,5.6,11.8,37.7,6,70.9,1171.8,5617.95,127.39999999999999,0.8135593220338984,32.21,425.40000000000003,1,1,52.0,True
Maize,24.8,52.3,198.0,69.3,6.48,45.7,26.2,59.4,9.6,4.3,19.4,5,120.7,1297.04,13721.4,131.3,0.5277136258660509,30.89,603.5,1,1,56.49999999999999,True
Tomato,31.8,40.2,193.5,51.6,6.47,50.6,16.6,41.2,7.2,9.7,26.9,1,76.3,1278.3600000000001,9984.6,108.4,0.8605442176870748,37.76,76.3,1,0,48.0,False
Soybean,29.1,95.0,86.2,56.3,6.59,75.5,29.5,39.0,7.5,16.0,74.3,6,72.6,2764.5,4853.0599999999995,144.0,1.0863309352517985,41.800000000000004,435.59999999999997,1,1,67.5,True
Tomato,19.4,64.4,171.5,75.5,6.78,35.7,42.5,17.4,7.9,9.9,37.5,3,70.4,1249.3600000000001,12948.25,95.6,0.5862068965517242,27.82,211.20000000000002,0,1,65.5,False
Groundnut,28.3,47.9,60.9,43.4,6.39,23.7,35.7,38.9,7.4,2.3,25.2,7,110.1,1355.57,2643.06,98.30000000000001,0.3134920634920635,33.550000000000004,770.6999999999999,1,0,50.0,False
Maize,30.2,57.4,122.4,62.0,6.71,60.4,43.4,45.7,6.4,7.2,19.8,7,58.5,1733.48,7588.8,149.5,0.6703662597114318,37.379999999999995,409.5,1,1,52.5,True
Rice,26.6,87.2,105.5,47.9,5.55,53.3,62.2,53.9,8.0,16.0,24.6,5,103.5,2319.52,5053.45,169.4,0.4551665243381725,38.52,517.5,0,1,59.0,False
Maize,26.9,78.7,170.4,73.4,6.79,55.5,44.3,63.1,8.4,7.7,37.5,5,93.4,2117.0299999999997,12507.36,162.9,0.5119926199261993,36.309999999999995,467.0,1,1,56.99999999999999,True
Tomato,21.3,48.3,22.3,18.5,6.08,88.3,46.1,43.3,9.0,6.3,44.2,2,58.4,1028.79,412.55,177.7,0.9767699115044247,27.390000000000004,116.8,1,0,42.5,False
Tomato,21.7,60.1,147.9,61.2,7.32,69.4,46.4,59.3,9.0,5.1,29.5,7,156.8,1304.17,9051.480000000001,175.10000000000002,0.6504217432052485,28.73,1097.6000000000001,1,1,61.5,True
Groundnut,25.8,75.8,297.7,90.0,6.6,40.3,26.6,48.0,5.4,8.1,34.7,2,39.1,1955.6399999999999,26793.0,114.9,0.533068783068783,35.0,78.2,1,1,73.0,True
Tomato,23.4,92.1,109.2,66.9,7.12,100.6,11.2,34.2,5.0,12.2,29.3,1,97.0,2155.14,7305.4800000000005,146.0,2.1681034482758617,35.05,97.0,1,0,49.5,False
Tomato,20.1,52.8,113.3,60.1,6.2,10.0,37.1,37.5,7.8,11.2,28.1,2,91.5,1061.28,6809.33,84.6,0.1322751322751323,27.62,183.0,1,0,47.5,False
Groundnut,19.8,77.4,287.3,90.0,6.6,31.3,60.8,42.2,6.2,6.8,54.5,6,59.1,1532.5200000000002,25857.0,134.3,0.30096153846153845,28.9,354.6,1,1,67.0,True
Maize,26.2,65.9,237.2,68.8,6.51,56.3,58.1,38.5,6.9,13.9,38.4,4,172.6,1726.5800000000002,16319.359999999999,152.9,0.576844262295082,35.57,690.4,0,1,73.5,False
Rice,34.4,79.8,69.3,48.5,6.27,71.4,52.8,56.9,9.9,9.0,42.0,7,104.7,2745.12,3361.0499999999997,181.1,0.6449864498644987,44.17999999999999,732.9,1,1,53.5,True
Cotton,22.9,46.3,228.1,84.8,6.69,58.9,38.5,50.6,11.0,12.8,39.5,3,72.4,1060.27,19342.879999999997,148.0,0.6537180910099889,30.089999999999996,217.20000000000002,1,1,64.0,True
Groundnut,32.5,77.1,189.4,82.9,6.85,70.5,29.5,29.2,5.6,11.5,35.4,2,58.6,2505.75,15701.260000000002,129.2,1.1809045226130652,42.51,117.2,1,1,71.5,True
Maize,24.7,70.6,180.5,85.7,6.69,90.7,12.7,35.8,5.5,5.9,41.9,6,70.3,1743.8199999999997,15468.85,139.2,1.8323232323232324,32.94,421.79999999999995,1,1,71.0,True
Cotton,31.6,61.1,73.4,68.4,7.15,59.2,39.5,62.1,6.9,21.4,39.9,3,61.3,1930.7600000000002,5020.56,160.8,0.5769980506822613,41.99,183.89999999999998,0,1,63.5,False
Wheat,30.3,68.5,97.4,37.4,6.59,58.6,28.7,51.5,9.5,15.3,45.4,5,78.0,2075.55,3642.76,138.8,0.7216748768472906,40.21,390.0,1,1,53.5,True
Tomato,28.0,94.4,204.6,86.5,6.38,56.7,39.1,25.1,9.1,17.2,67.4,5,62.7,2643.2000000000003,17697.899999999998,120.9,0.8696319018404908,40.879999999999995,313.5,0,1,72.5,False
Soybean,31.9,61.3,66.8,36.5,6.39,80.8,17.6,46.4,9.6,11.5,34.4,2,56.9,1955.4699999999998,2438.2,144.8,1.243076923076923,40.33,113.8,1,1,50.5,True
Tomato,32.2,67.5,174.8,75.0,7.4,48.2,5.0,56.7,5.6,11.4,33.2,3,40.3,2173.5,13110.0,109.9,0.7687400318979266,41.230000000000004,120.89999999999999,0,1,75.0,False
Tomato,24.4,84.8,206.3,90.0,6.56,37.7,5.0,47.8,5.0,15.1,68.2,6,103.3,2069.12,18567.0,90.5,0.7007434944237919,35.9,619.8,0,1,61.5,False
Wheat,36.1,57.9,129.7,72.9,7.04,48.8,37.1,54.1,9.9,10.2,43.5,1,67.9,2090.19,9455.13,140.0,0.5292841648590021,43.93,67.9,1,1,60.0,True
Rice,27.4,36.9,93.6,23.5,7.37,64.0,51.7,19.1,9.1,5.7,25.7,3,56.3,1011.06,2199.6,134.8,0.8913649025069637,32.23,168.89999999999998,0,0,40.0,True
Tomato,32.9,94.8,45.3,51.2,5.08,39.4,50.8,67.9,8.7,14.0,52.2,1,84.5,3118.9199999999996,2319.36,158.1,0.329156223893066,45.17999999999999,84.5,1,1,54.0,True
Maize,17.5,83.0,87.3,44.0,7.2,98.9,56.0,43.6,8.7,18.6,41.7,6,41.8,1452.5,3841.2,198.5,0.9831013916500995,29.52,250.79999999999998,1,0,47.0,False
Rice,28.2,65.1,109.7,34.2,6.57,55.4,31.4,53.0,3.8,11.2,33.4,5,20.0,1835.8199999999997,3751.7400000000002,139.8,0.648711943793911,36.95,100.0,1,1,51.0,True
Rice,31.1,81.4,325.2,90.0,6.67,67.7,26.7,58.5,3.4,13.0,46.7,2,93.1,2531.5400000000004,29268.0,152.9,0.7853828306264501,41.84,186.2,1,1,68.5,True
Maize,30.8,79.4,350.0,90.0,5.82,69.6,34.2,53.1,6.2,14.5,48.7,2,77.0,2445.5200000000004,31500.0,156.9,0.7882219705549263,41.64,154.0,0,1,72.5,False
Tomato,24.4,68.6,95.7,55.4,7.01,62.2,50.1,48.5,7.2,10.7,41.7,3,85.5,1673.8399999999997,5301.78,160.8,0.6244979919678716,33.4,256.5,1,1,56.99999999999999,True
Soybean,34.3,59.7,76.0,55.4,6.18,58.2,24.2,46.6,10.2,10.8,42.3,7,49.0,2047.71,4210.4,129.0,0.8105849582172703,42.42999999999999,343.0,0,1,59.0,False
Groundnut,27.2,95.0,215.7,90.0,6.47,89.0,36.4,62.4,8.0,5.6,42.9,3,141.9,2584.0,19413.0,187.8,0.8917835671342685,37.82,425.70000000000005,0,1,71.0,False
Rice,27.8,73.8,244.9,90.0,6.74,64.6,22.1,50.7,6.8,11.1,27.1,6,45.3,2051.64,22041.0,137.39999999999998,0.8753387533875336,37.4,271.79999999999995,0,1,57.99999999999999,False
Soybean,20.4,78.9,57.9,51.8,6.5,64.1,46.9,41.9,5.9,15.5,50.6,6,121.0,1609.56,2999.22,152.9,0.7138084632516704,31.39,726.0,1,1,56.49999999999999,True
Rice,21.4,48.5,11.3,19.0,6.27,57.5,40.9,57.4,5.4,8.6,4.6,6,24.0,1037.8999999999999,214.70000000000002,155.8,0.5790533736153072,27.97,144.0,0,0,30.5,True
Rice,30.5,63.1,57.2,53.4,5.77,34.7,51.1,56.4,7.9,22.6,47.8,2,30.2,1924.55,3054.48,142.20000000000002,0.319815668202765,41.330000000000005,60.4,0,0,45.0,True
Rice,22.8,70.6,57.5,37.7,5.79,33.8,24.7,72.2,6.3,2.7,47.2,4,124.6,1609.6799999999998,2167.75,130.7,0.3452502553626149,30.4,498.4,0,0,43.5,True
Rice,25.7,65.9,127.5,60.5,6.53,63.1,25.4,52.7,8.3,16.5,35.2,7,122.6,1693.63,7713.75,141.2,0.7977243994943111,35.589999999999996,858.1999999999999,1,1,50.5,True
Tomato,32.8,59.9,120.9,57.2,6.3,54.5,49.6,54.4,7.7,23.6,52.6,6,171.4,1964.7199999999998,6915.4800000000005,158.5,0.5190476190476191,43.51,1028.4,1,1,59.5,True
Cotton,32.1,58.7,81.8,47.0,6.13,58.5,32.0,61.3,5.7,16.5,54.2,3,106.2,1884.2700000000002,3844.6,151.8,0.6203605514316013,41.269999999999996,318.6,0,0,44.0,True
Soybean,29.1,72.2,228.1,81.5,6.26,36.6,55.6,17.8,6.8,12.9,26.6,2,68.3,2101.02,18590.149999999998,110.0,0.49193548387096775,38.9,136.6,1,1,69.0,True
Rice,25.3,62.3,102.0,59.7,6.55,34.1,37.1,64.4,7.9,19.3,42.0,5,111.2,1576.19,6089.400000000001,135.60000000000002,0.3326829268292683,35.39,556.0,0,1,56.99999999999999,False
Maize,21.3,77.3,36.9,48.1,6.18,56.7,42.1,40.0,8.2,16.0,42.6,4,108.6,1646.49,1774.8899999999999,138.8,0.6823104693140795,32.230000000000004,434.4,1,1,51.5,True
Tomato,28.3,50.7,72.1,44.1,6.62,35.8,7.8,67.3,6.6,15.7,40.2,2,82.0,1434.8100000000002,3179.6099999999997,110.89999999999999,0.4704336399474376,36.510000000000005,164.0,0,1,55.00000000000001,False
Cotton,34.8,74.7,53.0,37.0,6.96,70.1,20.5,51.8,6.2,13.6,34.2,3,22.7,2599.56,1961.0,142.39999999999998,0.9563437926330149,44.989999999999995,68.1,0,0,47.0,True
Rice,30.7,93.5,79.4,64.4,6.66,26.6,33.5,68.8,8.5,13.7,41.0,4,99.7,2870.45,5113.360000000001,128.9,0.2575024201355276,42.79,398.8,1,1,66.5,True
Wheat,29.5,57.2,125.8,51.0,5.97,59.5,19.6,37.7,6.1,15.3,46.0,2,105.8,1687.4,6415.8,116.8,1.020583190394511,38.28,211.6,0,1,54.50000000000001,False
Tomato,20.0,82.2,169.3,88.4,6.2,30.9,46.6,46.6,8.2,7.3,56.3,1,166.0,1644.0,14966.120000000003,124.1,0.32802547770700635,29.68,166.0,1,1,70.0,True
Groundnut,30.0,65.5,132.4,66.7,6.6,52.5,58.7,65.6,6.8,10.3,30.1,1,97.1,1965.0,8831.08,176.8,0.41899441340782123,38.61,97.1,1,1,59.0,True
Maize,21.9,79.7,54.9,46.3,6.96,48.9,38.8,44.8,4.4,8.9,24.6,7,113.7,1745.4299999999998,2541.87,132.5,0.5780141843971631,31.65,795.9,1,1,56.00000000000001,True
Groundnut,24.7,80.8,112.1,54.6,6.81,49.8,20.6,28.0,7.9,13.1,41.5,2,100.9,1995.7599999999998,6120.66,98.4,1.004032258064516,35.4,201.8,0,1,55.50000000000001,False
Wheat,27.9,74.1,84.5,54.5,5.71,20.6,38.6,49.5,4.6,12.7,27.0,5,89.3,2067.39,4605.25,108.7,0.23120089786756456,37.849999999999994,446.5,0,1,63.0,False
Maize,28.5,78.1,270.9,90.0,6.57,43.9,36.8,34.4,7.5,8.7,25.8,3,92.1,2225.85,24380.999999999996,115.1,0.60803324099723,38.050000000000004,276.29999999999995,1,1,60.5,True
Maize,22.6,95.0,138.7,83.1,5.72,40.8,12.7,57.0,5.8,13.2,44.6,7,94.8,2147.0,11525.969999999998,110.5,0.577086280056577,34.74,663.6,1,1,68.0,True
Maize,35.0,53.0,145.2,63.8,6.77,52.9,58.8,33.3,3.5,1.5,41.3,4,20.0,1855.0,9263.759999999998,145.0,0.5682062298603652,40.599999999999994,80.0,0,1,59.0,False
Maize,31.9,57.2,52.3,29.8,6.92,35.7,24.6,73.7,9.4,16.9,36.0,4,77.9,1824.68,1558.54,134.0,0.3595166163141994,41.0,311.6,0,0,48.5,True
Cotton,29.6,78.3,54.2,63.7,5.6,70.2,16.0,43.4,7.8,13.0,34.6,5,68.9,2317.68,3452.5400000000004,129.6,1.1622516556291391,40.03,344.5,0,1,54.50000000000001,False
Cotton,21.2,77.4,230.4,89.1,5.68,55.1,45.5,60.9,7.8,12.2,41.6,1,94.3,1640.88,20528.64,161.5,0.5130353817504655,31.38,94.3,0,1,63.5,False
Groundnut,28.6,40.3,31.9,22.4,5.68,41.0,41.5,52.4,5.5,13.6,21.6,2,99.0,1152.58,714.56,134.9,0.4320337197049526,35.35,198.0,0,0,33.0,True
Groundnut,29.8,64.5,116.2,46.6,6.69,17.3,40.4,40.6,4.6,15.8,47.2,6,108.7,1922.1000000000001,5414.92,98.30000000000001,0.21097560975609758,39.41,652.2,1,0,47.5,False
Cotton,33.0,66.3,255.6,90.0,6.07,58.4,62.9,46.8,5.6,18.1,53.5,5,127.2,2187.9,23004.0,168.1,0.5275519421860886,43.25,636.0,1,1,79.5,True
Wheat,25.8,68.8,201.8,90.0,6.22,46.9,50.9,63.9,5.6,17.1,24.5,7,48.0,1775.04,18162.0,161.7,0.40500863557858374,36.1,336.0,1,1,66.0,True
Cotton,27.2,67.3,31.3,35.5,6.89,42.7,25.9,30.8,8.8,1.7,42.3,1,77.7,1830.56,1111.15,99.39999999999999,0.7400346620450606,34.27,77.7,0,1,55.00000000000001,False
Wheat,25.2,81.8,131.0,82.4,5.65,37.9,36.5,47.6,6.9,18.9,34.0,5,88.7,2061.3599999999997,10794.400000000001,122.0,0.44535840188014103,37.16,443.5,1,1,67.0,True
Rice,30.5,81.3,109.3,63.1,5.45,49.7,31.9,48.7,7.5,13.4,55.7,1,94.5,2479.65,6896.83,130.3,0.6090686274509804,41.309999999999995,94.5,1,1,68.5,True
Rice,31.0,68.0,154.6,90.0,6.74,69.9,28.3,63.2,7.5,6.9,29.6,7,126.0,2108.0,13914.0,161.4,0.7556756756756757,39.18,882.0,1,1,61.0,True
Wheat,23.7,85.3,131.7,57.7,6.34,54.0,34.5,29.4,9.4,7.2,59.0,6,74.8,2021.61,7599.09,117.9,0.8320493066255777,33.669999999999995,448.79999999999995,1,1,62.0,True
Maize,28.8,32.8,51.1,25.6,5.97,68.0,37.6,44.7,7.1,14.6,18.3,7,81.4,944.64,1308.16,150.3,0.8163265306122448,35.0,569.8000000000001,1,0,28.000000000000004,False
Rice,17.8,59.1,63.3,35.0,6.92,41.8,36.5,41.3,6.9,8.9,41.8,7,176.3,1051.98,2215.5,119.6,0.5304568527918782,25.490000000000002,1234.1000000000001,1,0,39.5,False
Rice,30.5,94.5,135.8,90.0,5.69,71.6,33.0,74.0,5.9,3.5,68.9,7,62.4,2882.25,12222.000000000002,178.6,0.6629629629629629,40.650000000000006,436.8,1,1,64.5,True
Groundnut,25.6,68.6,107.6,46.3,6.32,44.4,27.6,21.5,6.6,12.9,42.6,6,151.6,1756.1599999999999,4981.879999999999,93.5,0.8862275449101796,35.04,909.5999999999999,1,1,54.50000000000001,True
Rice,23.6,87.5,239.9,89.0,6.59,40.4,5.0,29.6,9.1,9.1,46.0,4,83.8,2065.0,21351.100000000002,75.0,1.1348314606741572,34.17,335.2,0,1,68.0,False
Rice,22.4,53.8,350.0,90.0,5.52,25.3,61.1,6.3,9.3,9.0,26.6,4,71.0,1205.12,31500.0,92.7,0.3698830409356725,29.58,284.0,1,1,66.0,True
Tomato,27.1,76.5,97.2,43.4,6.74,71.4,14.1,31.4,8.6,10.3,57.4,1,113.2,2073.15,4218.48,116.9,1.535483870967742,36.81,113.2,1,1,51.0,True
Maize,27.5,61.7,192.8,75.8,7.4,50.0,61.5,5.1,6.0,9.6,53.3,2,79.3,1696.75,14614.24,116.6,0.7396449704142013,35.59,158.6,1,1,71.0,True
Maize,18.5,94.9,190.3,90.0,5.78,69.9,39.2,32.1,5.9,21.0,37.8,4,20.0,1755.65,17127.0,141.20000000000002,0.9668049792531119,32.190000000000005,80.0,1,1,55.00000000000001,True
Cotton,30.7,57.6,75.9,41.3,7.23,47.5,21.5,27.8,8.8,13.8,23.7,2,135.9,1768.32,3134.67,96.8,0.9443339960238569,39.22,271.8,0,1,54.0,False
Groundnut,15.0,46.8,225.0,90.0,7.05,27.8,33.7,39.8,8.0,13.5,21.5,7,129.6,702.0,20250.0,101.3,0.3731543624161074,22.38,907.1999999999999,1,1,69.5,True
Wheat,32.8,73.3,95.2,44.6,8.0,33.0,29.7,41.2,8.9,20.8,38.2,1,20.0,2404.24,4245.92,103.9,0.45897079276773295,44.28999999999999,20.0,0,1,58.5,False
Cotton,24.6,81.2,162.0,75.6,7.54,43.5,26.9,56.3,4.9,3.3,64.7,4,154.4,1997.5200000000002,12247.199999999999,126.7,0.5166270783847982,33.379999999999995,617.6,1,1,68.5,True
Groundnut,32.2,73.5,320.8,90.0,6.43,41.5,15.7,49.6,7.4,11.6,31.3,1,130.7,2366.7000000000003,28872.0,106.80000000000001,0.6259426847662142,41.870000000000005,130.7,1,1,76.0,True
Wheat,27.9,81.3,186.2,79.0,5.97,30.9,67.1,32.4,8.1,5.4,20.8,2,145.2,2268.27,14709.8,130.4,0.3074626865671642,37.11,290.4,1,1,63.5,True
Wheat,21.2,82.9,190.4,83.7,6.53,83.7,35.8,49.2,3.9,6.4,17.2,6,73.1,1757.48,15936.480000000001,168.7,0.9732558139534884,30.770000000000003,438.59999999999997,1,1,59.0,True
Groundnut,28.2,51.3,46.8,34.9,7.57,46.1,44.2,14.2,6.0,17.4,48.0,4,110.6,1446.6599999999999,1633.32,104.50000000000001,0.7760942760942761,36.809999999999995,442.4,0,1,59.5,False
Soybean,30.9,66.3,162.9,83.2,5.97,50.4,30.4,18.3,8.2,15.0,51.1,2,99.6,2048.6699999999996,13553.28,99.1,1.0140845070422535,40.53,199.2,1,1,71.5,True
Tomato,27.6,76.8,191.1,63.4,7.5,46.0,49.7,44.1,5.5,9.3,49.7,3,107.4,2119.68,12115.74,139.8,0.4852320675105485,37.14,322.20000000000005,1,1,59.0,True
Groundnut,35.8,51.4,169.9,57.1,6.3,50.9,37.1,73.8,8.4,15.0,27.1,1,80.5,1840.12,9701.29,161.8,0.4548704200178731,43.94,80.5,0,1,59.0,False
Soybean,28.1,65.0,39.5,32.1,6.17,27.0,49.2,52.6,4.4,24.1,45.8,3,110.4,1826.5,1267.95,128.8,0.2626459143968871,39.42,331.20000000000005,0,1,50.5,False
Cotton,25.8,72.7,82.5,62.1,7.42,45.9,35.2,33.4,8.3,12.4,50.8,3,146.2,1875.66,5123.25,114.5,0.6594827586206897,35.55,438.59999999999997,0,0,45.0,True
Cotton,24.5,56.7,270.9,85.7,5.27,45.7,26.6,46.9,6.1,7.5,44.1,1,62.7,1389.15,23216.129999999997,119.20000000000002,0.6134228187919464,31.67,62.7,0,1,73.5,False
Groundnut,26.5,76.4,82.8,42.8,6.38,54.9,32.8,40.3,6.5,18.9,45.5,2,154.9,2024.6000000000001,3543.8399999999997,127.99999999999999,0.7408906882591093,37.92,309.8,1,1,54.0,True
Rice,21.5,88.3,92.0,52.9,6.19,99.4,43.3,28.6,8.3,8.1,57.1,5,99.9,1898.45,4866.8,171.29999999999998,1.363511659807956,31.95,499.5,0,1,58.5,False
Soybean,25.5,67.0,145.4,65.9,5.96,38.5,35.4,66.7,4.2,11.6,46.5,6,103.1,1708.5,9581.86,140.60000000000002,0.3734238603297769,34.52,618.5999999999999,0,1,51.5,False
Soybean,27.3,54.4,121.2,57.4,6.12,81.0,18.0,13.2,8.0,20.6,42.4,1,124.4,1485.12,6956.88,112.2,2.5155279503105588,36.86,124.4,0,0,43.0,True
Wheat,30.5,63.0,95.7,52.6,6.68,45.5,43.2,55.1,7.4,13.9,33.1,5,126.9,1921.5,5033.820000000001,143.8,0.458207452165156,39.58,634.5,1,1,54.50000000000001,True
Groundnut,15.0,58.4,83.1,43.7,6.29,71.6,42.7,46.6,5.4,6.6,9.8,5,102.8,876.0,3631.47,160.9,0.7929125138427462,22.16,514.0,1,1,55.50000000000001,True
Tomato,23.2,83.5,51.5,60.5,7.05,26.5,23.7,48.7,6.4,12.7,16.5,3,78.8,1937.2,3115.75,98.9,0.3610354223433242,34.089999999999996,236.39999999999998,1,0,43.5,False
Groundnut,34.2,46.2,110.8,15.0,6.77,49.8,29.1,26.1,9.0,3.7,7.5,7,32.2,1580.0400000000002,1662.0,105.0,0.8861209964412811,39.56,225.40000000000003,1,0,43.0,False
Tomato,18.2,60.5,98.5,75.2,6.51,85.7,32.1,17.6,8.4,21.1,13.8,6,59.9,1101.1,7407.200000000001,135.4,1.690335305719921,28.47,359.4,0,0,46.5,True
Soybean,20.7,55.6,77.6,22.7,6.06,53.0,53.2,75.3,7.3,19.0,23.2,5,79.1,1150.92,1761.5199999999998,181.5,0.4092664092664093,30.06,395.5,1,0,40.0,False
Soybean,18.9,42.1,87.3,32.3,6.87,84.2,48.7,40.2,3.0,18.3,39.1,7,160.3,795.6899999999999,2819.7899999999995,173.10000000000002,0.9365962180200222,26.77,1122.1000000000001,0,0,47.5,True
Cotton,27.3,95.0,249.1,90.0,6.35,76.6,43.0,23.8,8.9,12.7,48.7,7,53.2,2593.5,22419.0,143.4,1.1297935103244838,39.339999999999996,372.40000000000003,1,1,77.0,True
Soybean,32.0,55.2,120.6,37.3,5.88,61.9,39.7,35.6,7.7,14.2,28.4,2,75.9,1766.4,4498.379999999999,137.2,0.8112712975098295,40.36,151.8,1,1,59.5,True
Cotton,23.5,45.4,129.0,32.3,6.53,40.6,37.6,28.1,5.2,20.7,31.1,1,97.2,1066.8999999999999,4166.7,106.30000000000001,0.6086956521739131,32.18,97.2,0,0,47.5,True
Soybean,31.4,73.9,126.9,61.1,6.5,40.8,38.8,49.4,6.1,14.9,49.3,6,102.8,2320.46,7753.59,129.0,0.4573991031390135,41.769999999999996,616.8,1,1,67.5,True
Groundnut,33.3,67.9,197.6,50.3,6.97,58.8,33.2,65.6,8.0,1.0,48.0,3,73.8,2261.07,9939.279999999999,157.6,0.5891783567134269,40.29,221.39999999999998,0,1,59.5,False
Soybean,26.8,82.4,37.9,48.5,6.42,72.3,5.0,39.0,8.9,10.7,20.7,5,106.5,2208.32,1838.1499999999999,116.3,1.6066666666666667,37.18,532.5,1,1,56.00000000000001,True
Wheat,27.0,58.5,94.9,52.0,5.89,67.1,25.6,24.3,5.4,14.9,56.8,7,106.4,1579.5,4934.8,116.99999999999999,1.3182711198428287,35.83,744.8000000000001,0,0,47.0,True
Soybean,28.2,84.9,91.3,61.5,5.58,70.9,14.5,42.2,11.0,11.0,51.0,7,80.0,2394.1800000000003,5614.95,127.60000000000001,1.2287694974003467,38.89,560.0,1,1,62.0,True
Groundnut,39.6,56.0,29.3,15.0,8.0,58.7,57.5,39.4,5.7,1.8,43.1,2,74.4,2217.6,439.5,155.6,0.599591419816139,45.56,148.8,1,1,52.5,True
Soybean,26.9,68.1,200.4,56.7,6.65,95.8,27.6,23.3,9.1,2.9,37.2,7,94.4,1831.8899999999996,11362.68,146.70000000000002,1.845857418111753,34.29,660.8000000000001,1,0,46.5,False
Tomato,22.3,60.8,152.2,69.2,7.35,70.7,8.6,50.9,6.8,16.8,45.4,7,51.3,1355.84,10532.24,130.2,1.168595041322314,31.740000000000002,359.09999999999997,1,1,66.0,True
Cotton,31.0,60.8,109.6,68.3,7.58,43.5,64.0,74.5,7.7,4.5,15.9,2,121.6,1884.8,7485.679999999999,182.0,0.3118279569892473,37.98,243.2,1,1,58.5,True
Rice,26.3,76.3,197.4,73.9,5.81,33.5,22.2,55.1,8.9,9.9,48.7,1,100.5,2006.69,14587.860000000002,110.80000000000001,0.4278416347381865,35.91,100.5,1,1,68.5,True
Wheat,24.6,81.3,147.2,51.1,6.56,79.2,58.5,49.7,11.0,18.3,34.9,7,126.8,1999.98,7521.92,187.39999999999998,0.7252747252747253,36.39,887.6,1,0,49.5,False
Cotton,33.2,71.7,121.7,47.4,6.77,10.9,55.7,26.1,5.1,19.1,40.8,6,119.0,2380.4400000000005,5768.58,92.70000000000002,0.13164251207729466,44.190000000000005,714.0,0,1,56.99999999999999,False
Rice,33.2,74.9,109.8,71.3,6.22,26.4,37.8,52.9,8.4,20.4,56.4,3,72.7,2486.6800000000003,7828.74,117.1,0.28789531079607417,44.77,218.10000000000002,1,1,66.0,True
Tomato,30.0,70.6,166.3,72.7,5.16,33.1,36.7,13.9,6.8,6.9,57.0,7,91.7,2118.0,12090.010000000002,83.70000000000002,0.6414728682170543,38.440000000000005,641.9,1,1,68.0,True
Maize,26.3,63.4,49.0,38.7,6.15,89.9,36.2,16.6,5.4,16.5,29.5,4,121.6,1667.42,1896.3000000000002,142.70000000000002,1.6710037174721188,35.94,486.4,1,0,42.5,False
Soybean,34.5,60.3,227.7,78.6,6.53,82.7,5.0,46.8,9.8,10.2,36.9,4,130.6,2080.35,17897.219999999998,134.5,1.566287878787879,42.57,522.4,1,1,69.5,True
Wheat,30.5,70.0,194.4,90.0,6.61,60.9,15.2,36.8,6.8,15.5,11.2,6,99.6,2135.0,17496.0,112.89999999999999,1.149056603773585,40.6,597.5999999999999,0,1,53.0,False
Wheat,26.6,45.4,138.8,64.5,6.89,48.0,31.4,36.4,3.9,18.3,23.6,5,64.8,1207.64,8952.6,115.80000000000001,0.6976744186046512,34.8,324.0,0,1,54.0,False
Rice,34.9,56.2,166.8,74.7,6.03,53.7,26.3,38.2,7.1,12.9,39.1,5,52.5,1961.38,12459.960000000001,118.2,0.8198473282442749,43.099999999999994,262.5,1,1,70.0,True
Tomato,27.0,79.5,120.1,73.3,7.1,66.8,39.5,61.5,8.8,5.0,60.4,2,110.9,2146.5,8803.33,167.8,0.6549019607843137,35.95,221.8,1,1,60.5,True
Soybean,26.6,68.1,242.9,90.0,5.91,74.8,11.1,75.2,9.5,18.7,45.2,5,76.3,1811.46,21861.0,161.1,0.856815578465063,37.150000000000006,381.5,1,1,63.5,True
Wheat,19.3,64.9,50.7,33.7,5.91,42.3,52.0,60.2,5.6,2.6,38.1,3,73.0,1252.5700000000002,1708.5900000000001,154.5,0.3736749116607774,26.31,219.0,0,0,39.5,True
Wheat,29.6,63.0,176.2,76.5,6.93,60.5,50.1,30.1,7.5,7.4,46.8,5,57.3,1864.8000000000002,13479.3,140.7,0.7450738916256158,37.379999999999995,286.5,1,1,56.99999999999999,True
Wheat,24.4,73.7,151.9,69.0,7.05,56.9,29.5,70.3,7.0,7.4,35.0,6,91.0,1798.28,10481.1,156.7,0.564484126984127,33.25,546.0,0,1,51.0,False
Tomato,20.6,30.0,258.5,61.1,6.48,52.4,40.7,26.6,11.0,17.6,40.8,4,86.7,618.0,15794.35,119.69999999999999,0.7672035139092238,27.12,346.8,1,1,62.0,True
Soybean,28.2,71.4,123.1,66.8,6.84,55.4,26.4,31.0,6.6,10.8,54.4,6,93.8,2013.48,8223.08,112.8,0.9486301369863014,37.5,562.8,1,1,67.0,True
Groundnut,23.2,83.2,180.8,73.5,7.42,88.6,34.6,53.0,7.1,11.5,46.0,6,91.2,1930.24,13288.800000000001,176.2,1.0,33.82,547.2,0,1,61.0,False
Cotton,22.3,82.9,40.6,47.3,7.69,75.9,50.2,15.2,6.3,17.3,41.6,2,55.4,1848.67,1920.3799999999999,141.3,1.1430722891566265,34.050000000000004,110.8,1,0,39.0,False
Rice,35.5,79.5,119.4,42.7,6.19,56.1,39.1,90.1,8.5,10.6,63.6,7,90.5,2822.25,5098.380000000001,185.3,0.4308755760368664,45.57,633.5,1,1,61.0,True
Rice,19.8,90.3,38.5,19.3,6.33,42.3,21.4,30.0,7.5,5.8,36.9,7,152.1,1787.94,743.0500000000001,93.69999999999999,0.8072519083969465,29.99,1064.7,0,1,52.5,False
Maize,28.8,77.6,297.4,90.0,7.05,72.4,23.5,49.8,7.4,8.8,40.8,6,108.3,2234.88,26765.999999999996,145.7,0.97442799461642,38.32,649.8,0,1,64.5,False
Maize,18.3,74.9,185.8,74.3,6.7,98.9,32.1,50.9,6.8,5.3,43.3,5,59.6,1370.67,13804.94,181.9,1.1773809523809524,26.849999999999998,298.0,0,1,65.0,False
Maize,31.5,78.8,46.4,46.8,7.22,35.0,55.9,41.9,6.6,8.0,41.5,7,131.3,2482.2,2171.52,132.8,0.354251012145749,40.980000000000004,919.1000000000001,1,0,46.5,False
Rice,30.7,63.3,133.9,76.8,6.25,68.0,44.5,25.7,6.3,14.5,19.5,6,99.1,1943.31,10283.52,138.2,0.9550561797752809,39.93,594.5999999999999,0,0,47.0,True
Maize,31.8,30.0,31.1,29.7,6.26,57.3,54.4,70.5,5.6,10.6,34.0,5,107.2,954.0,923.6700000000001,182.2,0.4551231135822081,36.919999999999995,536.0,0,0,41.5,True
Rice,25.1,78.4,128.1,76.7,6.85,47.4,35.2,34.4,5.0,11.3,26.5,6,68.1,1967.8400000000001,9825.27,117.0,0.6713881019830029,35.2,408.59999999999997,0,1,61.0,False
Soybean,32.3,55.7,11.6,28.1,5.73,83.0,6.5,22.1,5.1,7.0,38.9,7,87.0,1799.11,325.96,111.6,2.804054054054054,39.269999999999996,609.0,0,1,52.0,False
Tomato,22.2,80.4,139.1,58.8,7.48,32.1,22.2,28.1,7.1,12.3,49.4,6,94.0,1784.88,8179.079999999999,82.4,0.6257309941520468,32.7,564.0,1,1,56.00000000000001,True
Maize,30.7,67.5,252.5,88.6,6.85,94.6,19.8,46.7,8.8,10.6,29.1,3,90.3,2072.25,22371.5,161.1,1.4014814814814813,39.57,270.9,0,1,65.5,False
Maize,23.4,47.0,45.5,42.3,5.78,48.0,43.2,54.0,5.7,12.2,7.1,1,122.1,1099.8,1924.6499999999999,145.2,0.48879837067209775,30.54,122.1,0,0,37.0,True
Cotton,32.6,53.0,215.0,69.9,5.9,38.7,11.6,26.2,6.4,14.4,37.0,6,90.6,1727.8000000000002,15028.500000000002,76.5,0.9974226804123713,40.78,543.5999999999999,1,1,50.5,True
Cotton,29.2,76.3,132.4,45.6,5.81,43.2,15.5,41.7,7.1,18.0,45.0,1,89.5,2227.96,6037.4400000000005,100.4,0.7422680412371134,40.43,89.5,1,1,63.5,True
Cotton,29.4,71.3,117.3,67.5,7.67,58.0,29.1,31.5,9.9,2.9,48.6,7,122.3,2096.22,7917.75,118.6,0.9415584415584415,37.11,856.1,1,1,51.5,True
Maize,27.7,51.4,21.0,35.7,7.41,45.8,28.3,45.5,6.4,15.3,13.2,2,38.9,1423.78,749.7,119.6,0.6122994652406417,35.9,77.8,0,0,39.5,True
Wheat,34.3,65.2,96.7,35.3,7.4,55.5,29.6,72.2,5.4,10.2,23.2,2,99.7,2236.36,3413.5099999999998,157.3,0.5398832684824902,42.86,199.4,1,1,51.0,True
Tomato,27.5,89.2,85.2,48.2,6.0,51.4,41.5,74.1,7.4,9.9,45.8,4,62.5,2453.0,4106.64,167.0,0.44082332761578047,38.4,250.0,1,1,62.5,True
Tomato,25.4,83.7,59.3,49.8,7.68,67.2,25.7,61.7,5.3,17.5,71.2,7,44.1,2125.98,2953.14,154.60000000000002,0.7601809954751131,37.269999999999996,308.7,0,1,62.0,False
Rice,28.6,70.7,105.7,57.1,6.92,48.0,36.4,39.4,6.3,23.1,53.7,7,36.9,2022.0200000000002,6035.47,123.80000000000001,0.625,40.29,258.3,0,1,54.0,False
Cotton,31.7,53.9,68.5,26.4,5.9,67.9,34.8,88.5,10.1,16.8,38.4,5,159.7,1708.6299999999999,1808.3999999999999,191.2,0.5462590506838295,40.449999999999996,798.5,0,1,56.49999999999999,False
Soybean,31.2,95.0,69.1,39.2,6.02,69.0,47.8,36.6,7.0,6.4,54.7,6,67.4,2964.0,2708.72,153.4,0.8079625292740046,41.980000000000004,404.40000000000003,1,1,54.0,True
Maize,24.3,58.4,68.0,42.6,5.48,39.7,50.0,32.1,7.6,18.2,32.3,2,88.0,1419.1200000000001,2896.8,121.80000000000001,0.4777376654632973,33.78,176.0,0,0,42.5,True
Maize,26.1,75.9,93.6,67.1,5.92,45.8,24.0,75.4,8.0,17.8,52.2,6,85.3,1980.9900000000002,6280.5599999999995,145.2,0.4561752988047808,37.25000000000001,511.79999999999995,1,1,51.5,True
Wheat,25.6,54.6,53.4,15.0,5.86,79.7,56.2,49.6,3.2,14.9,38.3,1,24.1,1397.7600000000002,801.0,185.5,0.7462546816479401,34.04,24.1,1,1,51.0,True
Tomato,19.1,86.7,123.6,72.6,6.69,11.7,48.7,60.6,8.0,12.6,58.1,4,104.0,1655.9700000000003,8973.359999999999,121.0,0.10607434270172256,30.290000000000003,416.0,1,1,54.0,True
Groundnut,27.6,69.8,231.0,76.0,5.96,30.4,39.2,63.0,4.5,11.4,44.4,3,45.5,1926.48,17556.0,132.6,0.2945736434108527,36.86,136.5,0,1,78.0,False
Soybean,21.6,77.8,15.8,31.5,5.91,27.6,37.9,55.5,7.2,16.7,55.0,3,72.9,1680.48,497.70000000000005,121.0,0.2923728813559322,32.72,218.70000000000002,1,0,35.5,False
Cotton,27.1,86.4,120.8,62.0,6.62,86.3,31.6,55.8,4.9,12.3,62.8,5,69.7,2341.44,7489.599999999999,173.7,0.9762443438914026,38.2,348.5,1,1,51.5,True
Maize,23.5,49.1,79.3,31.1,6.12,36.3,16.1,17.6,5.1,14.1,32.3,2,52.4,1153.8500000000001,2466.23,70.0,1.0461095100864553,31.23,104.8,1,0,43.5,False
Wheat,24.4,46.8,107.8,37.4,6.29,33.8,43.5,70.6,5.9,10.3,35.0,2,147.5,1141.9199999999998,4031.72,147.89999999999998,0.29365768896611644,31.139999999999997,295.0,0,1,52.5,False
Groundnut,29.5,62.9,62.8,55.8,5.83,76.3,53.7,18.7,6.1,14.2,39.1,1,81.5,1855.55,3504.24,148.7,1.0395095367847411,38.629999999999995,81.5,0,0,44.5,True
Groundnut,31.5,95.0,99.8,53.6,5.06,27.0,23.8,63.3,5.8,10.4,43.8,3,93.0,2992.5,5349.28,114.1,0.30646992054483546,43.08,279.0,1,1,62.5,True
Rice,31.4,50.3,110.8,63.3,5.78,45.2,29.5,54.8,7.2,11.4,38.3,5,149.4,1579.4199999999998,7013.639999999999,129.5,0.5298944900351701,38.71,747.0,0,1,56.49999999999999,False
Cotton,31.2,77.2,130.6,70.2,6.75,24.0,25.3,49.2,8.1,9.0,20.8,6,93.3,2408.64,9168.12,98.5,0.31788079470198677,40.72,559.8,0,1,56.99999999999999,False
Soybean,29.3,68.3,170.6,71.1,6.2,96.2,30.3,21.4,4.3,9.6,51.9,1,136.2,2001.19,12129.659999999998,147.9,1.825426944971537,38.050000000000004,136.2,0,1,66.5,False
Rice,19.4,95.0,65.3,33.5,6.42,72.9,43.2,42.2,7.3,14.4,49.2,1,133.7,1842.9999999999998,2187.5499999999997,158.3,0.84375,31.779999999999998,133.7,0,1,54.50000000000001,False
Rice,28.7,80.7,265.2,90.0,7.63,47.0,36.4,39.5,6.8,6.3,53.6,5,95.4,2316.09,23868.0,122.9,0.6111833550065019,38.029999999999994,477.0,1,1,79.0,True
Tomato,22.3,83.8,187.9,76.2,6.76,69.1,37.1,53.9,5.7,16.6,38.7,1,85.7,1868.74,14317.980000000001,160.1,0.7510869565217391,34.0,85.7,0,1,63.5,False
Cotton,24.4,53.1,117.8,34.9,6.79,39.7,41.4,57.6,7.0,5.5,36.2,1,60.2,1295.6399999999999,4111.219999999999,138.7,0.397,30.810000000000002,60.2,1,0,47.0,False
Tomato,25.7,85.6,219.2,90.0,6.76,75.4,36.4,39.2,5.5,16.5,55.6,4,114.2,2199.9199999999996,19728.0,151.0,0.9843342036553526,37.559999999999995,456.8,1,1,69.0,True
Groundnut,24.1,63.4,202.4,90.0,7.39,47.4,25.3,39.8,9.6,10.7,36.7,4,98.8,1527.94,18216.0,112.5,0.7170953101361573,32.58,395.2,0,1,69.5,False
Groundnut,26.9,82.0,79.1,54.4,6.53,49.6,23.1,32.7,5.7,8.2,33.4,7,119.8,2205.7999999999997,4303.04,105.4,0.8732394366197183,36.739999999999995,838.6,0,0,47.5,True
Wheat,25.3,42.0,108.2,19.8,6.97,39.0,25.4,31.4,5.0,16.5,15.2,6,90.4,1062.6000000000001,2142.36,95.80000000000001,0.6747404844290658,32.8,542.4000000000001,1,0,32.0,False
Rice,40.0,75.6,104.8,63.0,6.96,45.5,53.9,36.2,8.8,12.3,49.3,1,171.6,3024.0,6602.4,135.60000000000002,0.4994511525795829,50.02,171.6,1,1,60.5,True
Wheat,33.2,80.2,197.3,85.1,6.37,87.2,58.4,35.2,7.2,19.8,49.7,4,142.5,2662.6400000000003,16790.23,180.8,0.9217758985200847,45.18,570.0,1,1,60.0,True
Maize,32.4,52.8,237.4,65.5,7.09,51.0,23.9,60.9,9.0,7.9,58.1,5,131.0,1710.7199999999998,15549.7,135.8,0.5944055944055944,39.26,655.0,1,1,61.0,True
Rice,21.1,88.2,64.8,42.8,6.27,70.7,40.5,44.2,7.8,19.4,39.6,6,122.5,1861.0200000000002,2773.4399999999996,155.4,0.8249708284714119,33.800000000000004,735.0,0,1,55.00000000000001,False
Rice,27.7,66.9,243.0,90.0,7.57,61.5,24.5,50.3,4.0,16.9,38.8,7,180.0,1853.13,21870.0,136.3,0.8113456464379948,37.77,1260.0,1,1,65.0,True
Soybean,27.3,89.1,159.9,88.5,6.53,87.3,16.0,37.8,7.0,12.0,32.1,2,74.1,2432.43,14151.15,141.1,1.593065693430657,38.61,148.2,0,1,65.5,False
Maize,28.6,64.3,149.7,60.7,5.95,34.2,7.4,46.1,7.0,9.4,48.8,4,114.8,1838.98,9086.789999999999,87.7,0.6275229357798165,36.910000000000004,459.2,0,1,64.0,False
Soybean,26.3,81.8,112.7,64.7,6.26,92.0,35.7,30.0,8.9,6.7,15.1,2,135.0,2151.34,7291.6900000000005,157.7,1.379310344827586,35.82000000000001,270.0,0,1,56.00000000000001,False
Tomato,32.2,76.6,158.6,78.3,7.62,46.3,45.8,49.5,6.9,10.3,46.6,4,73.3,2466.52,12418.38,141.6,0.4807892004153686,41.92,293.2,1,1,66.5,True
Tomato,31.3,73.2,240.6,90.0,7.34,44.2,47.9,50.3,10.3,12.9,51.9,6,120.9,2291.1600000000003,21654.0,142.39999999999998,0.44556451612903236,41.2,725.4000000000001,1,1,71.5,True
Groundnut,29.7,93.6,168.4,82.5,7.43,41.9,5.0,35.1,7.8,17.3,55.7,6,92.7,2779.9199999999996,13893.0,82.0,1.0194647201946472,42.52,556.2,1,1,67.0,True
Cotton,23.2,65.3,158.9,49.2,6.79,67.0,20.9,10.1,5.3,4.9,33.7,1,108.4,1514.9599999999998,7817.880000000001,98.0,2.09375,30.709999999999997,108.4,1,1,55.00000000000001,True
Cotton,23.3,74.1,89.1,39.8,5.62,41.6,33.3,44.1,7.2,18.8,48.4,5,97.6,1726.53,3546.1799999999994,119.0,0.5306122448979592,34.47,488.0,0,0,46.0,True
Rice,29.1,71.2,133.2,48.5,7.17,73.4,20.7,41.5,4.8,9.5,57.4,1,40.1,2071.92,6460.2,135.60000000000002,1.1613924050632911,38.12,40.1,1,1,62.5,True
Wheat,26.8,59.3,180.6,90.0,7.11,52.8,28.4,44.1,5.2,12.7,4.6,7,91.1,1589.24,16254.0,125.29999999999998,0.7183673469387755,35.27,637.6999999999999,0,1,62.5,False
Tomato,32.7,66.8,63.3,51.3,6.87,41.7,28.2,51.5,9.9,10.7,25.7,3,129.0,2184.36,3247.2899999999995,121.4,0.516728624535316,41.52,387.0,0,1,50.5,False
Wheat,24.6,95.0,113.3,46.1,6.53,45.5,35.0,41.7,7.9,4.5,46.9,2,51.2,2337.0,5223.13,122.2,0.5855855855855856,35.0,102.4,0,1,71.5,False
Cotton,27.0,78.3,188.3,90.0,6.68,44.6,32.9,50.8,7.9,14.8,31.2,2,158.5,2114.1,16947.0,128.3,0.526564344746163,37.79,317.0,1,1,67.5,True
Soybean,26.3,92.2,183.8,90.0,5.82,48.1,33.1,21.4,6.6,8.1,56.6,5,49.2,2424.86,16542.0,102.6,0.8666666666666667,37.14,246.0,0,1,78.0,False
Wheat,31.1,54.1,167.2,77.9,6.44,59.2,11.5,44.4,8.5,13.9,6.3,3,91.6,1682.5100000000002,13024.88,115.1,1.0404217926186292,39.290000000000006,274.79999999999995,1,1,51.5,True
Maize,28.1,46.9,133.0,59.3,6.44,52.1,26.3,31.5,9.6,14.3,52.0,5,102.4,1317.89,7886.9,109.9,0.8860544217687075,35.65,512.0,1,1,62.0,True
Maize,26.8,67.3,121.4,61.9,7.35,20.6,45.6,60.4,7.1,8.8,41.1,4,124.0,1803.6399999999999,7514.66,126.6,0.1925233644859813,35.29,496.0,1,1,64.0,True
Rice,21.6,95.0,287.0,90.0,6.67,58.4,54.3,47.9,8.7,14.0,49.6,4,95.4,2052.0,25830.0,160.6,0.5658914728682171,33.9,381.6,1,1,64.5,True
Tomato,25.7,70.7,107.0,47.4,7.04,69.4,60.0,25.3,8.7,6.7,43.5,1,123.0,1816.99,5071.8,154.70000000000002,0.8041714947856317,34.11,123.0,0,1,59.5,False
Cotton,30.5,57.3,134.1,76.0,7.15,85.0,25.8,61.8,7.2,12.7,13.7,4,76.6,1747.6499999999999,10191.6,172.6,0.9593679458239278,38.769999999999996,306.4,0,1,60.0,False
Tomato,23.4,30.0,146.6,48.2,6.48,39.6,33.8,20.2,7.3,12.9,24.8,3,81.8,702.0,7066.12,93.60000000000001,0.72,28.979999999999997,245.39999999999998,1,1,53.0,True
Soybean,31.0,78.9,152.3,42.5,6.63,55.0,24.3,30.7,7.1,13.1,35.5,6,110.5,2445.9,6472.750000000001,110.0,0.9821428571428571,41.51,663.0,1,1,63.0,True
Maize,25.6,56.9,87.9,35.3,5.75,90.3,56.9,74.0,9.2,10.6,21.5,6,87.5,1456.64,3102.87,221.2,0.6846095526914329,33.41,525.0,0,1,51.5,False
Rice,26.4,60.1,78.5,63.9,6.74,36.2,5.0,12.0,9.5,3.6,43.7,5,134.0,1586.6399999999999,5016.15,53.2,2.011111111111111,33.129999999999995,670.0,1,0,44.0,False
Groundnut,27.5,76.6,33.8,16.4,6.19,66.4,18.5,26.0,9.3,15.2,19.3,2,68.3,2106.5,554.3199999999999,110.9,1.4593406593406595,38.199999999999996,136.6,1,1,50.5,True
Rice,23.5,69.1,247.9,90.0,5.98,52.3,59.1,27.1,6.9,9.9,43.2,6,120.5,1623.85,22311.0,138.5,0.5997706422018348,32.39,723.0,1,1,66.5,True
Groundnut,28.2,66.5,54.9,15.0,7.05,48.2,26.0,27.0,8.5,19.1,52.8,2,152.7,1875.3,823.5,101.2,0.8925925925925926,38.67,305.4,0,0,50.0,True
Maize,28.0,56.9,184.7,68.6,6.61,50.8,42.2,36.8,5.8,6.5,17.7,5,124.6,1593.2,12670.419999999998,129.8,0.635,34.989999999999995,623.0,0,1,56.99999999999999,False
Rice,29.6,74.9,24.4,42.1,6.63,65.0,48.4,61.7,4.4,13.8,55.1,6,159.3,2217.0400000000004,1027.24,175.10000000000002,0.585058505850585,39.85,955.8000000000001,1,1,55.00000000000001,True
Tomato,26.0,78.5,84.0,53.6,6.04,43.7,40.4,35.8,9.0,10.1,43.7,3,116.3,2041.0,4502.400000000001,119.89999999999999,0.5660621761658032,35.870000000000005,348.9,0,1,56.99999999999999,False
Tomato,28.5,67.2,55.9,47.3,5.99,51.2,46.3,47.3,7.3,1.0,55.8,6,90.3,1915.2,2644.0699999999997,144.8,0.5412262156448203,35.42,541.8,1,0,49.0,False
Wheat,24.1,89.6,104.2,57.3,6.37,64.8,18.3,72.4,11.0,7.1,61.4,1,67.8,2159.36,5970.66,155.5,0.7066521264994546,34.480000000000004,67.8,1,1,58.5,True
Wheat,27.3,54.6,255.3,71.2,6.37,55.6,48.6,6.3,9.5,16.6,39.1,4,78.2,1490.5800000000002,18177.36,110.5,0.9946332737030412,36.08,312.8,1,1,64.0,True
Wheat,21.4,60.0,104.3,48.9,6.82,50.3,39.3,48.6,4.4,13.4,47.6,1,117.0,1284.0,5100.2699999999995,138.2,0.5658042744656917,30.08,117.0,0,0,47.5,True
Rice,28.4,63.1,223.8,81.4,7.35,34.3,23.5,44.4,6.8,13.5,27.0,5,64.7,1792.04,18217.320000000003,102.19999999999999,0.4978229317851959,37.410000000000004,323.5,0,1,56.99999999999999,False
Groundnut,27.2,84.8,152.3,59.8,7.13,54.5,37.5,61.4,7.6,4.6,36.4,3,64.8,2306.56,9107.54,153.4,0.5455455455455455,36.6,194.39999999999998,1,1,60.0,True
Wheat,24.5,84.9,27.2,44.1,6.02,47.7,44.0,30.3,6.2,16.2,80.9,6,80.7,2080.05,1199.52,122.0,0.6334661354581674,36.230000000000004,484.20000000000005,1,1,68.5,True
Cotton,33.3,75.2,321.9,90.0,6.96,33.4,45.0,52.3,7.7,1.0,54.1,1,67.1,2504.16,28970.999999999996,130.7,0.3397761953204476,41.02,67.1,1,1,84.5,True
Cotton,20.2,64.3,93.4,50.1,7.1,47.9,24.2,50.2,5.6,6.7,58.4,6,111.9,1298.86,4679.34,122.3,0.6352785145888593,27.97,671.4000000000001,1,1,54.50000000000001,True
Soybean,31.5,67.0,108.3,36.2,5.95,50.0,26.6,36.7,6.5,7.1,24.9,5,73.5,2110.5,3920.46,113.3,0.7776049766718506,39.620000000000005,367.5,1,1,56.00000000000001,True
Cotton,39.1,84.6,70.9,21.2,6.0,64.5,31.2,25.8,7.9,12.3,65.4,5,83.1,3307.8599999999997,1503.0800000000002,121.5,1.1120689655172413,50.02,415.5,1,0,49.5,False
Cotton,29.8,67.3,28.7,43.4,6.6,11.5,40.6,63.6,6.2,1.0,38.1,4,122.6,2005.54,1245.58,115.7,0.10931558935361216,36.730000000000004,490.4,1,1,63.0,True
Maize,30.0,77.7,123.7,46.9,6.42,38.9,38.1,69.0,7.2,14.3,43.7,5,160.8,2331.0,5801.53,146.0,0.3598519888991674,40.63,804.0,0,1,56.49999999999999,False
Groundnut,26.0,50.2,68.4,36.4,6.1,64.7,40.4,30.0,5.6,6.7,29.7,5,78.4,1305.2,2489.76,135.1,0.9061624649859944,32.36,392.0,1,0,37.5,False
Rice,21.6,51.0,32.5,33.9,6.26,51.9,54.9,43.4,3.5,6.0,6.0,1,71.0,1101.6000000000001,1101.75,150.2,0.5226586102719033,27.900000000000002,71.0,1,0,38.0,False
Soybean,27.9,77.2,102.2,52.8,6.38,36.2,53.5,31.6,6.4,10.3,3.1,2,131.1,2153.88,5396.16,121.30000000000001,0.4204413472706156,37.68,262.2,0,1,60.0,False
Cotton,31.7,75.0,24.6,37.3,6.25,52.7,43.0,25.0,7.2,6.9,43.0,1,75.8,2377.5,917.5799999999999,120.7,0.763768115942029,40.580000000000005,75.8,1,0,48.0,False
Maize,29.9,89.9,185.3,90.0,6.75,79.2,34.2,66.9,6.9,13.4,58.3,7,59.6,2688.01,16677.0,180.3,0.7757100881488737,41.57,417.2,0,1,69.5,False
Maize,18.7,62.0,170.4,88.4,6.01,57.6,26.3,52.2,5.8,17.0,21.8,5,141.7,1159.3999999999999,15063.36,136.10000000000002,0.7245283018867925,28.299999999999997,708.5,1,1,61.5,True
Soybean,21.9,79.5,93.5,51.4,6.59,77.5,13.0,9.9,7.6,3.4,45.1,7,62.1,1741.05,4805.9,100.4,3.2426778242677825,30.529999999999998,434.7,1,1,55.00000000000001,True
Rice,28.6,48.5,167.1,79.6,6.93,50.7,47.4,43.6,7.1,4.4,44.5,5,93.0,1387.1000000000001,13301.159999999998,141.7,0.5510869565217391,34.330000000000005,465.0,0,1,68.5,False
Groundnut,25.3,52.3,222.1,87.7,6.19,57.0,47.4,55.8,6.0,13.6,22.4,1,106.5,1323.19,19478.170000000002,160.2,0.5470249520153552,33.25,106.5,1,0,46.0,False
Wheat,20.7,36.8,83.0,25.6,6.39,97.7,26.2,80.5,6.4,13.7,24.5,1,94.3,761.7599999999999,2124.8,204.4,0.9071494893221913,27.119999999999997,94.3,1,0,45.5,False
Cotton,27.7,69.3,90.0,44.4,5.94,42.9,35.2,55.0,8.9,11.6,47.7,6,120.3,1919.61,3996.0,133.1,0.47039473684210525,36.949999999999996,721.8,0,1,55.50000000000001,False
Tomato,24.9,64.3,212.4,86.1,6.19,33.2,35.2,58.6,6.9,6.4,60.0,5,20.0,1601.07,18287.64,127.0,0.350210970464135,32.61,100.0,0,1,75.0,False
Rice,20.8,60.0,227.6,78.0,5.96,50.9,14.3,35.2,7.2,12.7,30.0,5,71.7,1248.0,17752.8,100.4,1.007920792079208,29.34,358.5,1,1,55.00000000000001,True
Rice,29.2,65.4,263.0,88.5,6.75,10.0,25.1,46.2,8.4,18.5,43.1,1,130.9,1909.68,23275.5,81.30000000000001,0.1383125864453665,39.440000000000005,130.9,1,1,73.5,True
Rice,30.3,70.3,199.2,65.2,6.6,50.8,28.6,51.5,8.3,12.2,34.3,2,78.3,2130.09,12987.84,130.9,0.6263871763255241,39.769999999999996,156.6,0,1,74.5,False
Soybean,27.8,56.6,235.3,81.1,6.68,49.2,51.0,56.9,7.0,13.0,41.8,3,20.0,1573.48,19082.829999999998,157.1,0.45179063360881544,36.06,60.0,0,1,58.5,False
Tomato,27.8,64.3,282.1,90.0,6.84,51.2,39.9,37.1,4.5,16.9,34.7,7,129.0,1787.54,25389.000000000004,128.2,0.6564102564102564,37.61000000000001,903.0,0,1,68.5,False
Cotton,29.9,70.5,183.9,90.0,6.62,55.8,24.9,9.2,8.5,9.7,33.6,2,104.9,2107.95,16551.0,89.89999999999999,1.5897435897435899,38.88999999999999,209.8,0,1,61.5,False
Rice,27.1,54.7,77.7,25.5,6.18,57.4,47.8,72.8,6.3,1.0,33.4,5,153.4,1482.3700000000001,1981.3500000000001,178.0,0.47203947368421056,32.77,767.0,1,1,61.0,True
Soybean,26.0,51.3,74.5,58.6,7.2,30.9,31.9,38.1,9.1,11.3,33.3,1,117.3,1333.8,4365.7,100.9,0.4352112676056338,33.39,117.3,0,0,43.5,True
Rice,27.0,74.9,47.7,39.9,6.33,58.3,34.5,37.3,11.0,4.5,35.6,3,68.0,2022.3000000000002,1903.23,130.1,0.8008241758241759,35.39,204.0,0,0,42.0,True
Wheat,30.1,73.7,46.7,15.0,6.6,50.8,6.7,61.7,7.7,11.0,46.3,2,67.8,2218.3700000000003,700.5,119.2,0.7319884726224782,39.67,135.6,0,0,38.5,True
Tomato,32.7,50.5,248.5,76.1,6.93,33.8,67.8,48.7,4.7,18.9,62.2,6,140.6,1651.3500000000001,18910.85,150.3,0.2876595744680851,41.53,843.5999999999999,1,1,64.5,True
Tomato,24.8,43.8,137.3,53.7,6.48,71.9,31.7,47.8,7.2,17.0,54.4,6,114.5,1086.24,7373.010000000001,151.4,0.8931677018633541,32.58,687.0,1,1,55.00000000000001,True
Rice,19.0,58.8,102.1,63.8,6.42,75.2,57.9,47.2,6.5,13.0,21.2,2,110.2,1117.2,6513.98,180.3,0.7087653157398681,27.48,220.4,0,1,55.00000000000001,False
Rice,27.2,64.7,57.6,27.4,7.38,79.6,39.2,29.0,6.9,13.5,41.7,2,101.7,1759.84,1578.24,147.8,1.1502890173410403,36.370000000000005,203.4,1,0,39.0,False
Tomato,30.5,95.0,82.3,46.8,6.84,37.8,20.8,37.3,8.1,10.6,79.3,2,167.9,2897.5,3851.6399999999994,95.89999999999999,0.6395939086294417,42.12,335.8,0,1,60.5,False
Wheat,29.5,57.8,151.3,82.7,6.26,25.7,22.5,61.5,5.3,14.6,29.0,2,99.2,1705.1,12512.510000000002,109.7,0.3023529411764706,38.2,198.4,1,1,56.99999999999999,True
Groundnut,27.4,69.1,85.2,58.7,7.62,37.0,35.3,16.5,6.8,13.3,71.0,6,93.5,1893.3399999999997,5001.240000000001,88.8,0.7007575757575758,36.97,561.0,1,1,55.50000000000001,True
Wheat,28.8,67.0,140.6,57.2,6.08,37.2,50.6,53.4,6.2,4.1,31.9,3,72.0,1929.6000000000001,8042.32,141.20000000000002,0.3542857142857143,36.32,216.0,0,1,61.0,False
Maize,24.8,84.0,131.5,74.8,5.72,65.5,65.6,45.3,6.8,8.2,30.2,3,123.1,2083.2000000000003,9836.199999999999,176.39999999999998,0.5853440571939232,34.84,369.29999999999995,1,1,59.0,True
Groundnut,21.5,52.4,43.4,36.9,6.47,43.9,30.2,39.5,9.6,16.0,30.6,6,80.3,1126.6,1601.4599999999998,113.6,0.6209335219236208,29.94,481.79999999999995,0,0,42.5,True
Wheat,30.8,50.5,232.0,90.0,6.79,52.1,37.4,57.1,10.3,16.6,43.6,5,77.3,1555.4,20880.0,146.6,0.5455497382198953,39.17,386.5,1,1,64.5,True
Tomato,24.5,58.7,63.9,41.7,7.22,59.5,42.4,51.4,10.2,22.2,47.4,2,117.9,1438.15,2664.63,153.3,0.6276371308016878,34.81,235.8,1,1,51.0,True
Tomato,32.0,36.5,77.2,15.0,6.07,20.9,59.7,31.4,6.5,9.1,40.6,3,88.6,1168.0,1158.0,112.0,0.2269272529858849,37.47,265.79999999999995,1,0,36.0,False
Maize,27.4,65.3,72.3,65.7,6.62,35.8,10.9,62.1,6.9,5.5,45.8,4,107.8,1789.2199999999998,4750.11,108.8,0.4837837837837837,35.03,431.2,0,1,53.0,False
Tomato,29.1,52.2,238.6,69.9,6.44,49.8,47.7,24.7,10.0,11.7,43.7,4,76.7,1519.0200000000002,16678.14,122.2,0.6784741144414168,36.66,306.8,1,1,71.0,True
Wheat,17.0,75.8,54.7,32.7,6.69,67.7,26.0,18.9,10.6,17.9,49.5,5,129.8,1288.6,1788.6900000000003,112.6,1.4749455337690633,28.159999999999997,649.0,0,1,57.99999999999999,False
Groundnut,24.0,48.3,129.9,39.3,6.87,66.8,52.4,66.5,7.5,15.9,24.8,1,87.8,1159.1999999999998,5105.07,185.7,0.5571309424520433,32.01,87.8,1,0,47.5,False
Tomato,33.6,53.5,220.7,90.0,6.47,44.7,36.3,13.9,9.6,13.2,15.8,6,84.1,1797.6000000000001,19863.0,94.9,0.8730468750000001,41.59,504.59999999999997,1,1,56.00000000000001,True
Wheat,29.3,65.1,106.5,55.3,6.96,42.6,17.8,40.2,7.3,18.6,23.1,3,113.0,1907.4299999999998,5889.45,100.60000000000001,0.7220338983050848,39.53,339.0,0,1,50.5,False
Groundnut,29.5,68.9,132.7,56.8,6.85,80.1,45.9,57.8,6.6,18.0,8.8,7,57.2,2032.5500000000002,7537.359999999999,183.8,0.7650429799426934,39.99,400.40000000000003,1,1,55.00000000000001,True
Maize,27.8,83.6,113.8,65.9,7.09,17.5,43.8,42.6,7.4,18.3,59.9,2,105.8,2324.08,7499.42,103.9,0.20022883295194507,39.81999999999999,211.6,0,1,59.5,False
Cotton,16.5,63.8,84.3,18.9,5.69,61.1,22.4,35.6,7.6,21.8,41.1,2,94.0,1052.7,1593.2699999999998,119.1,1.035593220338983,27.24,188.0,0,1,53.0,False
Soybean,29.2,83.0,62.2,60.3,7.26,46.2,23.1,72.1,7.1,7.9,38.6,6,65.2,2423.6,3750.66,141.4,0.48024948024948033,39.08,391.20000000000005,0,0,47.0,True
Tomato,32.8,64.1,231.3,86.3,6.99,48.0,40.9,96.5,6.4,12.3,45.3,5,98.7,2102.4799999999996,19961.19,185.4,0.3468208092485549,41.669999999999995,493.5,1,1,66.0,True
Rice,28.8,69.3,185.8,88.3,6.74,50.0,48.2,23.5,7.9,11.6,40.3,7,134.8,1995.84,16406.14,121.7,0.6877579092159559,38.050000000000004,943.6000000000001,0,1,62.5,False
Groundnut,22.9,79.9,242.2,90.0,6.77,46.4,18.4,53.1,9.0,13.7,39.2,4,70.0,1829.71,21798.0,117.9,0.64,33.63,280.0,0,1,67.0,False
Rice,15.2,49.3,71.8,29.9,7.07,64.1,36.0,30.3,6.6,10.1,13.0,6,41.9,749.3599999999999,2146.8199999999997,130.4,0.9524517087667161,22.15,251.39999999999998,1,0,35.0,False
Maize,30.7,89.1,68.2,71.5,6.41,10.3,29.6,56.8,6.0,11.2,55.4,4,51.4,2735.37,4876.3,96.7,0.11784897025171624,41.85,205.6,1,1,67.0,True
Wheat,22.6,70.4,89.6,37.3,5.7,42.3,55.3,48.3,5.5,5.1,43.7,4,69.2,1591.0400000000002,3342.0799999999995,145.89999999999998,0.4043977055449331,30.66,276.8,1,0,44.5,False
Rice,25.8,76.7,65.5,42.3,7.85,53.8,43.6,64.3,8.2,14.8,70.6,7,65.9,1978.8600000000001,2770.6499999999996,161.7,0.4940312213039485,36.43,461.30000000000007,1,1,61.5,True
Rice,29.6,71.3,46.2,40.5,6.06,48.5,29.4,17.3,6.7,21.6,20.1,4,78.0,2110.48,1871.1000000000001,95.2,1.0167714884696015,41.050000000000004,312.0,1,0,45.5,False
Rice,28.5,63.2,90.5,29.1,7.48,66.4,29.5,39.1,6.3,15.2,22.8,4,65.7,1801.2,2633.55,135.0,0.9540229885057473,37.86,262.8,1,1,55.00000000000001,True
Soybean,31.8,88.6,243.8,90.0,5.0,35.0,42.1,29.3,7.8,5.3,46.6,7,79.2,2817.48,21942.0,106.39999999999999,0.48342541436464087,41.72,554.4,1,1,78.0,True
Wheat,21.7,56.4,168.4,65.7,6.54,46.1,11.6,28.6,10.1,8.1,26.4,6,44.4,1223.8799999999999,11063.880000000001,86.30000000000001,1.1189320388349515,28.96,266.4,0,1,52.5,False
Tomato,25.1,61.0,233.6,90.0,5.61,57.0,26.4,66.2,8.0,12.2,11.9,4,20.0,1531.1000000000001,21024.0,149.60000000000002,0.608974358974359,33.64,80.0,0,1,56.99999999999999,False
Rice,20.1,83.8,184.4,82.8,7.54,60.5,33.4,63.8,4.5,13.3,39.1,1,157.9,1684.38,15268.32,157.7,0.6160896130346233,31.14,157.9,1,1,62.5,True
Rice,26.8,48.1,166.8,70.7,6.23,10.0,49.6,40.3,8.7,11.9,20.3,2,103.4,1289.0800000000002,11792.760000000002,99.9,0.11001100110011,33.99,206.8,0,1,54.0,False
Groundnut,28.5,61.0,157.6,72.2,7.13,53.9,24.3,41.9,10.4,12.6,36.8,3,101.1,1738.5,11378.72,120.1,0.8020833333333333,37.120000000000005,303.29999999999995,0,1,56.49999999999999,False
Soybean,28.2,77.3,85.8,51.2,6.82,47.2,23.9,39.8,9.1,17.6,46.0,1,77.6,2179.8599999999997,4392.96,110.89999999999999,0.7295208655332305,39.45,77.6,1,1,59.5,True
Groundnut,25.3,66.0,122.1,63.6,5.79,64.1,28.0,50.7,7.1,9.8,37.9,4,113.8,1669.8,7765.5599999999995,142.8,0.8042659974905896,33.86,455.2,0,0,46.5,True
Groundnut,35.9,43.6,184.2,66.5,6.33,15.2,63.6,36.5,9.3,16.7,23.7,3,86.4,1565.24,12249.3,115.3,0.1503461918892186,43.599999999999994,259.20000000000005,1,1,50.5,True
Cotton,18.7,68.2,124.4,51.2,6.75,62.7,53.7,45.7,7.1,1.4,61.6,4,111.7,1275.34,6369.280000000001,162.10000000000002,0.6245019920318725,25.8,446.8,1,1,55.50000000000001,True
Rice,22.4,39.6,92.5,40.6,6.15,48.1,45.4,45.2,5.5,13.1,20.9,5,132.3,887.04,3755.5,138.7,0.5251091703056769,28.98,661.5,1,0,45.5,False
Soybean,24.7,54.3,211.4,90.0,5.96,58.8,50.4,29.0,5.5,12.1,29.0,6,87.8,1341.2099999999998,19026.0,138.2,0.7313432835820894,32.55,526.8,0,1,63.0,False
Groundnut,25.0,53.8,215.0,69.2,6.27,61.1,35.4,52.0,4.9,4.2,38.7,5,44.5,1345.0,14878.0,148.5,0.6911764705882353,31.22,222.5,0,1,71.0,False
Wheat,25.4,71.5,74.2,62.6,6.98,23.2,41.5,56.5,7.8,20.9,19.7,2,122.1,1816.1,4644.92,121.2,0.23434343434343433,36.73,244.2,1,1,59.5,True
Soybean,23.0,49.8,85.2,24.9,6.97,55.0,36.9,45.3,3.5,8.3,18.5,6,118.3,1145.3999999999999,2121.48,137.2,0.6610576923076924,29.64,709.8,0,0,43.0,True
Rice,31.3,74.3,209.5,87.5,6.57,23.7,53.4,5.0,4.4,1.0,53.3,3,86.3,2325.59,18331.25,82.1,0.398989898989899,38.93000000000001,258.9,1,1,68.5,True
Groundnut,24.9,52.9,51.6,41.5,5.37,44.1,18.3,43.9,11.0,18.6,14.5,3,87.4,1317.2099999999998,2141.4,106.30000000000001,0.6977848101265822,33.91,262.20000000000005,0,1,51.0,False
Wheat,23.4,47.7,114.4,47.6,6.86,45.9,22.0,48.5,7.9,15.9,22.5,2,77.7,1116.18,5445.4400000000005,116.4,0.641958041958042,31.349999999999998,155.4,0,0,48.5,True
Wheat,27.2,95.0,233.3,90.0,6.32,37.7,33.6,70.3,7.4,5.5,57.4,1,117.1,2584.0,20997.0,141.60000000000002,0.3593898951382269,37.800000000000004,117.1,1,1,67.5,True
Tomato,27.0,70.2,121.9,56.8,6.83,55.0,42.3,67.1,6.8,17.2,20.4,1,200.0,1895.4,6923.92,164.39999999999998,0.4981884057971015,37.46,200.0,1,1,60.0,True
Wheat,16.4,61.5,84.5,37.4,5.75,51.5,37.8,93.6,5.1,16.2,47.8,1,93.5,1008.5999999999999,3160.2999999999997,182.89999999999998,0.3889728096676738,25.789999999999996,93.5,0,0,46.0,True
Groundnut,21.4,52.5,149.2,46.2,7.49,63.9,29.0,62.8,9.3,16.8,39.1,2,105.1,1123.5,6893.04,155.7,0.6885775862068966,30.009999999999998,210.2,0,1,53.0,False
Groundnut,29.7,77.7,93.5,61.1,5.54,49.7,62.0,14.7,9.2,4.1,51.2,4,130.1,2307.69,5712.85,126.4,0.6396396396396397,38.29,520.4,1,1,53.0,True
Tomato,29.1,85.1,60.3,52.1,6.79,10.0,29.6,26.5,5.4,14.7,50.5,4,67.5,2476.41,3141.63,66.1,0.17513134851138354,40.55,270.0,1,1,69.0,True
Maize,30.5,79.9,136.7,68.9,5.58,43.6,34.2,40.9,6.5,11.8,57.7,3,20.0,2436.9500000000003,9418.63,118.70000000000002,0.5729303547963207,40.85,60.0,1,1,61.0,True
Rice,20.8,95.0,161.2,90.0,6.64,78.5,16.9,89.3,8.4,1.9,33.2,1,56.3,1976.0,14507.999999999998,184.7,0.7322761194029852,30.68,56.3,0,1,73.5,False
Maize,26.4,80.3,62.3,44.7,7.38,49.6,34.0,65.1,5.3,20.9,59.8,2,93.0,2119.9199999999996,2784.81,148.7,0.49550449550449555,38.61,186.0,1,1,62.5,True
Groundnut,22.7,42.6,35.5,17.8,6.34,50.2,25.3,34.9,5.3,17.2,30.3,4,90.8,967.02,631.9,110.4,0.8202614379084967,30.400000000000002,363.2,0,0,21.0,True
Maize,24.2,84.3,161.2,59.4,6.37,64.5,26.6,33.0,5.6,9.8,56.0,3,35.1,2040.06,9575.279999999999,124.1,1.0643564356435644,34.589999999999996,105.30000000000001,1,1,67.5,True
Tomato,28.6,61.7,205.2,79.6,7.12,21.9,34.3,9.4,8.4,17.6,36.6,5,119.6,1764.6200000000001,16333.919999999998,65.6,0.4899328859060403,38.290000000000006,598.0,1,1,68.5,True
Maize,21.3,95.0,126.7,76.5,5.9,67.0,27.8,40.1,5.9,11.9,53.3,2,114.8,2023.5,9692.550000000001,134.9,0.9724238026124817,33.18,229.6,1,1,67.5,True
Maize,28.2,69.6,146.6,82.1,6.54,36.2,35.1,25.9,7.8,11.3,46.3,4,78.8,1962.7199999999998,12035.859999999999,97.20000000000002,0.5838709677419355,37.419999999999995,315.2,1,1,68.5,True
Wheat,26.6,46.4,290.8,90.0,5.0,26.3,42.2,60.9,8.2,14.8,19.3,7,125.6,1234.24,26172.0,129.4,0.2526416906820365,34.2,879.1999999999999,0,1,60.5,False
Groundnut,25.1,53.2,40.8,27.8,6.6,52.0,32.4,60.0,10.6,2.6,33.3,6,59.0,1335.3200000000002,1134.24,144.4,0.556745182012848,30.94,354.0,0,0,37.5,True
Groundnut,25.2,86.3,129.3,60.5,5.38,49.2,5.0,53.3,5.5,16.0,40.3,3,60.7,2174.7599999999998,7822.650000000001,107.5,0.8296795952782463,37.03,182.10000000000002,1,1,67.5,True
Groundnut,30.0,70.5,228.5,82.6,7.15,58.9,35.1,67.2,5.8,4.6,53.2,4,28.4,2115.0,18874.1,161.2,0.5701839303000967,37.97,113.6,1,1,80.0,True
Wheat,25.5,55.5,147.9,70.9,5.79,21.0,20.9,18.4,5.8,3.5,44.0,7,123.6,1415.25,10486.11,60.3,0.5210918114143921,31.75,865.1999999999999,1,1,57.99999999999999,True
Rice,24.4,70.3,224.3,90.0,6.63,60.6,21.1,45.9,7.8,22.4,19.8,5,137.9,1715.32,20187.0,127.6,0.8911764705882353,35.91,689.5,1,1,66.5,True
Rice,23.5,65.2,127.8,45.4,6.53,65.4,47.4,73.4,7.9,10.9,38.2,7,61.7,1532.2,5802.12,186.20000000000002,0.5369458128078818,32.2,431.90000000000003,0,1,54.0,False
Rice,27.2,72.3,153.7,62.9,6.13,71.6,30.0,78.5,5.0,22.9,56.1,1,134.0,1966.56,9667.73,180.1,0.6538812785388127,39.01,134.0,0,1,64.0,False
Soybean,29.3,57.2,112.6,71.5,6.23,64.6,26.4,19.4,5.3,16.8,37.5,2,166.7,1675.96,8050.9,110.4,1.3803418803418803,38.38,333.4,1,1,52.0,True
Maize,34.3,36.3,69.9,29.6,6.94,87.6,28.7,35.1,5.4,13.4,16.6,4,144.8,1245.0899999999997,2069.0400000000004,151.4,1.3518518518518519,40.61,579.2,0,0,48.5,True
Rice,34.1,94.5,162.9,82.9,6.14,46.8,40.0,50.5,5.7,15.8,67.7,3,112.2,3222.4500000000003,13504.410000000002,137.3,0.5114754098360655,46.709999999999994,336.6,0,1,70.0,False
Groundnut,31.3,66.2,114.7,49.3,5.86,53.7,6.1,73.7,3.2,16.9,46.0,3,111.3,2072.06,5654.71,133.5,0.6646039603960396,41.300000000000004,333.9,0,1,52.0,False
Soybean,27.1,75.7,159.7,87.8,6.13,66.0,23.3,5.0,7.3,13.4,46.4,6,119.7,2051.4700000000003,14021.659999999998,94.3,2.252559726962457,37.35,718.2,1,1,67.0,True
Groundnut,34.8,58.1,76.8,41.7,6.77,33.8,17.9,53.9,9.5,16.7,27.3,2,48.7,2021.8799999999999,3202.56,105.6,0.46428571428571425,43.95,97.4,0,0,47.0,True
Wheat,29.0,74.7,115.3,61.2,6.27,45.7,39.9,5.6,8.5,17.8,44.8,1,77.0,2166.3,7056.360000000001,91.19999999999999,0.9827956989247313,40.03,77.0,0,1,53.0,False
Maize,33.2,60.6,68.3,41.5,6.77,52.0,42.2,47.9,5.3,12.8,47.9,7,55.9,2011.9200000000003,2834.45,142.1,0.570801317233809,41.82000000000001,391.3,1,0,46.0,False
Maize,27.6,43.0,350.0,90.0,5.76,46.9,36.5,22.9,7.5,2.3,22.9,4,85.1,1186.8,31500.0,106.30000000000001,0.7764900662251656,32.36,340.4,0,1,67.0,False
Groundnut,26.2,61.1,30.1,38.7,5.68,42.7,50.7,52.2,8.5,14.7,35.4,5,20.0,1600.82,1164.8700000000001,145.60000000000002,0.4109720885466795,35.25,100.0,0,0,43.5,True
Rice,29.6,57.2,110.5,48.6,6.59,41.4,47.0,39.1,10.0,8.1,7.8,1,141.2,1693.1200000000001,5370.3,127.5,0.47531572904707237,36.94,141.2,0,1,54.50000000000001,False
Wheat,30.3,75.9,209.8,70.9,5.75,48.1,27.0,42.8,7.8,17.6,62.6,2,104.4,2299.7700000000004,14874.820000000002,117.89999999999999,0.6793785310734464,41.410000000000004,208.8,0,1,78.5,False
Maize,29.5,58.4,38.2,40.4,6.27,66.3,13.9,44.3,6.6,15.7,44.8,5,80.3,1722.8,1543.28,124.5,1.1199324324324325,38.480000000000004,401.5,0,0,40.5,True
Soybean,30.3,73.2,53.2,48.9,5.87,81.1,29.4,56.2,4.9,10.0,67.3,2,144.7,2217.96,2601.48,166.7,0.9364896073903002,39.620000000000005,289.4,1,1,67.5,True
Cotton,21.0,54.2,45.8,51.1,7.15,59.6,5.2,61.0,9.5,16.9,1.1,7,140.8,1138.2,2340.38,125.8,0.8869047619047619,29.8,985.6000000000001,0,0,50.0,True
Groundnut,29.7,40.1,120.4,46.2,6.71,85.0,38.2,55.4,6.7,14.1,36.9,5,112.5,1190.97,5562.4800000000005,178.6,0.8985200845665963,36.53,562.5,0,0,37.0,True
Rice,26.8,57.4,50.5,48.6,5.78,76.6,58.7,23.5,8.9,15.8,18.3,3,100.0,1538.32,2454.3,158.8,0.9206730769230769,35.7,300.0,0,0,38.0,True
Maize,31.8,71.5,61.5,36.7,6.83,51.3,49.8,38.9,9.2,5.0,50.7,3,99.2,2273.7000000000003,2257.05,140.0,0.5719063545150502,39.95,297.6,1,1,55.00000000000001,True
Tomato,22.8,77.2,128.4,73.4,6.38,80.2,39.0,5.9,7.7,18.0,46.3,2,49.1,1760.16,9424.560000000001,125.10000000000001,1.7472766884531592,34.120000000000005,98.2,1,1,52.5,True
Rice,35.3,53.6,109.4,46.2,6.81,70.5,18.6,58.3,5.6,1.0,20.7,7,88.0,1892.08,5054.280000000001,147.39999999999998,0.9050064184852374,40.86,616.0,1,0,44.5,False
Rice,24.5,80.1,89.2,66.9,6.52,39.7,51.2,23.6,7.3,10.9,37.4,5,89.0,1962.4499999999998,5967.4800000000005,114.5,0.5237467018469657,34.69,445.0,0,0,48.0,True
Cotton,29.6,62.9,81.1,33.8,6.42,47.3,40.0,29.7,6.3,18.8,55.1,2,85.6,1861.8400000000001,2741.1799999999994,117.0,0.6690240452616689,39.65,171.2,1,1,51.0,True
Rice,25.1,55.5,350.0,90.0,7.47,54.4,21.7,16.7,3.8,10.6,12.2,3,160.9,1393.0500000000002,31500.0,92.8,1.380710659898477,32.77,482.70000000000005,1,1,69.5,True
Cotton,23.7,79.5,140.8,52.1,6.45,38.0,56.4,58.9,5.2,15.7,47.2,3,41.4,1884.1499999999999,7335.680000000001,153.3,0.32674118658641443,34.79,124.19999999999999,1,1,54.0,True
Maize,30.0,64.5,76.0,34.8,6.56,35.4,11.2,34.8,5.8,17.3,41.8,1,135.6,1935.0,2644.7999999999997,81.39999999999999,0.7531914893617021,39.910000000000004,135.6,0,1,58.5,False
Soybean,23.0,46.4,21.8,30.2,6.3,63.0,14.6,17.5,7.2,4.9,24.7,3,130.7,1067.2,658.36,95.1,1.903323262839879,28.62,392.09999999999997,1,0,40.5,False
Soybean,26.1,71.0,92.3,36.1,6.51,33.5,36.0,40.5,8.5,3.1,49.0,3,129.3,1853.1000000000001,3332.03,110.0,0.432258064516129,33.82,387.90000000000003,0,1,52.5,False
Groundnut,34.4,85.2,42.4,56.9,5.81,61.6,30.3,35.7,5.9,10.1,63.6,4,44.6,2930.88,2412.56,127.60000000000001,0.9194029850746269,44.940000000000005,178.4,0,1,62.0,False
Groundnut,34.8,71.1,214.1,82.8,5.57,58.2,34.5,33.1,5.8,18.8,47.3,3,89.3,2474.2799999999997,17727.48,125.80000000000001,0.848396501457726,45.669999999999995,267.9,1,1,66.0,True
Tomato,26.5,48.3,102.5,57.4,6.89,52.4,24.9,63.9,5.3,10.1,29.5,5,97.0,1279.9499999999998,5883.5,141.2,0.5835189309576837,33.35,485.0,0,0,48.5,True
Soybean,33.8,72.9,34.1,35.0,6.16,71.1,33.9,26.8,8.6,11.6,59.7,3,105.3,2464.02,1193.5,131.8,1.152350081037277,43.41,315.9,0,0,46.5,True
Maize,34.2,58.9,63.8,32.8,6.1,61.2,20.0,48.9,8.3,23.6,35.9,2,20.0,2014.38,2092.64,130.1,0.8755364806866952,44.81,40.0,1,1,51.5,True
Maize,19.9,72.9,98.3,52.3,6.44,42.6,26.1,18.8,7.2,12.0,64.8,1,93.9,1450.71,5141.089999999999,87.5,0.9281045751633986,29.589999999999996,93.9,1,1,54.50000000000001,True
Tomato,17.7,43.6,170.8,40.9,5.44,10.0,38.4,79.9,7.1,18.0,24.4,7,106.9,771.72,6985.72,128.3,0.08382229673093042,25.66,748.3000000000001,1,1,53.5,True
Rice,22.0,93.9,180.7,81.9,6.17,75.3,29.1,20.4,3.0,16.2,60.0,7,87.3,2065.8,14799.33,124.80000000000001,1.491089108910891,34.63,611.1,1,1,71.5,True
Rice,27.3,63.0,100.4,42.9,6.77,55.3,31.7,35.0,6.6,8.5,46.3,3,117.0,1719.9,4307.16,122.0,0.8168389955686853,35.300000000000004,351.0,0,1,51.0,False
Wheat,26.6,54.3,226.8,61.9,6.13,53.0,23.0,38.3,6.7,4.9,20.6,5,84.2,1444.38,14038.92,114.3,0.8507223113964687,33.01,421.0,1,1,55.50000000000001,True
Rice,28.0,62.8,115.4,43.0,5.39,73.7,39.7,9.6,6.3,3.6,46.7,6,97.3,1758.3999999999999,4962.2,123.0,1.4652087475149105,35.0,583.8,1,0,47.5,False
Wheat,27.6,39.8,122.6,34.2,6.29,71.0,21.0,46.9,7.2,15.2,40.0,3,75.2,1098.48,4192.92,138.9,1.0304789550072568,34.620000000000005,225.60000000000002,1,1,51.5,True
Cotton,28.1,61.3,53.6,27.0,6.26,64.5,54.8,50.5,7.4,13.6,21.4,3,73.1,1722.53,1447.2,169.8,0.6067732831608655,36.95,219.29999999999998,0,0,30.0,True
Tomato,26.8,81.4,164.9,58.2,6.47,66.9,51.1,39.3,8.7,17.2,49.3,7,128.7,2181.5200000000004,9597.18,157.3,0.7319474835886215,38.379999999999995,900.8999999999999,1,1,52.5,True
Rice,21.3,59.5,65.1,28.6,6.29,78.0,58.6,6.1,7.0,17.2,39.4,2,119.1,1267.3500000000001,1861.86,142.7,1.187214611872146,30.69,238.2,0,0,40.5,True
Wheat,32.5,67.8,135.0,63.3,7.59,16.5,18.1,22.3,7.8,16.6,32.9,6,92.2,2203.5,8545.5,56.900000000000006,0.3985507246376811,42.6,553.2,0,1,50.5,False
Groundnut,28.9,83.7,123.9,79.1,5.41,52.5,26.5,39.4,4.8,16.5,51.4,3,64.3,2418.93,9800.49,118.4,0.7847533632286995,40.56999999999999,192.89999999999998,1,1,78.0,True
Maize,20.8,78.9,80.8,33.7,8.0,81.6,32.2,33.3,8.2,15.4,50.5,3,135.7,1641.1200000000001,2722.96,147.1,1.2270676691729323,31.770000000000003,407.09999999999997,1,1,59.0,True
Rice,21.4,72.6,121.9,82.2,6.2,59.8,42.5,25.2,4.4,12.7,54.4,4,68.6,1553.6399999999999,10020.18,127.5,0.8704512372634643,31.199999999999996,274.4,1,1,53.5,True
Soybean,29.3,94.9,142.1,71.7,6.4,76.2,23.2,48.7,5.5,8.2,51.4,4,106.6,2780.57,10188.57,148.10000000000002,1.045267489711934,40.43,426.4,1,1,65.5,True
Rice,35.3,80.3,186.8,81.7,7.25,31.4,49.2,65.7,6.0,10.4,52.3,6,88.9,2834.5899999999997,15261.560000000001,146.3,0.270923209663503,45.41,533.4000000000001,0,1,61.0,False
Rice,23.3,72.0,118.7,36.6,7.49,51.7,29.3,74.0,7.7,13.1,38.3,3,104.9,1677.6000000000001,4344.42,155.0,0.49568552253116016,33.12,314.70000000000005,1,1,53.0,True
Cotton,29.1,56.7,159.4,78.2,5.68,66.5,36.0,18.6,7.5,8.9,42.6,3,117.1,1649.9700000000003,12465.080000000002,121.1,1.1960431654676258,36.550000000000004,351.29999999999995,1,1,62.5,True
Wheat,28.3,61.6,122.4,69.2,6.51,57.6,22.4,52.1,9.6,9.9,18.4,3,123.5,1743.28,8470.08,132.1,0.7629139072847683,36.44,370.5,0,1,63.0,False
Cotton,20.5,95.0,141.8,54.2,5.95,52.3,5.0,38.2,7.7,12.1,52.4,2,98.0,1947.5,7685.560000000001,95.5,1.183257918552036,32.42,196.0,1,1,62.0,True
Rice,27.1,63.8,220.9,86.8,5.9,58.4,36.2,22.0,5.0,14.4,38.7,2,135.0,1728.98,19174.12,116.6,0.9864864864864864,36.36000000000001,270.0,0,1,73.5,False
Maize,27.0,71.5,350.0,90.0,6.16,75.5,13.6,54.3,7.1,17.1,20.7,6,140.7,1930.5,31500.0,143.39999999999998,1.095791001451379,37.57,844.1999999999999,1,1,77.0,True
Groundnut,23.6,65.8,158.8,58.6,5.82,10.0,25.0,49.1,6.9,15.3,47.6,1,47.7,1552.88,9305.68,84.1,0.13315579227696406,33.24,47.7,0,1,56.00000000000001,False
Rice,31.7,86.0,85.1,38.4,6.01,39.6,38.6,43.9,6.1,12.1,26.7,3,44.5,2726.2,3267.8399999999997,122.1,0.47425149700598807,42.72,133.5,0,1,52.5,False
Soybean,35.6,54.9,91.1,42.3,5.6,80.0,43.1,46.5,5.8,18.5,55.8,3,43.8,1954.44,3853.5299999999993,169.6,0.8830022075055188,44.790000000000006,131.39999999999998,1,1,55.50000000000001,True
Tomato,34.9,60.4,156.0,55.7,6.73,57.6,33.7,60.9,8.9,8.1,35.2,3,55.3,2107.96,8689.2,152.20000000000002,0.602510460251046,42.559999999999995,165.89999999999998,1,1,62.5,True
Wheat,29.3,30.0,219.8,64.0,8.0,43.6,16.5,66.7,9.4,20.7,24.7,3,131.7,879.0,14067.2,126.80000000000001,0.517814726840855,36.44,395.09999999999997,1,1,52.0,True
Tomato,20.5,67.9,136.0,64.8,7.18,67.8,34.0,39.1,7.9,19.6,60.2,7,76.3,1391.95,8812.8,140.9,0.9149797570850203,31.21,534.1,1,1,66.0,True
Rice,28.2,58.3,200.5,57.5,6.03,48.6,17.5,10.6,11.0,10.6,27.7,7,72.9,1644.06,11528.75,76.69999999999999,1.6701030927835052,36.15,510.30000000000007,0,1,56.00000000000001,False
Tomato,26.7,95.0,224.0,85.2,7.6,78.7,45.6,65.5,4.6,8.0,66.1,4,82.4,2536.5,19084.8,189.8,0.7020517395182873,37.800000000000004,329.6,1,1,69.0,True
Rice,33.4,85.6,156.0,76.4,6.01,63.3,35.7,50.9,6.3,6.8,74.8,5,39.6,2859.0399999999995,11918.400000000001,149.9,0.7226027397260274,43.31999999999999,198.0,0,1,70.0,False
Soybean,16.8,49.6,84.9,37.2,6.71,37.4,37.5,51.0,4.4,12.9,43.2,4,138.6,833.2800000000001,3158.2800000000007,125.9,0.41787709497206704,24.340000000000003,554.4,1,0,49.0,False
Groundnut,22.7,65.1,119.8,54.7,5.97,36.5,36.4,40.7,3.9,10.3,31.3,4,114.3,1477.7699999999998,6553.06,113.60000000000001,0.46734955185659416,31.27,457.2,0,1,52.0,False
Rice,26.8,65.3,95.9,53.0,6.32,69.8,41.2,60.9,4.7,8.1,49.0,2,82.2,1750.04,5082.700000000001,171.9,0.6770126091173618,34.949999999999996,164.4,0,1,52.0,False
Groundnut,27.6,62.4,130.6,54.7,6.71,59.1,26.5,52.1,7.9,11.3,45.5,1,109.6,1722.24,7143.82,137.7,0.742462311557789,36.1,109.6,0,1,59.0,False
Rice,38.0,83.0,91.7,45.3,6.51,63.9,25.5,47.2,6.3,5.7,51.4,7,131.4,3154.0,4154.01,136.60000000000002,0.8670284938941655,47.44,919.8000000000001,1,1,62.0,True
Cotton,26.7,72.2,68.2,32.8,7.23,37.8,22.0,61.7,6.4,12.2,28.0,5,110.1,1927.74,2236.96,121.5,0.44628099173553715,36.36,550.5,1,0,49.0,False
Cotton,15.0,70.5,122.5,45.8,6.59,55.0,21.9,48.2,3.9,16.5,36.1,2,159.5,1057.5,5610.5,125.10000000000001,0.7735583684950774,25.35,319.0,1,0,48.5,False
Tomato,18.8,47.5,147.8,29.4,7.35,75.2,42.4,62.2,8.1,8.8,20.9,3,56.3,893.0,4345.32,179.8,0.7121212121212122,25.310000000000002,168.89999999999998,1,1,51.0,True
Wheat,26.4,57.4,129.6,56.9,5.54,70.8,49.6,37.1,4.7,10.4,34.5,6,110.4,1515.36,7374.24,157.5,0.8072976054732041,34.22,662.4000000000001,1,1,55.50000000000001,True
Maize,21.8,85.0,209.3,88.6,7.08,54.2,43.1,23.3,7.3,17.3,58.2,2,101.5,1853.0,18543.98,120.60000000000001,0.8041543026706232,33.76,203.0,1,1,67.5,True
Maize,34.0,83.4,161.6,74.9,6.44,63.1,31.0,30.6,5.7,15.5,44.8,7,87.1,2835.6000000000004,12103.84,124.69999999999999,1.0079872204472844,45.440000000000005,609.6999999999999,0,1,66.0,False
Groundnut,15.4,64.3,77.6,59.5,5.97,72.4,15.3,87.9,4.7,8.9,55.1,5,151.1,990.22,4617.2,175.60000000000002,0.6948176583493283,23.61,755.5,1,1,54.50000000000001,True
Rice,34.9,83.5,156.9,83.8,6.31,56.9,32.2,46.3,7.1,22.4,39.2,7,83.4,2914.15,13148.22,135.39999999999998,0.7157232704402515,47.73,583.8000000000001,1,1,74.5,True
Maize,21.9,50.6,103.8,66.4,5.92,54.3,38.1,43.9,5.1,18.3,41.2,5,87.2,1108.1399999999999,6892.320000000001,136.3,0.6542168674698795,30.62,436.0,1,1,51.0,True
Tomato,22.1,79.6,252.8,90.0,7.0,52.9,46.0,37.4,7.9,16.4,44.3,1,97.1,1759.16,22752.0,136.3,0.6267772511848341,33.34,97.1,1,1,71.0,True
Cotton,22.8,75.1,168.9,90.0,7.95,44.9,35.7,5.0,10.4,17.9,39.8,2,59.5,1712.28,15201.0,85.6,1.0767386091127098,33.89,119.0,0,0,50.0,True
Soybean,19.4,86.3,181.5,68.5,6.94,57.4,38.2,35.2,8.4,10.1,54.7,5,39.6,1674.2199999999998,12432.75,130.8,0.7715053763440859,30.049999999999997,198.0,1,1,75.5,True
Rice,22.0,58.8,24.7,21.5,6.36,30.3,28.1,54.7,6.0,12.4,51.6,3,149.8,1293.6,531.05,113.10000000000001,0.3615751789976133,30.36,449.40000000000003,0,0,37.5,True
Rice,27.5,88.7,251.4,90.0,6.34,74.4,35.8,70.6,7.7,22.3,62.2,1,140.4,2439.25,22626.0,180.8,0.6927374301675979,40.830000000000005,140.4,1,1,77.5,True
Rice,19.8,55.5,56.4,37.5,6.56,30.2,23.5,66.2,6.4,1.0,31.7,7,98.8,1098.9,2115.0,119.9,0.3329658213891951,25.55,691.6,0,0,50.0,True
Groundnut,26.8,61.6,196.9,74.7,6.62,54.8,40.8,26.0,8.1,7.2,57.6,4,100.6,1650.88,14708.43,121.6,0.8082595870206489,34.4,402.4,1,1,70.5,True
Cotton,36.7,95.0,214.9,90.0,6.62,42.0,28.3,32.6,6.9,7.8,65.0,4,61.9,3486.5000000000005,19341.0,102.9,0.678513731825525,47.760000000000005,247.6,1,1,68.0,True
Soybean,29.4,56.7,196.9,65.5,6.2,33.8,46.4,35.4,7.9,1.0,44.0,3,83.5,1666.98,12896.95,115.6,0.4082125603864734,35.27,250.5,0,1,62.0,False
Maize,27.2,86.7,55.3,56.6,5.8,24.8,34.3,55.7,6.9,9.9,38.7,7,133.4,2358.2400000000002,3129.98,114.8,0.27252747252747256,37.849999999999994,933.8000000000001,1,1,57.99999999999999,True
Soybean,29.9,59.0,122.8,73.2,6.16,75.3,5.0,26.7,10.3,20.4,29.9,6,142.8,1764.1,8988.960000000001,107.0,2.3027522935779814,39.879999999999995,856.8000000000001,0,0,47.0,True
Tomato,32.0,55.0,33.2,33.4,6.18,79.1,16.3,49.1,5.8,12.8,33.3,2,71.4,1760.0,1108.88,144.5,1.1912650602409636,40.06,142.8,0,0,37.0,True
Wheat,26.8,91.1,157.0,84.2,6.34,32.6,20.0,37.2,7.2,4.9,76.7,3,93.4,2441.48,13219.4,89.80000000000001,0.5601374570446735,36.88999999999999,280.20000000000005,1,1,72.5,True
Maize,29.9,64.1,192.4,78.3,6.39,42.3,5.0,72.3,5.6,20.2,44.2,7,122.9,1916.5899999999997,15064.92,119.6,0.5402298850574713,40.349999999999994,860.3000000000001,1,1,60.0,True
Groundnut,36.0,61.5,47.7,24.3,7.23,50.6,54.3,36.1,6.1,13.7,58.1,1,83.7,2214.0,1159.1100000000001,141.0,0.5536105032822757,44.89,83.7,0,0,43.0,True
Rice,24.2,55.0,171.9,90.0,7.54,70.5,22.8,48.5,6.3,13.4,37.3,2,92.0,1331.0,15471.0,141.8,0.9751037344398341,32.38,184.0,1,1,64.0,True
Wheat,36.4,57.5,124.1,51.7,6.86,65.7,63.6,37.3,8.1,4.1,14.5,4,117.2,2093.0,6415.97,166.60000000000002,0.6447497546614328,42.97,468.8,0,1,55.00000000000001,False
Soybean,22.3,71.1,77.8,49.1,6.39,80.1,34.5,57.7,6.8,11.9,28.1,5,67.8,1585.53,3819.98,172.3,0.8594420600858368,31.79,339.0,1,1,51.0,True
Cotton,29.1,80.1,100.3,60.3,6.48,18.9,47.0,74.5,6.4,17.3,28.2,2,70.9,2330.91,6048.089999999999,140.4,0.15428571428571428,40.57,141.8,1,1,54.50000000000001,True
Maize,21.8,61.9,45.9,15.0,6.26,96.9,39.8,57.4,8.6,3.2,7.5,7,77.4,1349.42,688.5,194.1,0.9867617107942975,28.630000000000003,541.8000000000001,1,1,53.0,True
Groundnut,33.4,33.1,104.9,45.2,5.7,86.3,33.3,53.7,7.8,22.0,10.3,7,117.0,1105.54,4741.4800000000005,173.3,0.9806818181818181,41.11,819.0,1,1,50.5,True
Tomato,23.3,80.9,111.2,53.3,6.97,73.3,39.8,53.7,6.1,13.0,39.8,5,32.4,1884.9700000000003,5926.96,166.8,0.7756613756613756,33.99,162.0,1,1,54.0,True
Tomato,27.1,69.0,209.2,90.0,7.11,43.7,56.5,67.7,6.7,5.8,26.5,6,97.4,1869.9,18828.0,167.9,0.3490415335463259,35.16,584.4000000000001,1,1,56.99999999999999,True
Cotton,30.3,67.3,138.9,50.4,7.0,85.1,41.8,34.1,8.5,17.9,45.6,3,78.3,2039.19,7000.56,161.0,1.1066319895968788,40.61,234.89999999999998,1,1,64.5,True
Wheat,19.8,70.5,62.4,51.3,5.38,42.4,50.0,33.7,6.7,6.3,17.0,5,72.3,1395.9,3201.12,126.10000000000001,0.5005903187721369,28.110000000000003,361.5,0,1,50.5,False
Rice,27.9,53.8,50.6,37.0,6.43,34.5,42.1,52.3,8.1,23.9,40.5,3,55.3,1501.0199999999998,1872.2,128.89999999999998,0.36163522012578614,38.06,165.89999999999998,1,0,45.0,False
Wheat,26.6,84.1,204.5,89.0,6.39,55.8,21.3,37.8,6.2,14.1,41.4,3,173.9,2237.06,18200.5,114.89999999999999,0.9284525790349418,37.830000000000005,521.7,1,1,64.5,True
Wheat,28.2,56.8,49.1,23.9,6.49,58.6,43.0,37.1,7.6,18.5,22.0,4,108.1,1601.76,1173.49,138.7,0.7225647348951912,37.58,432.4,0,0,47.5,True
Cotton,40.0,54.3,48.7,47.5,6.22,29.1,37.9,42.4,5.6,14.8,47.8,7,77.7,2172.0,2313.25,109.4,0.3579335793357934,48.39,543.9,1,1,53.5,True
Maize,34.9,62.1,66.2,54.6,7.25,59.3,38.9,19.5,7.3,16.4,16.9,3,122.4,2167.29,3614.5200000000004,117.69999999999999,0.9983164983164983,44.39,367.20000000000005,0,0,47.0,True
Tomato,28.8,40.9,336.1,90.0,6.5,53.6,27.1,13.7,4.9,22.2,48.0,7,97.1,1177.92,30249.000000000004,94.4,1.2822966507177034,37.33,679.6999999999999,1,1,67.0,True
Wheat,22.4,69.0,92.0,49.6,5.36,66.6,48.1,62.5,6.3,15.2,49.5,2,118.9,1545.6,4563.2,177.2,0.5967741935483871,32.339999999999996,237.8,1,1,62.0,True
Soybean,29.5,40.6,116.1,57.9,6.66,62.1,40.1,13.4,6.4,11.5,46.8,5,114.5,1197.7,6722.19,115.60000000000001,1.1394495412844037,35.86,572.5,1,1,51.0,True
Soybean,20.2,59.2,194.1,59.8,6.88,73.9,37.0,13.3,9.5,20.1,29.4,2,61.6,1195.84,11607.179999999998,124.2,1.4405458089668617,30.139999999999997,123.2,1,1,55.00000000000001,True
Maize,23.9,54.8,127.5,67.5,6.75,45.8,30.5,63.1,9.3,12.0,37.2,7,137.9,1309.7199999999998,8606.25,139.4,0.48414376321353064,31.779999999999998,965.3000000000001,0,1,62.0,False
Rice,24.5,61.7,168.3,61.6,6.84,77.2,41.9,5.0,7.6,12.6,37.1,6,68.3,1511.65,10367.28,124.1,1.6116910229645096,33.190000000000005,409.79999999999995,1,1,63.5,True
Cotton,17.4,87.4,67.3,70.0,7.08,67.3,47.2,56.3,5.4,10.4,30.5,6,87.8,1520.76,4711.0,170.8,0.6440191387559808,28.22,526.8,1,1,54.0,True
Cotton,26.3,88.4,112.6,75.7,6.63,52.2,13.7,36.9,8.4,13.6,49.6,2,64.3,2324.92,8523.82,102.80000000000001,1.0116279069767444,37.86,128.6,0,1,74.0,False
Groundnut,28.8,60.4,92.4,47.8,6.96,69.7,38.5,35.2,7.5,10.0,41.5,3,86.5,1739.52,4416.72,143.4,0.9330655957161982,36.84,259.5,0,1,57.49999999999999,False
Tomato,23.4,72.9,69.1,59.2,6.33,68.7,54.2,13.3,7.7,11.2,62.5,4,160.5,1705.8600000000001,4090.72,136.20000000000002,1.0029197080291972,32.93,642.0,1,1,65.5,True
Groundnut,24.4,86.5,46.9,47.1,6.7,106.4,42.7,31.0,8.2,16.9,59.6,2,164.8,2110.6,2208.99,180.10000000000002,1.4243641231593038,36.43,329.6,1,1,53.0,True
Rice,23.7,95.0,102.9,62.2,6.42,46.0,41.8,84.3,6.5,10.6,39.2,3,138.5,2251.5,6400.380000000001,172.1,0.3619197482297404,35.32,415.5,1,1,56.99999999999999,True
Rice,30.0,95.0,89.7,56.3,6.83,65.6,39.7,27.3,6.5,9.5,41.7,2,102.5,2850.0,5050.11,132.6,0.9647058823529411,41.4,205.0,0,1,60.0,False
Wheat,25.7,44.3,224.2,66.7,6.85,51.4,34.2,28.6,6.9,12.7,51.2,4,48.2,1138.51,14954.14,114.19999999999999,0.80564263322884,32.67,192.8,1,1,62.0,True
Rice,19.3,54.8,181.5,64.1,5.76,85.7,28.3,45.4,7.2,8.5,17.3,5,158.1,1057.6399999999999,11634.15,159.4,1.1472556894243642,26.48,790.5,0,1,59.0,False
Rice,17.1,31.1,73.2,40.7,5.17,10.0,38.9,34.6,10.9,4.4,21.4,4,136.2,531.8100000000001,2979.2400000000002,83.5,0.1342281879194631,21.09,544.8,1,0,48.0,False
Wheat,28.3,80.3,88.7,41.7,5.49,12.4,40.0,27.1,8.4,13.8,59.9,1,139.3,2272.49,3698.7900000000004,79.5,0.18208516886930987,39.089999999999996,139.3,1,1,61.0,True
Soybean,33.5,69.9,350.0,90.0,6.42,49.3,17.0,31.9,6.6,15.9,29.3,5,70.2,2341.65,31500.0,98.19999999999999,0.9879759519038076,43.67,351.0,1,1,72.5,True
Cotton,28.1,62.8,131.3,54.8,5.95,72.8,45.7,16.7,7.8,15.0,33.0,4,86.7,1764.68,7195.240000000001,135.2,1.148264984227129,37.38,346.8,0,1,53.0,False
Cotton,29.6,39.9,108.3,50.3,6.12,61.8,35.0,44.8,8.0,18.4,30.3,7,135.8,1181.04,5447.49,141.6,0.7648514851485149,37.27,950.6000000000001,1,0,43.5,False
Rice,28.5,35.9,171.4,53.3,6.39,56.9,5.0,82.9,7.5,15.7,29.9,5,106.2,1023.15,9135.619999999999,144.8,0.640044994375703,35.230000000000004,531.0,1,1,55.50000000000001,True
Soybean,17.7,65.5,131.2,74.5,6.95,58.2,61.3,34.9,9.7,15.0,27.7,6,65.9,1159.35,9774.4,154.4,0.5987654320987655,27.25,395.40000000000003,0,1,65.0,False
Tomato,22.9,41.6,67.0,22.6,6.71,55.5,40.1,5.0,7.0,8.0,32.1,1,138.5,952.64,1514.2,100.6,1.2039045553145336,28.66,138.5,0,0,48.0,True
Groundnut,31.6,72.3,290.5,90.0,5.92,74.2,44.3,70.5,6.2,13.7,37.8,3,142.8,2284.68,26145.0,189.0,0.6407599309153714,41.57,428.40000000000003,0,1,59.0,False
Maize,26.2,54.3,115.4,54.3,6.47,28.5,36.5,25.5,10.1,9.7,5.6,1,48.1,1422.6599999999999,6266.22,90.5,0.4523809523809524,33.57,48.1,0,1,60.5,False
Rice,29.6,32.3,157.4,66.4,6.47,66.2,43.7,46.5,8.5,17.3,38.4,5,116.0,956.0799999999999,10451.36,156.4,0.7258771929824561,36.29,580.0,0,1,56.99999999999999,False
Cotton,23.6,79.5,275.3,87.6,6.69,71.3,31.8,20.2,4.2,7.8,33.1,3,71.8,1876.2,24116.28,123.3,1.3452830188679246,33.11,215.39999999999998,0,1,74.0,False
Soybean,28.1,68.3,38.6,24.4,6.92,33.7,31.0,18.1,9.3,7.5,41.7,3,71.9,1919.23,941.84,82.80000000000001,0.6726546906187625,36.43,215.70000000000002,0,1,59.5,False
Groundnut,35.2,63.1,246.7,87.4,6.6,67.0,35.3,47.5,7.1,15.3,34.0,2,159.2,2221.1200000000003,21561.58,149.8,0.7995226730310263,44.57000000000001,318.4,1,1,59.0,True
Maize,26.7,68.7,91.9,31.7,6.83,50.3,29.5,56.4,6.6,4.7,43.6,5,114.4,1834.29,2913.23,136.2,0.5788262370540851,34.51,572.0,0,0,50.0,True
Wheat,23.4,60.7,102.4,33.0,7.49,77.0,28.4,33.3,7.6,16.4,27.3,5,40.8,1420.3799999999999,3379.2000000000003,138.7,1.2280701754385965,32.75,204.0,1,0,44.5,False
Rice,27.4,61.7,87.8,15.0,7.14,40.0,70.4,32.3,3.0,11.9,20.7,7,121.8,1690.58,1317.0,142.7,0.3857280617164899,35.95,852.6,0,0,44.0,True
Wheat,31.1,79.1,103.5,52.9,7.17,52.1,17.7,33.5,9.1,9.3,60.1,1,62.9,2460.0099999999998,5475.15,103.3,0.9980842911877394,40.87,62.9,0,1,62.5,False
Groundnut,21.1,88.8,19.3,38.5,5.26,73.8,29.0,53.2,9.0,14.6,23.7,4,105.5,1873.68,743.0500000000001,156.0,0.8870192307692307,32.9,422.0,1,0,43.0,False
Tomato,29.4,73.6,102.1,51.4,6.5,23.5,39.5,42.7,4.3,8.5,28.4,1,112.3,2163.8399999999997,5247.94,105.7,0.2824519230769231,38.46,112.3,1,1,63.0,True
Rice,23.5,63.5,163.7,81.7,6.16,67.8,56.8,39.9,5.6,8.9,49.4,4,120.4,1492.25,13374.289999999999,164.5,0.6939611054247697,31.630000000000003,481.6,0,1,70.0,False
Cotton,24.6,49.6,260.7,80.1,5.27,83.5,54.7,38.0,10.5,13.9,59.0,7,66.1,1220.16,20882.069999999996,176.2,0.8911419423692636,32.34,462.69999999999993,1,1,61.0,True
Maize,23.2,58.4,172.4,73.0,6.3,46.7,29.0,50.7,6.1,12.6,47.6,4,92.4,1354.8799999999999,12585.2,126.4,0.5786864931846345,31.56,369.6,0,1,75.5,False
Rice,26.7,58.1,165.1,81.5,7.25,67.3,29.9,45.0,8.5,13.2,49.4,5,101.0,1551.27,13455.65,142.2,0.8866930171277997,35.15,505.0,0,1,69.0,False
Groundnut,32.8,72.8,106.4,58.5,7.07,71.5,62.1,48.0,5.3,18.8,59.7,4,121.6,2387.8399999999997,6224.400000000001,181.6,0.6435643564356436,43.839999999999996,486.4,1,1,61.5,True
Wheat,31.2,64.0,218.9,53.0,6.47,120.0,8.6,58.3,7.5,11.3,57.7,1,104.3,1996.8,11601.7,186.89999999999998,1.7673048600883654,39.86,104.3,0,1,56.00000000000001,False
Soybean,26.7,95.0,84.5,61.3,7.22,38.7,31.4,58.0,6.6,14.6,18.9,3,49.9,2536.5,5179.849999999999,128.1,0.4280973451327434,39.120000000000005,149.7,1,1,60.0,True
Soybean,25.1,69.3,350.0,90.0,6.81,88.8,32.1,66.0,7.5,13.7,29.5,6,141.9,1739.43,31500.0,186.9,0.8960645812310798,34.77,851.4000000000001,1,1,78.0,True
Groundnut,28.5,74.8,289.9,90.0,6.42,53.3,61.3,40.5,6.2,19.1,27.3,3,84.4,2131.7999999999997,26090.999999999996,155.1,0.5184824902723735,39.8,253.20000000000002,1,1,68.0,True
Wheat,30.3,62.0,89.5,47.3,5.93,49.6,49.0,84.9,6.8,10.1,50.7,1,112.9,1878.6000000000001,4233.349999999999,183.5,0.3676797627872498,38.52,112.9,1,1,59.0,True
Maize,24.0,80.1,172.7,61.8,6.46,52.4,61.5,70.3,7.4,21.1,38.9,7,103.0,1922.3999999999999,10672.859999999999,184.2,0.394578313253012,36.23,721.0,0,0,50.0,True
Rice,30.4,78.4,78.4,52.8,6.95,42.5,7.6,35.9,6.1,7.6,48.2,4,81.7,2383.36,4139.52,86.0,0.9550561797752809,39.760000000000005,326.8,0,1,54.50000000000001,False
Wheat,22.9,56.1,156.2,57.2,6.09,54.8,7.3,25.3,7.3,8.1,35.4,4,36.0,1284.69,8934.64,87.39999999999999,1.6309523809523807,30.13,144.0,1,1,57.49999999999999,True
Rice,37.1,75.0,30.0,27.9,5.65,53.7,54.7,76.9,8.9,13.3,39.7,7,132.2,2782.5,837.0,185.3,0.4049773755656108,47.260000000000005,925.3999999999999,1,1,53.5,True
Cotton,37.0,63.6,130.9,71.7,5.52,66.8,28.3,25.1,7.4,9.6,49.7,6,122.0,2353.2000000000003,9385.53,120.19999999999999,1.227941176470588,45.28,732.0,0,1,66.0,False
Soybean,28.2,78.2,55.7,69.5,7.43,17.5,16.9,22.4,10.7,13.0,51.7,5,113.9,2205.2400000000002,3871.15,56.8,0.4342431761786601,38.62,569.5,0,1,64.5,False
Groundnut,28.5,65.0,153.7,84.8,6.23,66.9,12.3,59.3,6.5,18.0,45.3,5,100.1,1852.5,13033.759999999998,138.5,0.9214876033057853,38.6,500.5,0,1,51.5,False
Cotton,28.3,95.0,115.6,59.6,5.64,75.9,39.8,46.1,10.1,10.6,64.0,5,89.0,2688.5,6889.76,161.8,0.8734177215189873,39.919999999999995,445.0,1,1,67.0,True
Cotton,26.9,75.0,43.1,58.4,6.91,69.7,29.5,32.7,7.3,17.0,42.1,2,123.2,2017.5,2517.04,131.9,1.1028481012658229,37.8,246.4,0,1,56.00000000000001,False
Maize,29.1,80.3,147.3,70.0,6.55,39.4,33.1,43.4,8.9,15.1,32.8,7,152.6,2336.73,10311.0,115.9,0.5083870967741936,40.150000000000006,1068.2,0,1,55.50000000000001,False
Wheat,25.3,75.9,117.0,49.1,5.88,58.0,10.5,28.1,8.8,3.7,40.9,1,77.0,1920.2700000000002,5744.7,96.6,1.4646464646464645,33.63,77.0,1,1,56.49999999999999,True
Groundnut,33.6,65.6,145.0,69.0,5.57,42.7,24.6,37.0,8.6,8.3,45.4,3,64.0,2204.16,10005.0,104.30000000000001,0.6821086261980831,41.82000000000001,192.0,1,1,70.5,True
Cotton,22.4,56.3,89.2,44.7,6.22,56.0,33.9,36.8,9.1,9.6,24.0,3,83.5,1261.12,3987.2400000000002,126.7,0.781032078103208,29.949999999999996,250.5,0,0,49.0,True
Groundnut,29.7,58.8,124.7,48.8,6.37,43.8,57.1,40.1,7.5,16.4,27.5,2,108.3,1746.36,6085.36,141.0,0.4460285132382892,38.86,216.6,1,0,45.0,False
Rice,27.1,63.5,23.7,40.8,5.78,71.4,64.1,49.2,7.9,6.3,31.4,2,102.9,1720.8500000000001,966.9599999999999,184.7,0.6246719160104988,34.71,205.8,1,0,46.5,False
Tomato,26.3,74.0,80.0,26.1,7.9,80.5,49.8,42.1,8.0,9.6,63.1,5,93.8,1946.2,2088.0,172.4,0.8665231431646931,35.620000000000005,469.0,0,0,48.5,True
Soybean,24.3,37.4,223.8,80.8,6.75,61.4,27.7,47.9,7.3,14.0,3.5,2,110.5,908.8199999999999,18083.04,137.0,0.8015665796344648,30.84,221.0,1,1,57.49999999999999,True
Wheat,30.8,69.6,49.4,41.8,5.86,60.3,67.2,19.8,7.1,8.9,48.3,4,84.3,2143.68,2064.9199999999996,147.3,0.6852272727272727,39.54,337.2,1,0,47.0,False
Groundnut,28.4,81.2,302.8,90.0,6.04,48.4,40.5,39.0,5.9,10.5,54.7,3,112.3,2306.08,27252.0,127.9,0.6012422360248447,38.62,336.9,1,1,83.0,True
Soybean,15.0,75.6,131.7,79.0,6.15,27.8,51.8,42.3,8.7,16.2,13.5,6,71.7,1134.0,10404.3,121.89999999999999,0.29232386961093587,25.799999999999997,430.20000000000005,0,1,60.5,False
Maize,18.1,68.3,213.2,82.3,5.72,14.0,50.0,49.1,7.7,13.9,35.9,5,200.0,1236.23,17546.359999999997,113.1,0.13986013986013987,27.71,1000.0,1,1,54.50000000000001,True
Rice,32.7,72.5,61.0,51.5,6.8,50.4,35.2,59.2,6.7,12.1,54.5,7,134.9,2370.75,3141.5,144.8,0.5283018867924528,42.370000000000005,944.3000000000001,0,1,61.5,False
Soybean,39.8,57.2,229.8,90.0,6.45,67.0,41.2,5.4,8.8,15.2,25.8,7,80.0,2276.56,20682.0,113.60000000000001,1.407563025210084,48.559999999999995,560.0,1,1,54.0,True
Tomato,29.0,69.0,154.0,81.2,6.61,67.8,42.6,66.7,9.2,21.4,45.9,4,108.6,2001.0,12504.800000000001,177.10000000000002,0.6146872166817768,40.18,434.4,0,1,57.49999999999999,False
Soybean,30.2,72.4,168.1,80.6,7.53,65.8,28.4,30.0,9.0,12.8,52.8,2,135.2,2186.48,13548.859999999999,124.19999999999999,1.1077441077441077,40.0,270.4,1,1,78.0,True
Cotton,28.1,74.2,78.5,52.8,6.47,62.6,27.3,16.6,8.0,11.1,23.8,3,89.6,2085.02,4144.8,106.5,1.3942093541202671,37.74,268.79999999999995,0,0,48.5,True
Maize,23.8,78.3,121.9,72.0,6.8,73.8,50.3,48.1,8.4,8.8,32.0,1,70.7,1863.54,8776.800000000001,172.2,0.7424547283702213,33.39,70.7,1,1,54.50000000000001,True
Rice,27.0,56.8,151.2,69.1,7.37,83.5,23.3,51.2,5.1,8.8,25.6,5,27.6,1533.6,10447.919999999998,158.0,1.1059602649006623,34.44,138.0,1,1,65.0,True
Maize,25.0,61.2,49.0,47.3,6.73,86.9,34.5,67.3,9.4,10.7,32.4,7,76.9,1530.0,2317.7,188.7,0.845330739299611,33.26,538.3000000000001,1,1,54.0,True
Groundnut,19.9,69.8,73.0,46.0,5.54,86.7,40.1,19.8,6.1,10.6,44.8,4,41.2,1389.0199999999998,3358.0,146.60000000000002,1.4236453201970443,29.0,164.8,1,0,38.0,False
Soybean,33.7,76.0,94.4,46.3,5.88,75.6,33.0,15.4,4.5,1.2,40.3,5,125.0,2561.2000000000003,4370.72,124.0,1.5303643724696356,41.540000000000006,625.0,1,1,52.0,True
Cotton,25.0,46.8,289.3,76.9,6.81,70.2,31.0,57.8,7.7,5.3,14.9,6,89.8,1170.0,22247.170000000002,159.0,0.7817371937639199,30.74,538.8,0,0,48.0,True
Maize,21.9,85.0,104.2,58.3,6.71,92.2,43.4,49.2,7.0,11.4,30.0,2,96.4,1861.4999999999998,6074.86,184.8,0.9850427350427351,32.68,192.8,1,1,52.0,True
Rice,23.3,45.7,83.9,46.3,6.29,42.6,30.7,29.1,3.0,11.6,28.7,7,128.4,1064.8100000000002,3884.57,102.4,0.7006578947368421,30.19,898.8000000000001,1,1,55.50000000000001,True
Tomato,19.9,76.8,272.6,90.0,6.56,81.3,57.3,56.7,4.9,10.0,45.3,2,71.8,1528.32,24534.000000000004,195.3,0.7069565217391304,29.58,143.6,1,1,64.5,True
Soybean,32.7,59.9,70.1,46.6,7.29,78.2,18.6,26.1,9.6,9.4,49.8,4,54.4,1958.73,3266.66,122.9,1.711159737417943,40.57000000000001,217.6,0,0,44.0,True
Soybean,26.6,56.0,194.6,74.1,6.95,40.2,53.1,42.3,6.5,7.2,41.1,6,91.1,1489.6000000000001,14419.859999999999,135.60000000000002,0.4170124481327801,33.64,546.5999999999999,1,1,77.0,True
Wheat,34.0,65.5,76.1,44.4,6.61,19.1,32.3,52.9,7.3,14.7,21.1,7,116.0,2227.0,3378.8399999999997,104.3,0.2215777262180975,43.489999999999995,812.0,1,1,56.00000000000001,True
Rice,28.2,71.9,162.6,51.8,6.52,39.1,38.8,26.3,7.9,9.9,35.2,4,121.3,2027.5800000000002,8422.679999999998,104.2,0.5915279878971257,37.37,485.2,0,1,59.5,False
Maize,19.4,67.4,50.8,16.0,5.9,55.2,38.6,60.4,3.5,10.5,30.5,3,112.4,1307.56,812.8,154.20000000000002,0.552,28.240000000000002,337.20000000000005,0,1,50.5,False
Wheat,29.2,85.8,56.8,58.8,5.97,66.3,50.3,53.1,7.5,16.9,51.1,3,63.4,2505.3599999999997,3339.8399999999997,169.7,0.6350574712643677,41.160000000000004,190.2,1,1,60.0,True
Maize,19.4,84.0,100.7,46.8,6.15,33.9,20.0,64.4,7.2,11.1,37.1,5,116.9,1629.6,4712.76,118.30000000000001,0.3969555035128805,30.019999999999996,584.5,1,1,57.99999999999999,True
Wheat,34.9,62.5,147.4,74.6,7.13,73.8,41.3,36.0,3.0,9.0,31.5,3,143.2,2181.25,10996.039999999999,151.1,0.9425287356321839,42.949999999999996,429.59999999999997,1,1,54.0,True
Maize,22.1,60.6,105.0,27.6,5.91,48.8,25.6,42.7,7.8,11.2,25.9,7,83.0,1339.2600000000002,2898.0,117.10000000000001,0.704184704184704,30.400000000000002,581.0,0,0,43.5,True
Cotton,24.1,68.8,66.2,31.1,6.78,80.4,47.1,49.2,6.2,13.2,30.9,1,153.9,1658.08,2058.82,176.7,0.8263103802672148,33.62,153.9,1,0,43.5,False
Cotton,23.5,69.3,68.0,29.7,6.49,50.1,36.8,53.9,7.6,16.8,44.8,7,69.2,1628.55,2019.6,140.8,0.5463467829880044,33.79,484.40000000000003,0,1,52.5,False
Tomato,27.9,47.9,94.1,64.9,5.93,76.8,42.9,51.0,8.5,13.4,18.9,1,121.8,1336.4099999999999,6107.09,170.7,0.8092729188619598,35.37,121.8,1,1,53.0,True
Tomato,31.4,30.0,33.8,30.6,6.69,68.9,55.3,40.2,3.9,12.3,6.4,1,129.3,942.0,1034.28,164.4,0.7139896373056995,36.86,129.3,0,0,40.5,True
Maize,22.1,59.4,72.6,70.6,6.8,41.2,24.5,59.0,4.1,15.0,41.0,4,89.2,1312.74,5125.5599999999995,124.7,0.48757396449704143,31.04,356.8,1,0,45.5,False
Rice,30.0,86.1,54.9,67.4,6.29,73.6,53.7,61.2,8.6,9.8,53.0,5,112.5,2583.0,3700.26,188.5,0.635030198446937,40.57,562.5,0,1,56.49999999999999,False
Soybean,24.9,69.6,291.9,90.0,5.36,59.2,60.1,5.0,6.5,12.1,59.6,5,117.4,1733.0399999999997,26270.999999999996,124.30000000000001,0.8956127080181544,34.28,587.0,1,1,74.5,True
Rice,25.1,65.4,68.8,46.3,6.98,55.7,22.8,20.6,7.3,15.6,40.4,7,168.4,1641.5400000000002,3185.4399999999996,99.1,1.2545045045045045,34.76,1178.8,0,1,52.5,False
Soybean,31.0,64.5,228.4,82.3,6.57,55.7,17.1,41.6,10.6,16.1,43.2,6,113.5,1999.5,18797.32,114.4,0.932998324958124,40.67,681.0,1,1,69.5,True
Wheat,36.6,95.0,72.3,62.9,5.57,69.0,33.3,20.9,7.3,15.2,65.7,4,109.2,3477.0,4547.67,123.19999999999999,1.25,49.14,436.8,1,1,71.5,True
Groundnut,31.5,71.4,70.7,35.5,7.39,19.6,17.4,62.5,7.3,5.1,45.9,6,96.0,2249.1000000000004,2509.85,99.5,0.242274412855377,39.660000000000004,576.0,1,1,58.5,True
Wheat,19.8,57.3,104.0,36.4,6.88,44.7,22.6,29.7,4.0,11.0,22.5,6,53.6,1134.54,3785.6,97.00000000000001,0.8386491557223266,27.73,321.6,0,1,57.49999999999999,False
Maize,33.0,76.1,162.2,67.8,7.3,83.7,30.6,20.3,4.5,4.1,56.6,4,95.2,2511.2999999999997,10997.159999999998,134.60000000000002,1.6127167630057802,41.43,380.8,1,1,62.5,True
Tomato,21.6,75.1,70.5,51.2,6.0,77.0,40.9,66.6,5.9,12.6,43.6,2,53.7,1622.16,3609.6000000000004,184.5,0.7096774193548387,31.63,107.4,1,1,61.5,True
Wheat,21.9,61.9,163.7,77.4,8.0,18.0,46.4,48.1,8.8,9.5,42.2,1,65.2,1355.61,12670.38,112.5,0.18848167539267016,29.989999999999995,65.2,0,1,60.5,False
Rice,29.1,71.5,212.1,84.6,5.55,56.2,30.0,35.6,9.1,7.5,38.5,5,107.0,2080.65,17943.66,121.80000000000001,0.8438438438438439,37.75,535.0,1,1,66.0,True
Rice,27.7,56.2,91.2,46.5,6.02,31.2,28.4,68.9,7.7,5.0,42.7,2,101.3,1556.74,4240.8,128.5,0.3173957273652085,34.32,202.6,1,1,57.99999999999999,True
Cotton,27.1,79.7,80.2,51.8,6.81,52.7,30.2,57.4,7.9,10.1,49.4,3,105.5,2159.8700000000003,4154.36,140.3,0.5948081264108352,37.09,316.5,1,0,43.5,False
Soybean,19.0,83.7,99.5,53.1,6.15,73.4,57.6,29.0,7.3,11.3,63.2,1,44.9,1590.3,5283.45,160.0,0.8378995433789955,29.630000000000003,44.9,0,1,56.99999999999999,False
Groundnut,25.9,62.5,151.5,52.5,5.37,78.5,54.9,89.6,6.7,3.2,41.4,6,53.1,1618.75,7953.75,223.0,0.5395189003436426,32.79,318.6,0,1,59.0,False
Wheat,27.4,64.3,126.5,43.1,6.23,39.0,35.8,51.1,9.8,14.6,34.1,3,120.2,1761.82,5452.150000000001,125.9,0.44368600682593856,36.75,360.6,0,1,59.0,False
Maize,30.9,88.8,78.2,42.1,6.44,80.1,29.5,10.6,5.8,10.6,70.3,1,81.7,2743.9199999999996,3292.2200000000003,120.19999999999999,1.9489051094890508,41.9,81.7,1,1,57.49999999999999,True
Rice,21.8,86.6,154.1,74.6,5.83,57.2,37.1,50.3,10.4,16.0,55.1,1,69.0,1887.8799999999999,11495.859999999999,144.60000000000002,0.6470588235294118,33.660000000000004,69.0,0,1,62.5,False
Rice,31.5,80.8,21.2,30.5,6.81,35.2,29.5,50.0,10.4,15.5,43.6,7,146.9,2545.2,646.6,114.7,0.43726708074534165,42.68,1028.3,1,1,62.0,True
Wheat,28.7,37.3,91.4,44.4,7.02,79.3,22.7,15.2,8.0,18.0,39.3,3,61.7,1070.51,4058.1600000000003,117.2,2.038560411311054,36.03,185.10000000000002,1,0,49.0,False
Maize,28.3,88.3,59.2,50.0,6.89,41.8,43.5,53.3,3.0,9.8,42.5,1,135.1,2498.89,2960.0,138.6,0.42740286298568503,39.09,135.1,1,1,56.99999999999999,True
Rice,24.9,64.9,112.5,37.1,6.62,48.4,38.6,56.1,7.5,16.6,19.8,1,146.9,1616.01,4173.75,143.1,0.5057471264367815,34.71,146.9,0,1,55.00000000000001,False
Soybean,34.2,64.0,50.7,32.3,5.17,75.7,58.8,51.7,9.8,9.7,58.1,1,99.7,2188.8,1637.61,186.2,0.6789237668161435,42.54,99.7,1,0,48.0,False
Maize,23.3,57.4,87.6,33.0,6.55,50.9,35.2,50.1,8.1,13.2,28.4,1,78.4,1337.42,2890.7999999999997,136.2,0.5898030127462339,31.68,78.4,1,1,52.5,True
Rice,30.7,61.8,140.1,67.4,5.29,67.0,22.1,48.7,6.0,13.3,42.3,2,174.4,1897.2599999999998,9442.74,137.8,0.9331476323119776,39.53999999999999,348.8,1,0,49.5,False
Soybean,30.4,66.6,194.8,88.4,6.4,27.8,21.4,48.2,7.3,18.1,41.2,3,86.0,2024.6399999999996,17220.320000000003,97.4,0.39376770538243633,40.67999999999999,258.0,1,1,76.5,True
Cotton,25.4,81.3,27.6,48.2,6.1,39.4,51.5,54.8,8.1,16.1,35.3,1,104.0,2065.02,1330.3200000000002,145.7,0.36719478098788444,36.75,104.0,1,1,61.5,True
Maize,24.3,55.5,65.5,32.5,5.68,46.4,39.9,19.2,6.9,12.7,34.5,2,133.0,1348.65,2128.75,105.5,0.7720465890183029,32.39,266.0,0,0,48.5,True
Rice,18.5,34.6,56.2,15.0,6.24,82.0,30.5,33.2,4.3,12.9,29.7,7,50.6,640.1,843.0,145.7,1.267387944358578,24.54,354.2,0,0,39.0,True
Maize,29.3,59.0,119.4,68.2,6.68,45.5,44.9,39.4,4.9,4.1,11.2,7,72.5,1728.7,8143.080000000001,129.8,0.5334114888628371,36.02,507.5,1,1,51.5,True
Tomato,23.9,57.4,214.6,82.5,6.89,69.5,21.6,66.3,6.7,8.3,47.8,6,82.2,1371.86,17704.5,157.39999999999998,0.78177727784027,31.3,493.20000000000005,0,1,66.5,False
Rice,21.3,82.0,61.3,64.9,7.31,42.6,13.5,31.3,6.4,6.2,24.0,5,81.2,1746.6000000000001,3978.3700000000003,87.4,0.9301310043668123,30.74,406.0,0,0,46.0,True
Groundnut,22.8,80.4,173.7,90.0,6.53,61.0,33.0,40.6,7.8,13.1,33.9,5,62.7,1833.1200000000001,15632.999999999998,134.6,0.8176943699731904,33.46,313.5,0,1,70.5,False
Rice,26.2,47.6,141.8,68.8,7.0,48.0,20.9,69.6,7.4,10.1,10.6,1,91.8,1247.12,9755.84,138.5,0.5245901639344263,32.980000000000004,91.8,0,1,56.49999999999999,False
Soybean,19.1,60.0,37.6,28.9,7.03,48.2,19.1,46.3,9.6,13.5,38.0,7,80.1,1146.0,1086.64,113.60000000000001,0.7259036144578314,27.8,560.6999999999999,1,1,50.5,True
Maize,31.7,52.5,70.2,41.9,5.69,66.8,44.4,38.1,7.7,8.0,22.1,4,123.1,1664.25,2941.38,149.29999999999998,0.7999999999999999,38.550000000000004,492.4,1,1,52.0,True
Tomato,38.1,87.8,105.4,62.1,6.21,56.7,25.3,24.7,8.9,1.0,56.6,5,104.5,3345.18,6545.34,106.7,1.111764705882353,47.080000000000005,522.5,0,1,63.0,False
Tomato,28.9,42.3,182.4,71.7,6.28,69.6,14.7,33.2,8.9,4.5,24.3,7,88.1,1222.4699999999998,13078.080000000002,117.5,1.4233128834355826,34.029999999999994,616.6999999999999,0,1,59.0,False
Wheat,21.0,46.4,83.4,27.9,7.37,34.9,25.3,12.7,8.0,9.4,24.9,1,105.2,974.4,2326.86,72.9,0.8948717948717948,27.52,105.2,1,0,41.0,False
Wheat,33.0,50.8,158.5,69.4,5.83,50.3,31.4,27.1,8.2,10.9,28.4,3,41.6,1676.3999999999999,10999.900000000001,108.79999999999998,0.8453781512605042,40.26,124.80000000000001,1,1,60.5,True
Tomato,23.0,65.7,249.9,85.4,6.71,51.3,22.3,61.9,9.0,16.8,53.6,7,100.6,1511.1000000000001,21341.460000000003,135.5,0.602112676056338,32.93,704.1999999999999,1,1,66.5,True
Maize,22.8,54.6,95.6,59.6,6.22,82.5,57.0,75.1,8.0,19.4,36.6,3,140.2,1244.88,5697.76,214.6,0.6198347107438017,32.14,420.59999999999997,1,0,49.5,False
Maize,30.0,50.2,50.6,48.8,5.87,39.1,11.4,67.1,5.0,11.5,28.0,6,98.6,1506.0,2469.2799999999997,117.6,0.4918238993710692,37.32,591.5999999999999,1,1,51.0,True
Soybean,26.0,85.3,58.1,64.1,6.03,52.6,63.3,39.0,10.3,20.3,34.4,1,110.5,2217.7999999999997,3724.2099999999996,154.9,0.5091965150048403,38.59,110.5,1,1,62.0,True
Maize,23.8,66.5,132.5,74.8,6.41,50.9,20.2,61.4,9.4,10.0,33.2,5,110.3,1582.7,9911.0,132.5,0.6162227602905569,32.45,551.5,0,1,54.0,False
Soybean,25.5,57.6,96.0,58.8,5.93,42.9,37.1,25.2,4.6,6.8,35.6,3,90.4,1468.8,5644.799999999999,105.2,0.6777251184834123,32.62,271.20000000000005,0,1,62.5,False
Wheat,30.7,82.1,160.1,84.4,6.15,74.3,49.7,37.7,5.3,6.2,38.8,5,58.0,2520.47,13512.44,161.7,0.840497737556561,40.15,290.0,0,1,65.0,False
Rice,32.7,77.8,42.8,62.4,6.23,70.1,44.6,46.8,9.4,13.7,38.0,3,66.9,2544.06,2670.72,161.5,0.7586580086580086,43.220000000000006,200.70000000000002,0,1,60.5,False
Wheat,20.4,71.5,168.8,82.8,6.76,68.5,42.0,56.2,8.0,15.5,46.0,2,123.3,1458.6,13976.640000000001,166.7,0.6905241935483871,30.65,246.6,0,1,69.0,False
Groundnut,35.4,54.7,158.2,65.8,6.36,26.5,31.6,62.3,4.8,13.6,31.9,2,77.3,1936.38,10409.56,120.4,0.2792413066385669,43.589999999999996,154.6,1,1,57.49999999999999,True
Rice,33.7,61.8,90.5,65.9,5.68,53.4,40.0,69.5,7.8,10.6,55.9,6,80.9,2082.66,5963.950000000001,162.9,0.4832579185520362,42.0,485.40000000000003,1,1,65.0,True
Groundnut,23.5,95.0,162.4,74.2,7.12,26.7,34.0,67.6,6.5,16.4,34.3,4,69.9,2232.5,12050.080000000002,128.3,0.260233918128655,36.28,279.6,1,1,76.5,True
Cotton,24.8,74.4,98.6,28.1,7.52,51.3,41.6,54.7,5.7,14.5,39.0,5,99.0,1845.1200000000001,2770.66,147.60000000000002,0.527235354573484,35.14,495.0,1,0,45.5,False
Wheat,33.4,55.8,111.7,34.8,6.59,74.4,11.4,60.1,6.3,21.3,41.5,4,115.7,1863.7199999999998,3887.16,145.9,1.0262068965517241,43.239999999999995,462.8,1,1,54.50000000000001,True
Rice,30.3,76.8,80.3,56.6,6.71,69.6,43.4,35.9,7.5,6.8,54.0,2,100.7,2327.04,4544.98,148.9,0.8667496886674968,39.34,201.4,1,1,58.5,True
Maize,26.0,95.0,66.4,32.0,6.03,44.6,54.0,67.4,6.8,11.6,50.0,4,145.0,2470.0,2124.8,166.0,0.36437908496732024,37.82,580.0,1,1,62.0,True
Wheat,28.8,70.8,59.6,47.5,7.41,47.9,44.9,41.2,5.8,8.7,45.4,3,122.4,2039.04,2831.0,134.0,0.5499425947187141,37.620000000000005,367.20000000000005,0,0,50.0,True
Maize,17.1,79.2,63.3,36.5,6.05,71.5,42.1,40.0,5.7,12.7,48.0,2,98.2,1354.3200000000002,2310.45,153.6,0.8604091456077017,27.560000000000002,196.4,0,1,55.50000000000001,False
Wheat,22.4,72.8,350.0,90.0,5.99,38.7,7.1,46.6,3.9,16.1,43.1,7,106.7,1630.7199999999998,31500.0,92.4,0.7074954296160878,32.9,746.9,1,1,57.99999999999999,True
Tomato,32.8,69.2,34.7,15.0,7.04,42.0,23.7,51.7,10.3,5.9,43.6,7,115.6,2269.7599999999998,520.5,117.4,0.5497382198952879,40.9,809.1999999999999,1,0,40.5,False
Maize,34.2,58.7,107.5,54.6,7.24,50.5,34.9,43.7,3.4,16.4,47.4,2,115.9,2007.5400000000002,5869.5,129.10000000000002,0.6344221105527639,43.35,231.8,1,1,52.0,True
Cotton,23.3,46.0,274.4,79.0,6.48,52.6,46.4,46.0,6.7,8.9,21.7,2,99.5,1071.8,21677.6,145.0,0.563169164882227,29.68,199.0,1,0,50.0,False
Soybean,23.5,34.7,190.5,77.2,5.62,27.2,43.5,39.2,10.5,19.2,12.7,7,47.8,815.45,14706.6,109.9,0.3249701314217443,30.81,334.59999999999997,1,1,53.0,True
Soybean,30.4,58.2,63.5,45.1,6.6,34.5,28.9,11.2,6.2,9.0,48.5,7,40.9,1769.28,2863.85,74.6,0.8394160583941607,38.019999999999996,286.3,0,1,57.99999999999999,False
Soybean,34.0,93.0,31.4,35.9,6.09,77.2,59.9,56.7,5.9,2.5,47.8,3,20.0,3162.0,1127.26,193.8,0.6564625850340137,43.8,60.0,1,1,64.5,True
Rice,25.0,65.2,67.2,63.2,6.72,70.9,21.8,57.3,5.4,14.6,18.2,2,39.8,1630.0,4247.04,150.0,0.8851435705368291,34.44,79.6,0,0,42.0,True
Cotton,30.0,47.9,120.4,50.8,6.11,60.4,35.8,27.1,6.1,3.3,46.4,5,96.2,1437.0,6116.32,123.29999999999998,0.945226917057903,35.449999999999996,481.0,0,1,55.50000000000001,False
Tomato,29.7,69.1,127.9,67.1,6.11,41.9,51.5,39.9,6.8,20.3,30.7,2,82.1,2052.27,8582.09,133.3,0.4534632034632034,40.67,164.2,1,1,57.99999999999999,True
Cotton,28.9,64.8,33.6,15.4,6.3,57.0,42.4,31.3,7.8,15.6,37.1,2,86.1,1872.7199999999998,517.44,130.70000000000002,0.7630522088353413,38.49999999999999,172.2,1,0,42.0,False
Maize,16.5,89.5,272.8,90.0,5.0,101.6,53.1,76.8,6.9,7.8,51.0,3,120.2,1476.75,24552.0,231.5,0.7761650114591291,27.009999999999998,360.6,1,1,55.50000000000001,True
Soybean,25.9,79.3,128.4,57.2,6.42,41.4,37.4,68.1,7.2,10.8,55.7,2,90.6,2053.87,7344.4800000000005,146.89999999999998,0.38873239436619716,35.989999999999995,181.2,0,1,56.49999999999999,False
Wheat,23.9,62.8,157.5,62.7,6.5,60.8,16.1,55.0,6.0,5.1,51.0,3,156.1,1500.9199999999998,9875.25,131.9,0.8432732316227463,31.2,468.29999999999995,0,1,66.0,False
Tomato,29.6,95.0,120.5,83.7,7.82,48.6,22.2,44.4,8.8,18.9,69.3,7,129.4,2812.0,10085.85,115.19999999999999,0.7189349112426037,42.88,905.8000000000001,0,1,51.0,False
Wheat,34.8,65.9,180.6,84.4,5.68,25.6,31.6,47.9,6.9,11.1,47.6,3,85.4,2293.32,15242.640000000001,105.1,0.31801242236024846,43.61,256.20000000000005,1,1,71.5,True
Maize,26.7,77.9,59.5,50.0,6.52,43.0,41.1,30.8,8.6,9.0,52.6,5,99.4,2079.9300000000003,2975.0,114.89999999999999,0.5898491083676268,36.29,497.0,0,1,53.5,False
Rice,34.0,70.2,72.3,63.2,8.0,51.6,34.5,67.4,9.0,9.0,64.4,4,21.6,2386.8,4569.36,153.5,0.5014577259475218,42.82,86.4,1,1,59.5,True
Groundnut,24.4,74.1,172.2,59.3,6.49,96.1,76.9,61.8,8.5,16.9,38.8,7,59.0,1808.0399999999997,10211.46,234.8,0.6879026485325698,35.19,413.0,1,1,56.49999999999999,True
Soybean,32.1,70.1,64.3,54.7,7.11,66.9,50.0,34.2,8.2,4.5,47.2,1,127.8,2250.21,3517.21,151.10000000000002,0.7852112676056339,40.01,127.8,1,1,58.5,True
Cotton,24.0,49.5,72.0,40.1,7.61,56.6,31.7,39.1,5.5,16.5,18.0,7,40.6,1188.0,2887.2000000000003,127.4,0.7883008356545962,32.25,284.2,1,0,43.5,False
Maize,29.9,61.0,197.9,70.3,6.38,83.5,49.2,58.1,6.3,17.4,43.5,6,114.0,1823.8999999999999,13912.369999999999,190.79999999999998,0.7710064635272391,39.48,684.0,0,0,46.0,True
Cotton,27.7,48.0,293.6,89.4,6.41,22.6,41.8,57.3,6.1,18.8,14.8,2,115.0,1329.6,26247.840000000004,121.7,0.2257742257742258,36.26,230.0,0,1,54.0,False
Rice,32.0,70.1,38.1,38.1,6.7,79.9,39.4,16.7,3.4,13.4,57.9,1,116.9,2243.2,1451.6100000000001,136.0,1.3992994746059546,41.69,116.9,0,1,51.5,False
Wheat,31.6,49.7,53.4,24.5,6.47,67.0,42.3,50.2,8.5,5.5,33.9,4,142.7,1570.5200000000002,1308.3,159.5,0.7165775401069518,37.67,570.8,0,1,52.5,False
Soybean,18.8,49.2,49.5,48.9,6.1,48.6,57.9,45.8,7.7,4.7,20.5,4,97.8,924.96,2420.5499999999997,152.3,0.4641833810888253,24.66,391.2,1,0,35.5,False
Rice,25.8,72.3,171.0,76.9,6.13,51.7,56.5,15.5,7.0,1.5,53.5,3,106.4,1865.34,13149.900000000001,123.7,0.7082191780821918,33.33,319.20000000000005,1,1,55.00000000000001,True
Maize,23.9,51.6,154.6,62.7,5.86,62.9,43.2,72.8,4.7,9.8,44.7,1,87.0,1233.24,9693.42,178.89999999999998,0.5376068376068376,31.02,87.0,1,1,63.0,True
Wheat,32.3,82.3,129.9,74.4,5.91,42.2,19.9,53.8,11.0,4.2,36.1,7,73.5,2658.2899999999995,9664.560000000001,115.9,0.564926372155288,41.370000000000005,514.5,1,1,51.0,True
Maize,23.6,56.8,110.9,61.6,5.76,59.3,35.5,32.0,7.7,8.4,30.6,3,105.9,1340.48,6831.4400000000005,126.8,0.8656934306569343,30.96,317.70000000000005,1,1,55.50000000000001,True
Rice,30.3,95.0,53.8,54.5,5.84,83.2,34.5,10.4,7.5,14.3,57.0,5,112.4,2878.5,2932.1,128.1,1.8126361655773422,42.66,562.0,0,0,40.5,True
Wheat,23.4,67.3,350.0,90.0,6.39,45.7,34.9,59.0,8.4,8.3,36.7,7,133.6,1574.82,31500.0,139.6,0.4815595363540569,31.79,935.1999999999999,0,1,69.0,False
Wheat,26.8,56.2,117.8,27.7,6.25,22.2,22.9,62.0,6.6,11.2,21.9,2,108.4,1506.16,3263.06,107.1,0.25844004656577413,34.660000000000004,216.8,0,0,49.5,True
Rice,23.7,86.4,228.7,89.9,5.84,10.0,40.2,38.5,7.6,4.9,52.0,5,98.0,2047.68,20560.13,88.7,0.12547051442910914,33.32,490.0,0,1,59.0,False
Wheat,19.6,77.2,138.3,55.1,7.33,45.5,54.1,47.7,8.7,12.2,65.6,6,62.9,1513.1200000000001,7620.330000000001,147.3,0.4426070038910505,29.76,377.4,1,1,57.99999999999999,True
Soybean,21.6,72.6,33.5,22.2,6.33,62.0,22.8,90.4,9.7,8.5,43.0,7,92.8,1568.16,743.6999999999999,175.2,0.542907180385289,30.56,649.6,1,1,56.99999999999999,True
Rice,23.6,69.9,71.8,55.3,6.38,63.3,59.2,40.2,4.4,7.5,38.8,6,69.1,1649.6400000000003,3970.5399999999995,162.7,0.6304780876494023,32.09,414.59999999999997,0,0,49.5,True
Maize,30.1,65.3,46.9,42.9,6.58,66.8,46.2,30.1,7.5,17.3,42.7,3,54.2,1965.53,2012.0099999999998,143.1,0.8641655886157825,40.09,162.60000000000002,1,0,48.5,False
Rice,25.1,89.2,180.9,90.0,6.7,59.2,30.0,37.4,8.4,13.9,52.0,7,53.9,2238.92,16281.0,126.6,0.8654970760233918,36.800000000000004,377.3,1,1,80.0,True
Tomato,23.8,65.5,53.1,37.2,6.8,72.3,58.6,59.7,4.1,13.6,42.1,7,114.3,1558.9,1975.3200000000002,190.60000000000002,0.606035205364627,33.07,800.1,0,0,43.0,True
Maize,33.7,89.0,274.6,90.0,6.71,69.8,69.9,37.1,6.2,22.9,38.8,5,92.4,2999.3,24714.000000000004,176.79999999999998,0.6462962962962963,47.18,462.0,1,1,68.5,True
Maize,29.1,72.7,31.6,38.7,7.41,78.5,41.0,42.2,9.7,14.7,45.8,6,124.8,2115.57,1222.92,161.7,0.9323040380047506,39.31,748.8,0,0,43.5,True
Groundnut,26.7,71.4,82.1,46.0,6.3,36.5,47.4,68.1,8.6,12.3,40.2,6,160.6,1906.38,3776.6,152.0,0.3133047210300429,36.300000000000004,963.5999999999999,0,1,61.0,False
Rice,24.0,85.6,175.1,59.3,6.54,53.0,27.4,44.7,8.0,10.5,54.3,3,130.9,2054.3999999999996,10383.429999999998,125.10000000000001,0.7250341997264023,34.660000000000004,392.70000000000005,1,1,70.5,True
Soybean,29.0,64.4,126.7,59.8,6.18,95.6,25.3,58.5,8.6,12.4,33.4,2,63.7,1867.6000000000001,7576.66,179.39999999999998,1.1273584905660377,37.919999999999995,127.4,0,1,56.00000000000001,False
Maize,29.5,91.6,350.0,90.0,5.27,48.5,46.5,38.0,7.1,6.8,61.5,6,95.8,2702.2,31500.0,133.0,0.5672514619883041,40.019999999999996,574.8,1,1,77.5,True
Groundnut,27.2,74.2,62.1,44.9,7.33,81.9,59.8,44.0,6.4,11.7,44.1,3,134.6,2018.24,2788.29,185.7,0.7814885496183207,36.959999999999994,403.79999999999995,0,0,46.0,True
Rice,33.7,70.6,72.8,36.9,5.93,53.9,38.2,67.5,7.8,3.3,35.7,3,119.4,2379.22,2686.3199999999997,159.6,0.5051546391752577,41.42,358.20000000000005,0,1,57.49999999999999,False
Rice,24.5,59.5,179.7,54.9,6.49,76.7,35.6,16.4,7.2,7.6,32.2,1,129.0,1457.75,9865.529999999999,128.70000000000002,1.4471698113207547,31.97,129.0,0,1,66.0,False
Wheat,28.6,71.1,85.4,45.5,7.5,47.5,22.1,38.7,4.3,17.5,60.1,4,118.1,2033.46,3885.7000000000003,108.3,0.7686084142394821,39.21,472.4,1,1,57.99999999999999,True
Tomato,32.0,67.2,139.6,69.8,5.77,64.9,50.8,18.3,9.4,9.5,31.0,3,31.8,2150.4,9744.08,134.0,0.9258202567760344,40.62,95.4,1,1,66.0,True
Soybean,26.6,79.0,14.8,29.3,7.88,62.2,35.6,50.3,7.9,22.6,67.5,2,131.6,2101.4,433.64000000000004,148.10000000000002,0.715765247410817,39.02,263.2,1,1,51.5,True
Wheat,34.2,85.5,143.1,76.7,6.72,52.8,48.4,23.0,4.3,15.0,47.1,5,55.2,2924.1000000000004,10975.77,124.19999999999999,0.729281767955801,45.75,276.0,1,1,55.50000000000001,True
Tomato,27.8,56.7,38.3,34.8,6.82,75.0,46.4,60.6,5.4,15.1,50.2,4,91.3,1576.2600000000002,1332.8399999999997,182.0,0.6944444444444444,36.49,365.2,1,0,43.0,False
Cotton,25.3,75.0,81.3,44.4,6.18,89.6,44.3,34.7,9.4,11.5,46.6,7,75.1,1897.5,3609.72,168.59999999999997,1.1199999999999999,35.099999999999994,525.6999999999999,0,1,62.5,False
Groundnut,33.3,84.9,145.9,90.0,6.33,32.9,38.5,29.3,10.0,11.0,44.2,1,104.4,2827.17,13131.0,100.7,0.47819767441860467,43.99,104.4,0,1,66.0,False
Tomato,24.3,65.9,91.1,58.3,5.0,20.9,5.0,18.8,9.0,22.7,21.6,1,50.5,1601.3700000000001,5311.129999999999,44.7,0.8427419354838709,35.43,50.5,1,1,55.50000000000001,True
Tomato,23.7,63.1,111.7,45.2,6.28,60.8,52.9,46.4,7.1,5.6,36.8,6,78.4,1495.47,5048.84,160.1,0.6061814556331007,31.13,470.40000000000003,0,0,44.5,True
Maize,24.7,46.4,199.3,75.4,6.83,67.5,31.1,96.5,6.8,8.4,26.9,2,161.1,1146.08,15027.220000000001,195.1,0.5248833592534993,31.02,322.2,1,1,62.5,True
Cotton,23.3,87.0,65.3,51.5,6.21,59.5,43.7,77.9,7.9,10.9,47.1,6,113.9,2027.1000000000001,3362.95,181.10000000000002,0.4853181076672104,34.18,683.4000000000001,0,1,56.49999999999999,False
Cotton,39.3,51.5,32.6,34.0,5.67,56.6,41.3,59.3,5.5,9.7,37.7,4,88.5,2023.9499999999998,1108.4,157.2,0.5570866141732284,46.38999999999999,354.0,0,0,45.0,True
Groundnut,35.8,71.9,286.6,90.0,5.79,76.5,11.0,41.5,5.7,12.9,46.8,3,20.0,2574.02,25794.000000000004,129.0,1.4299065420560748,45.56999999999999,60.0,1,1,64.5,True
Wheat,34.9,63.6,217.1,82.4,6.58,50.8,31.7,57.9,8.2,6.8,41.8,5,135.3,2219.64,17889.04,140.4,0.5607064017660044,42.62,676.5,1,1,75.0,True
Maize,27.6,75.7,30.0,45.1,6.67,20.7,30.1,39.1,8.6,11.2,28.2,3,48.7,2089.32,1353.0,89.9,0.2948717948717948,37.410000000000004,146.10000000000002,0,1,61.5,False
Rice,32.9,60.9,22.2,15.0,6.65,60.2,31.0,41.3,9.4,18.6,36.2,3,72.2,2003.61,333.0,132.5,0.8212824010914053,42.709999999999994,216.60000000000002,0,0,50.0,True
Cotton,34.4,95.0,79.9,60.1,6.79,49.3,20.7,64.5,7.3,13.6,29.8,1,77.4,3268.0,4801.990000000001,134.5,0.5719257540603248,46.62,77.4,1,1,63.5,True
Cotton,25.5,65.1,108.3,39.6,6.62,60.2,14.2,41.0,6.4,18.0,61.6,4,121.8,1660.05,4288.68,115.4,1.0711743772241993,35.61,487.2,1,1,57.49999999999999,True
Wheat,24.5,79.3,134.2,58.5,6.29,51.3,22.9,64.0,8.3,5.3,61.3,2,101.5,1942.85,7850.699999999999,138.2,0.583617747440273,33.49,203.0,0,1,58.5,False
Soybean,35.5,68.6,47.8,36.2,7.55,39.5,33.5,47.4,6.5,10.8,28.1,3,165.0,2435.2999999999997,1730.3600000000001,120.4,0.48229548229548225,44.519999999999996,495.0,1,1,52.5,True
Soybean,28.2,79.6,314.4,90.0,6.37,54.6,28.0,28.6,5.8,13.7,36.3,7,107.9,2244.72,28295.999999999996,111.19999999999999,0.9479166666666666,38.9,755.3000000000001,1,1,65.5,True
Cotton,23.1,90.4,43.7,36.1,5.87,43.0,44.2,83.5,9.3,5.6,43.2,6,72.9,2088.2400000000002,1577.5700000000002,170.7,0.33411033411033414,33.26,437.40000000000003,1,1,57.99999999999999,True
Cotton,31.0,76.2,112.1,90.0,6.28,64.4,36.9,35.3,8.7,11.1,56.0,5,60.2,2362.2000000000003,10089.0,136.60000000000002,0.8797814207650275,40.839999999999996,301.0,0,1,74.0,False
Soybean,27.1,80.5,167.9,90.0,6.06,42.5,38.2,39.2,7.1,14.0,50.7,6,132.0,2181.55,15111.0,119.9,0.5420918367346939,37.95,792.0,1,1,69.5,True
Soybean,26.8,81.7,57.5,39.3,6.22,71.9,37.5,38.3,8.4,7.3,48.9,4,133.2,2189.56,2259.75,147.7,0.9361979166666667,36.43,532.8,0,0,47.5,True
Groundnut,26.4,69.5,115.6,56.6,7.18,29.5,35.5,77.7,6.4,11.7,47.3,5,82.1,1834.8,6542.96,142.7,0.2583187390542907,35.69,410.5,0,1,56.00000000000001,False
Cotton,24.5,58.1,263.0,86.7,6.73,39.2,29.2,26.5,3.9,13.0,39.0,6,120.9,1423.45,22802.100000000002,94.9,0.691358024691358,32.910000000000004,725.4000000000001,0,1,72.0,False
Rice,37.5,85.9,21.4,35.7,6.24,31.7,34.3,24.4,9.9,8.7,44.6,2,88.8,3221.25,763.98,90.4,0.5309882747068677,47.830000000000005,177.6,0,1,54.50000000000001,False
Rice,34.0,69.7,87.4,44.9,6.31,92.0,41.0,61.9,6.9,17.0,21.2,5,91.4,2369.8,3924.26,194.9,0.8854667949951877,44.37,457.0,0,1,52.5,False
Wheat,31.1,61.6,29.2,37.8,5.91,92.0,41.6,29.3,6.9,10.4,27.9,2,119.3,1915.7600000000002,1103.76,162.9,1.2795549374130737,39.34,238.6,0,0,49.0,True
Tomato,15.6,40.4,81.8,31.7,6.39,68.5,6.5,58.5,7.8,10.7,0.0,4,61.8,630.24,2593.06,133.5,1.0378787878787878,21.78,247.2,1,0,43.0,False
Tomato,30.3,80.1,75.6,39.3,6.33,47.3,40.1,46.0,7.0,7.3,62.1,7,94.8,2427.0299999999997,2971.0799999999995,133.4,0.5430539609644087,39.77,663.6,1,0,47.0,False
Groundnut,27.0,93.7,57.8,67.3,5.65,38.1,43.2,70.2,7.4,13.1,33.6,6,75.7,2529.9,3889.9399999999996,151.5,0.333041958041958,38.99,454.20000000000005,1,1,53.5,True
Cotton,17.0,83.4,54.0,48.4,7.51,57.6,27.4,29.0,7.7,12.5,42.4,7,38.8,1417.8000000000002,2613.6,114.0,1.0034843205574913,27.84,271.59999999999997,0,1,53.5,False
Cotton,32.5,61.1,196.4,69.7,6.02,62.5,18.1,57.9,8.2,6.6,49.5,2,108.1,1985.75,13689.080000000002,138.5,0.8116883116883117,39.93,216.2,1,1,59.5,True
Soybean,31.9,94.7,75.4,73.3,6.25,36.8,18.4,9.6,10.9,15.9,57.9,2,60.4,3020.93,5526.820000000001,64.8,1.2689655172413792,44.55,120.8,1,1,59.0,True
Soybean,22.1,75.0,269.3,90.0,6.98,50.1,6.2,72.6,4.5,15.4,37.2,1,188.4,1657.5,24237.0,128.9,0.6278195488721805,32.68,188.4,1,1,51.5,True
Soybean,19.9,51.3,347.8,90.0,6.03,74.4,13.4,16.4,5.4,18.8,33.0,6,86.8,1020.8699999999999,31302.0,104.20000000000002,2.415584415584416,28.79,520.8,1,1,68.5,True
Rice,23.6,59.6,207.3,81.7,7.02,80.7,5.0,28.1,6.9,6.8,20.9,4,155.9,1406.5600000000002,16936.41,113.80000000000001,2.366568914956012,30.92,623.6,0,1,54.50000000000001,False
Cotton,23.9,75.6,61.4,27.5,6.66,51.9,20.6,45.2,10.5,9.0,18.6,4,117.6,1806.8399999999997,1688.5,117.7,0.776946107784431,33.26,470.4,0,1,53.5,False
Tomato,22.9,80.5,174.1,78.5,6.69,71.0,22.5,32.6,4.7,6.1,59.5,7,116.8,1843.4499999999998,13666.85,126.1,1.2655971479500892,32.17,817.6,1,1,67.0,True
Maize,29.1,64.8,60.7,51.4,6.37,38.7,25.5,62.3,4.7,13.8,55.1,2,55.9,1885.68,3119.98,126.5,0.43581081081081086,38.339999999999996,111.8,0,1,53.0,False
Tomato,29.7,70.8,168.8,67.0,7.06,48.8,58.3,41.4,5.8,14.6,53.3,5,44.4,2102.7599999999998,11309.6,148.5,0.48460774577954324,39.7,222.0,1,1,70.5,True
Maize,21.4,56.1,168.3,85.2,6.25,33.3,36.9,44.7,5.3,4.3,27.6,7,80.7,1200.54,14339.160000000002,114.89999999999999,0.40314769975786924,27.869999999999997,564.9,0,1,51.0,False
Groundnut,22.3,93.3,56.6,67.7,6.15,31.8,45.0,51.3,11.0,17.1,34.3,1,88.8,2080.59,3831.82,128.1,0.32682425488180883,35.050000000000004,88.8,0,1,57.99999999999999,False
Cotton,29.1,95.0,229.9,90.0,5.03,78.4,41.2,34.8,6.4,6.7,48.0,5,20.0,2764.5,20691.0,154.4,1.0181818181818183,39.940000000000005,100.0,0,1,59.5,False
Rice,18.2,73.1,163.4,61.1,6.46,10.7,30.0,21.5,6.7,11.0,34.6,1,141.9,1330.4199999999998,9983.74,62.2,0.2038095238095238,27.709999999999997,141.9,1,1,62.0,True
Wheat,22.7,74.4,54.4,57.1,6.32,43.9,54.8,25.6,3.5,6.5,59.1,7,20.0,1688.88,3106.24,124.29999999999998,0.5393120393120393,31.44,140.0,0,1,52.5,False
Rice,21.6,74.2,106.5,51.5,6.32,28.2,56.3,8.0,7.5,16.0,31.4,3,100.7,1602.7200000000003,5484.75,92.5,0.4318529862174579,32.220000000000006,302.1,1,0,41.0,False
Rice,29.0,90.9,159.6,82.6,6.75,35.7,50.3,10.4,10.8,14.3,65.7,3,137.3,2636.1000000000004,13182.96,96.4,0.5786061588330633,40.95,411.90000000000003,0,1,62.5,False
Soybean,21.5,95.0,117.7,58.3,6.11,50.6,43.3,50.3,8.9,14.9,67.6,7,87.7,2042.5,6861.91,144.2,0.5348837209302326,33.98,613.9,0,1,62.0,False
Rice,25.2,65.8,70.9,65.6,7.35,76.5,50.0,38.5,8.0,11.7,31.5,1,116.5,1658.1599999999999,4651.04,165.0,0.8547486033519553,34.120000000000005,116.5,1,1,55.50000000000001,True
Wheat,31.6,66.0,141.4,61.6,6.23,41.8,45.9,58.7,3.2,10.0,76.3,2,44.5,2085.6,8710.24,146.39999999999998,0.3958333333333333,40.2,89.0,1,1,64.5,True
Soybean,25.3,70.5,248.1,85.0,6.9,67.0,34.7,27.4,7.1,18.0,61.3,1,142.3,1783.65,21088.5,129.1,1.0618066561014263,35.95,142.3,0,1,59.5,False
Soybean,31.7,57.9,82.3,41.4,5.92,53.4,61.7,50.9,8.9,8.5,41.2,1,84.0,1835.4299999999998,3407.22,166.0,0.47007042253521125,39.190000000000005,84.0,1,0,49.5,False
Rice,28.7,80.8,236.4,90.0,6.61,81.2,25.1,38.5,5.9,16.6,54.4,2,123.8,2318.96,21276.0,144.8,1.256965944272446,40.1,247.6,1,1,73.5,True
Maize,22.9,61.3,249.0,84.9,6.86,62.5,14.6,38.7,6.7,19.3,53.3,6,91.7,1403.7699999999998,21140.100000000002,115.8,1.151012891344383,32.89,550.2,1,1,81.0,True
Tomato,27.3,66.0,187.1,64.5,5.79,62.5,43.6,41.7,5.7,14.6,66.7,6,135.8,1801.8,12067.949999999999,147.8,0.724217844727694,36.82,814.8000000000001,1,1,69.0,True
Soybean,22.6,57.9,169.1,56.6,6.33,82.0,56.2,79.1,4.5,10.5,29.3,6,71.8,1308.54,9571.06,217.29999999999998,0.6016140865737344,30.490000000000002,430.79999999999995,0,1,57.99999999999999,False
Cotton,29.4,85.4,52.0,44.1,7.4,47.2,26.8,27.3,8.0,14.3,47.9,1,46.8,2510.76,2293.2000000000003,101.3,0.8566243194192378,40.8,46.8,1,1,72.0,True
Rice,25.4,83.0,49.9,45.2,5.66,63.5,32.3,63.5,7.7,22.2,40.1,4,93.1,2108.2,2255.48,159.3,0.6559917355371901,38.14,372.4,1,1,53.5,True
Rice,23.2,70.3,85.9,32.7,5.88,72.7,24.5,54.4,3.0,13.3,32.6,7,140.9,1630.9599999999998,2808.9300000000003,151.6,0.9098873591989988,32.89,986.3000000000001,0,0,44.0,True
Cotton,21.3,70.1,92.4,34.0,5.0,95.7,12.4,48.9,8.6,15.3,24.8,2,64.7,1493.1299999999999,3141.6000000000004,157.0,1.536115569823435,31.37,129.4,0,0,47.5,True
Groundnut,30.2,54.0,306.9,90.0,6.17,82.7,35.6,60.5,6.4,7.7,38.1,1,92.9,1630.8,27620.999999999996,178.8,0.8516992790937179,37.14,92.9,1,1,76.5,True
Soybean,21.1,79.7,166.1,72.4,6.31,34.9,53.5,72.8,8.2,18.0,58.1,3,79.0,1681.67,12025.640000000001,161.2,0.2741555380989788,32.67,237.0,1,1,60.0,True
Wheat,40.0,65.6,196.2,71.1,5.46,66.6,28.6,30.9,3.0,15.6,47.7,2,132.4,2624.0,13949.819999999998,126.1,1.1008264462809916,49.68,264.8,0,1,50.5,False
Groundnut,26.3,63.9,125.9,88.1,6.6,42.1,56.2,65.5,7.1,6.0,36.5,7,108.7,1680.57,11091.789999999999,163.8,0.34311328443357786,33.89,760.9,0,1,58.5,False
Wheat,23.9,55.7,225.9,60.0,7.72,53.9,40.1,53.1,8.4,14.1,55.6,1,86.5,1331.23,13554.0,147.1,0.5721868365180467,32.29,86.5,1,1,63.5,True
Soybean,22.9,76.1,118.0,77.2,6.59,80.0,19.0,22.4,3.0,7.5,39.2,6,20.0,1742.6899999999998,9109.6,121.4,1.8867924528301887,32.01,120.0,1,1,63.0,True
Groundnut,22.9,93.2,18.9,31.0,6.39,24.5,21.1,13.7,6.5,9.4,47.8,3,133.6,2134.2799999999997,585.9,59.3,0.6843575418994414,34.1,400.79999999999995,0,0,43.5,True
Tomato,30.8,72.7,313.3,90.0,5.9,26.6,51.8,44.5,7.4,10.7,48.3,3,89.1,2239.1600000000003,28197.0,122.9,0.2733812949640288,40.21,267.29999999999995,1,1,88.0,True
Groundnut,25.5,51.0,136.0,52.4,6.58,52.1,36.5,72.6,8.3,12.6,28.6,1,144.9,1300.5,7126.4,161.2,0.47320617620345146,33.120000000000005,144.9,1,1,62.0,True
Tomato,26.8,72.3,48.4,38.9,6.46,82.0,42.4,12.7,3.4,19.9,45.2,1,69.0,1937.6399999999999,1882.7599999999998,137.1,1.4616755793226384,38.01,69.0,1,0,45.0,False
Soybean,22.4,62.1,86.5,38.4,6.36,64.8,44.3,7.0,4.5,18.5,11.4,1,142.8,1391.04,3321.6,116.1,1.2390057361376674,32.31,142.8,0,0,45.5,True
Rice,24.5,67.4,131.2,66.5,6.37,70.5,46.5,52.1,6.9,14.4,26.8,6,130.3,1651.3000000000002,8724.8,169.1,0.7078313253012049,34.120000000000005,781.8000000000001,0,1,64.0,False
Wheat,33.3,42.4,139.3,56.8,6.08,85.4,56.4,55.7,7.3,6.0,18.1,5,104.4,1411.9199999999998,7912.240000000001,197.5,0.7550839964633069,38.74,522.0,1,1,56.00000000000001,True
Tomato,32.6,41.3,42.4,15.0,5.09,36.8,35.0,41.2,7.8,14.0,41.5,1,140.3,1346.3799999999999,636.0,113.0,0.47668393782383417,39.53,140.3,0,0,48.0,True
Tomato,39.3,72.8,79.5,54.4,7.72,39.2,37.2,51.6,5.9,11.6,39.3,4,68.3,2861.0399999999995,4324.8,128.0,0.4365256124721603,48.9,273.2,1,1,58.5,True
Tomato,30.6,77.0,156.9,90.0,6.0,31.1,41.9,44.4,4.5,16.4,31.2,5,64.2,2356.2000000000003,14121.0,117.4,0.35624284077892326,41.580000000000005,321.0,1,1,63.5,True
Cotton,25.3,57.1,193.2,71.9,6.52,78.5,33.5,37.6,5.7,8.9,33.9,4,75.1,1444.63,13891.08,149.6,1.0887656033287103,32.79,300.4,1,1,74.5,True
Soybean,29.1,72.5,70.6,52.3,7.85,75.9,52.9,26.4,6.0,16.3,29.2,3,64.5,2109.75,3692.3799999999997,155.20000000000002,0.9452054794520549,39.61,193.5,1,0,47.0,False
Rice,28.9,60.7,104.1,43.2,6.12,86.1,45.3,31.8,5.8,16.8,28.0,2,149.9,1754.23,4497.12,163.2,1.1024327784891166,38.33,299.8,1,1,56.49999999999999,True
Maize,32.7,70.8,140.5,85.6,7.24,51.2,30.2,53.3,9.2,10.0,59.6,6,56.8,2315.1600000000003,12026.8,134.7,0.6059171597633136,41.78,340.79999999999995,0,1,70.0,False
Tomato,34.5,84.5,67.3,49.2,6.45,58.3,32.3,25.3,5.8,13.2,25.8,5,114.2,2915.25,3311.16,115.89999999999999,0.9948805460750854,45.59,571.0,0,1,54.50000000000001,False
Soybean,28.3,63.8,65.6,32.9,6.35,77.4,57.1,39.8,4.0,10.2,17.2,7,66.3,1805.54,2158.24,174.3,0.7906026557711952,36.72,464.09999999999997,0,0,36.0,True
Wheat,27.3,64.7,76.2,38.8,6.59,58.3,10.6,27.6,5.3,11.8,21.5,4,110.6,1766.3100000000002,2956.56,96.5,1.4872448979591835,36.13,442.4,1,0,49.5,False
Rice,28.3,92.4,136.2,54.7,5.96,43.5,53.1,23.9,8.2,8.2,58.4,4,129.2,2614.92,7450.139999999999,120.5,0.5576923076923077,39.18,516.8,1,1,73.5,True
Wheat,28.1,86.7,151.2,88.0,7.13,45.5,20.4,48.3,5.9,12.7,44.0,4,125.8,2436.27,13305.599999999999,114.2,0.6527977044476329,39.31,503.2,0,1,68.5,False
Cotton,23.8,61.4,168.0,57.6,6.68,10.4,35.8,37.5,7.3,9.7,21.7,6,65.7,1461.32,9676.800000000001,83.69999999999999,0.13997308209959625,31.880000000000003,394.20000000000005,1,0,46.5,False
Groundnut,23.5,80.6,62.0,49.2,6.7,61.9,35.3,16.7,5.9,8.2,50.8,7,146.4,1894.1,3050.4,113.89999999999999,1.1679245283018869,33.199999999999996,1024.8,1,0,48.5,False
Wheat,33.1,67.8,350.0,90.0,6.86,52.7,7.3,28.1,6.9,18.6,36.8,3,99.6,2244.18,31500.0,88.1,1.447802197802198,43.6,298.79999999999995,1,1,80.5,True
Cotton,32.6,74.7,109.4,74.7,6.55,14.6,26.7,58.5,8.9,16.5,58.7,5,118.7,2435.2200000000003,8172.18,99.8,0.1693735498839907,43.37,593.5,0,1,56.49999999999999,False
Maize,34.1,63.3,190.8,61.8,6.47,77.0,31.3,49.1,8.8,9.9,34.5,2,69.0,2158.53,11791.44,157.4,0.9459459459459458,42.41,138.0,0,1,66.0,False
Tomato,26.3,63.7,46.2,54.0,7.37,42.8,22.7,54.4,4.8,11.1,32.2,5,83.1,1675.3100000000002,2494.8,119.9,0.5480153649167734,34.89,415.5,1,0,45.5,False
Groundnut,34.3,77.5,227.7,90.0,6.56,20.7,29.7,44.6,9.7,10.5,67.7,7,103.0,2658.25,20493.0,95.0,0.2749003984063745,44.15,721.0,0,1,73.5,False
Tomato,26.6,77.8,128.2,60.2,7.19,60.7,13.7,5.0,5.0,10.9,56.7,5,106.9,2069.48,7717.639999999999,79.4,3.0812182741116754,36.56,534.5,0,1,55.00000000000001,False
Tomato,30.3,67.3,113.6,40.7,6.32,62.5,33.8,23.0,5.4,10.4,34.6,3,64.2,2039.19,4623.52,119.3,1.0813148788927336,39.11,192.60000000000002,0,1,65.0,False
Maize,27.3,93.5,63.6,51.4,6.62,36.4,34.1,24.4,5.1,14.1,26.8,4,41.4,2552.55,3269.04,94.9,0.6117647058823529,39.47,165.6,0,1,52.5,False
Wheat,21.1,69.7,85.3,70.7,7.34,22.4,33.4,51.6,4.7,16.6,40.9,5,60.3,1470.67,6030.71,107.4,0.26046511627906976,31.39,301.5,0,0,47.0,True
Rice,33.6,65.6,165.9,70.7,6.18,61.9,24.6,44.3,7.7,2.7,25.9,6,131.0,2204.16,11729.130000000001,130.8,0.8855507868383404,40.7,786.0,0,1,57.49999999999999,False
Wheat,22.1,76.7,282.2,90.0,6.42,61.2,43.9,61.7,7.0,6.6,37.2,6,105.5,1695.0700000000002,25398.0,166.8,0.5741088180112571,31.090000000000003,633.0,0,1,59.0,False
Tomato,31.2,74.9,123.9,65.9,6.77,35.0,52.9,71.3,9.2,14.3,28.5,1,103.3,2336.88,8165.010000000001,159.2,0.2795527156549521,41.55,103.3,1,1,65.5,True
Tomato,22.9,72.1,154.8,63.0,6.45,57.7,41.5,5.0,6.3,13.8,24.1,6,146.7,1651.0899999999997,9752.400000000001,104.2,1.2147368421052631,32.87,880.1999999999999,0,1,56.49999999999999,False
Tomato,27.6,87.7,183.6,74.6,6.34,69.9,32.7,50.1,8.7,15.3,52.4,5,85.0,2420.52,13696.559999999998,152.70000000000002,0.8341288782816229,39.43000000000001,425.0,1,1,68.0,True
Maize,31.9,75.2,49.3,49.3,7.31,32.4,27.2,48.3,7.0,16.9,52.9,2,64.4,2398.88,2430.49,107.89999999999999,0.4235294117647059,42.800000000000004,128.8,1,1,55.50000000000001,True
Soybean,18.8,60.7,99.4,40.9,7.58,50.9,34.3,16.5,6.5,9.0,20.5,3,99.4,1141.16,4065.46,101.69999999999999,0.9826254826254827,26.67,298.20000000000005,1,1,54.0,True
Cotton,31.6,36.8,102.0,34.4,7.02,43.3,25.0,47.3,4.6,15.4,21.6,5,60.8,1162.8799999999999,3508.7999999999997,115.6,0.5907230559345157,38.36,304.0,1,0,45.5,False
Tomato,27.2,65.3,124.6,49.9,6.77,57.8,17.7,58.1,5.5,6.2,43.0,3,53.0,1776.1599999999999,6217.54,133.6,0.7526041666666666,34.97,159.0,1,1,53.0,True
Groundnut,20.1,78.6,117.8,53.6,7.28,63.1,37.1,55.4,10.3,11.4,61.3,2,120.8,1579.86,6314.08,155.6,0.6748663101604279,30.240000000000002,241.6,1,1,59.0,True
Rice,28.3,84.7,69.7,58.6,6.8,68.8,41.2,40.7,4.6,13.5,42.9,6,149.8,2397.01,4084.42,150.7,0.8299155609167671,39.470000000000006,898.8000000000001,1,0,47.5,False
Soybean,25.9,61.4,150.4,58.9,5.59,23.5,7.2,19.2,3.2,17.5,16.3,1,75.2,1590.2599999999998,8858.56,49.9,0.8576642335766423,35.54,75.2,1,1,54.0,True
Wheat,32.7,87.7,120.1,74.2,7.99,44.8,40.1,68.4,4.9,9.6,39.7,3,26.4,2867.7900000000004,8911.42,153.3,0.40913242009132417,43.39,79.19999999999999,1,1,62.0,True
Maize,25.2,78.2,134.7,69.1,6.7,45.0,27.2,73.7,8.0,13.8,46.8,7,76.9,1970.64,9307.769999999999,145.9,0.44160942100098133,35.779999999999994,538.3000000000001,0,1,61.0,False
Soybean,33.7,57.7,183.4,73.3,7.46,67.1,29.1,54.1,6.3,12.4,16.8,1,89.3,1944.4900000000002,13443.22,150.29999999999998,0.7969121140142517,41.95,89.3,1,1,65.5,True
Rice,28.4,72.4,69.8,38.2,6.25,67.2,29.7,37.5,4.8,15.2,36.5,3,32.9,2056.16,2666.36,134.4,0.9853372434017595,38.68,98.69999999999999,1,0,49.0,False
Soybean,36.6,50.7,85.0,43.5,7.68,37.0,34.9,63.0,8.7,1.0,44.6,5,106.2,1855.6200000000001,3697.5,134.9,0.3741152679474216,41.870000000000005,531.0,1,1,56.49999999999999,True
Rice,24.0,68.0,88.9,43.7,5.91,36.5,32.1,29.2,5.8,8.4,23.2,5,103.4,1632.0,3884.9300000000003,97.8,0.5858747993579454,32.480000000000004,517.0,0,1,52.0,False
Cotton,31.7,67.3,43.1,35.0,6.47,82.4,32.1,80.5,5.6,16.0,45.5,1,79.7,2133.41,1508.5,195.0,0.7253521126760564,41.63,79.7,1,1,62.5,True
Cotton,26.9,66.4,117.9,43.1,6.84,23.4,40.7,30.9,5.4,24.4,37.1,4,99.5,1786.16,5081.490000000001,95.0,0.32231404958677684,38.42,398.0,0,1,56.99999999999999,False
Wheat,30.5,54.0,176.5,73.0,7.67,61.9,57.7,40.5,6.8,9.2,51.9,1,67.2,1647.0,12884.5,160.1,0.6239919354838709,37.739999999999995,67.2,1,1,67.5,True
Maize,32.1,72.7,122.9,58.1,5.72,85.9,34.5,50.1,4.9,8.6,43.4,5,121.3,2333.67,7140.490000000001,170.5,1.0035046728971964,41.09,606.5,0,1,55.50000000000001,False
Wheat,27.6,69.5,174.2,70.6,7.0,38.9,44.4,58.0,5.9,15.1,37.4,2,176.4,1918.2,12298.519999999999,141.3,0.3762088974854932,37.57000000000001,352.8,0,1,54.50000000000001,False
Cotton,32.8,68.3,119.3,68.9,6.46,65.9,38.5,33.8,9.6,13.5,22.9,7,135.5,2240.24,8219.77,138.2,0.8990450204638473,42.33,948.5,0,1,61.0,False
Rice,24.3,61.4,188.6,80.1,6.86,57.6,27.7,41.1,5.7,18.3,24.0,2,121.3,1492.02,15106.859999999999,126.4,0.8252148997134671,34.1,242.6,1,1,64.0,True
Soybean,29.5,71.2,165.2,45.8,6.84,45.9,45.5,40.3,5.4,14.6,20.0,6,75.4,2100.4,7566.159999999999,131.7,0.5288018433179723,39.54,452.40000000000003,1,1,58.5,True
Maize,25.1,70.6,41.0,22.4,7.6,63.1,55.0,33.5,4.2,18.1,39.1,2,42.3,1772.06,918.4,151.6,0.7050279329608938,35.78,84.6,0,0,47.0,True
Rice,31.8,56.6,82.2,21.2,6.25,57.0,28.9,34.8,9.7,8.1,27.0,6,122.2,1799.88,1742.64,120.7,0.8809891808346215,39.08,733.2,1,0,44.0,False
Maize,35.9,57.3,75.3,43.1,6.13,71.4,49.3,25.5,6.4,9.3,41.3,2,118.2,2057.0699999999997,3245.43,146.2,0.9419525065963061,43.489999999999995,236.4,1,0,41.5,False
Groundnut,33.6,65.0,258.1,86.3,6.7,63.6,43.9,63.5,9.3,16.3,65.7,7,91.9,2184.0,22274.030000000002,171.0,0.5867158671586715,43.36,643.3000000000001,1,1,79.0,True
Soybean,25.9,75.6,199.4,80.3,5.79,79.8,24.7,57.7,5.3,4.9,50.2,5,77.2,1958.0399999999997,16011.82,162.2,0.9568345323741007,34.44,386.0,1,1,65.5,True
Groundnut,24.8,69.8,219.5,84.0,6.27,66.7,17.9,25.2,7.9,7.3,59.8,4,69.3,1731.04,18438.0,109.8,1.5124716553287985,33.24,277.2,0,1,62.0,False
Wheat,23.7,48.2,242.9,86.9,6.28,52.7,49.3,46.3,6.0,12.4,50.0,5,58.9,1142.3400000000001,21108.010000000002,148.3,0.5455486542443064,31.0,294.5,1,1,57.49999999999999,True
Maize,33.9,61.6,161.7,60.7,6.96,23.3,31.6,14.7,8.3,12.3,44.0,2,54.3,2088.24,9815.19,69.60000000000001,0.492600422832981,42.52,108.6,1,1,63.0,True
Soybean,29.0,63.9,193.2,79.2,6.83,69.5,42.0,37.5,6.1,18.1,52.5,5,159.5,1853.1,15301.44,149.0,0.8633540372670807,39.01,797.5,1,1,59.5,True
Maize,20.0,74.7,62.5,40.4,5.47,76.5,5.0,5.0,6.1,12.9,38.2,6,54.0,1494.0,2525.0,86.5,6.954545454545454,30.049999999999997,324.0,0,1,51.5,False
Maize,23.3,45.9,161.7,70.5,6.67,55.4,51.1,41.5,7.0,15.7,26.1,4,140.2,1069.47,11399.849999999999,148.0,0.5918803418803419,31.03,560.8,0,0,50.0,True
Maize,27.1,78.2,69.7,49.3,6.64,15.1,23.6,45.0,7.2,8.3,53.2,2,79.4,2119.2200000000003,3436.21,83.7,0.21695402298850577,36.58,158.8,0,1,62.5,False
Tomato,30.3,95.0,99.2,52.4,6.46,10.0,42.4,61.7,6.9,15.0,55.1,4,87.2,2878.5,5198.08,114.1,0.09514747859181732,42.8,348.8,1,1,70.5,True
Maize,22.2,50.6,89.3,38.3,6.33,63.7,21.9,30.7,7.2,5.4,45.8,7,53.5,1123.32,3420.1899999999996,116.3,1.1884328358208958,28.339999999999996,374.5,1,1,57.49999999999999,True
Soybean,19.8,68.3,176.3,61.8,5.94,58.0,36.4,37.6,4.5,10.7,58.4,7,77.9,1352.34,10895.34,132.0,0.7733333333333333,28.770000000000003,545.3000000000001,0,1,77.5,False
Wheat,29.2,70.3,137.5,64.8,7.46,63.2,32.8,5.0,6.3,16.6,34.0,2,111.0,2052.7599999999998,8910.0,101.0,1.6288659793814435,39.55,222.0,1,0,49.0,False
Tomato,22.5,32.4,189.6,65.4,6.32,51.5,15.7,62.7,9.9,10.3,13.8,5,96.1,729.0,12399.84,129.9,0.6486146095717884,27.799999999999997,480.5,0,1,60.5,False
Groundnut,28.0,76.5,122.3,81.1,6.61,18.0,32.5,8.5,5.9,13.8,37.3,2,58.0,2142.0,9918.529999999999,59.0,0.42857142857142855,38.41,116.0,0,1,61.0,False
Maize,32.2,73.0,200.8,83.9,6.7,55.0,21.3,47.8,5.9,16.0,51.3,4,68.4,2350.6000000000004,16847.120000000003,124.1,0.7845934379457918,42.7,273.6,0,1,75.0,False
Rice,24.8,65.7,30.6,25.3,5.72,53.4,39.0,52.0,6.1,17.1,39.3,6,91.8,1629.3600000000001,774.1800000000001,144.4,0.5804347826086956,34.79,550.8,1,0,41.5,False
Soybean,20.0,53.1,117.9,53.7,5.21,63.6,36.8,31.7,6.3,16.9,42.7,2,121.7,1062.0,6331.2300000000005,132.1,0.9151079136690647,28.69,243.4,1,1,55.00000000000001,True
Wheat,22.8,79.0,52.1,74.4,7.33,86.8,32.3,37.7,11.0,13.8,64.0,4,91.0,1801.2,3876.2400000000002,156.8,1.2225352112676056,33.46,364.0,0,1,57.99999999999999,False
Maize,35.3,66.6,143.9,76.7,6.83,82.3,66.8,50.2,9.3,17.5,48.3,4,103.8,2350.9799999999996,11037.130000000001,199.3,0.697457627118644,45.459999999999994,415.2,0,1,60.5,False
Soybean,27.6,90.7,25.0,31.8,6.11,77.8,10.9,56.2,6.9,21.5,65.2,2,105.6,2503.32,795.0,144.9,1.1424375917767986,40.97,211.2,1,1,55.50000000000001,True
Groundnut,36.9,58.3,208.4,89.0,5.88,76.0,36.5,40.5,8.1,9.2,24.3,6,122.3,2151.27,18547.600000000002,153.0,0.9743589743589743,44.56999999999999,733.8,1,1,55.50000000000001,True
Cotton,25.0,77.9,134.9,60.7,6.12,38.0,12.0,48.7,3.7,16.0,43.4,2,108.9,1947.5000000000002,8188.43,98.7,0.6158833063209076,35.99,217.8,1,1,58.5,True
Cotton,30.5,59.4,50.3,34.0,6.48,53.8,11.8,23.1,4.8,12.8,37.9,6,86.8,1811.7,1710.1999999999998,88.69999999999999,1.4986072423398324,39.0,520.8,0,1,51.5,False
Groundnut,24.7,83.9,97.3,35.8,6.33,85.7,13.3,38.5,6.9,16.3,33.0,4,96.0,2072.33,3483.3399999999997,137.5,1.6231060606060608,36.35,384.0,1,0,49.0,False
Cotton,27.1,57.6,117.3,37.7,7.25,67.6,22.0,52.4,7.7,18.1,39.2,4,68.5,1560.96,4422.21,142.0,0.8965517241379309,36.48,274.0,1,0,49.0,False
Groundnut,29.1,66.6,154.5,57.3,6.94,23.4,31.5,48.1,6.8,12.2,44.7,5,118.6,1938.06,8852.85,103.0,0.2903225806451613,38.199999999999996,593.0,1,1,59.5,True
Soybean,19.6,64.4,112.8,53.5,7.88,78.3,42.3,19.0,4.4,23.8,48.2,7,50.2,1262.2400000000002,6034.8,139.6,1.2568218298555378,30.800000000000004,351.40000000000003,1,0,45.5,False
Wheat,23.0,79.8,174.6,80.3,5.7,69.2,49.0,59.3,5.5,10.1,45.3,2,117.3,1835.3999999999999,14020.38,177.5,0.6331198536139068,33.0,234.6,0,1,59.5,False
Maize,27.3,55.7,61.2,15.0,5.66,52.2,27.6,51.5,9.9,17.6,31.6,2,123.2,1520.6100000000001,918.0,131.3,0.651685393258427,36.39000000000001,246.4,0,0,45.5,True
Rice,32.5,56.4,304.7,90.0,6.83,50.6,31.1,48.4,7.1,11.1,29.6,2,91.3,1833.0,27423.0,130.1,0.6285714285714286,40.36,182.6,0,1,79.5,False
Tomato,21.7,50.0,120.1,15.0,6.64,43.0,20.5,25.6,6.6,10.7,21.1,2,89.1,1085.0,1801.5,89.1,0.9129511677282378,28.84,178.2,0,0,39.0,True
Cotton,20.2,74.1,59.8,62.9,6.16,73.5,59.6,23.9,9.0,9.2,49.0,3,49.7,1496.82,3761.4199999999996,157.0,0.8698224852071006,29.45,149.10000000000002,0,0,49.5,True
Maize,21.7,64.4,112.5,57.1,5.8,36.4,37.6,56.1,3.0,8.8,31.5,3,88.0,1397.48,6423.75,130.1,0.38437170010559657,29.900000000000002,264.0,1,1,63.0,True
Maize,20.4,69.0,110.1,55.0,7.99,52.3,35.4,26.3,3.2,12.0,33.4,4,97.2,1407.6,6055.5,113.99999999999999,0.8341307814992025,29.699999999999996,388.8,0,1,59.5,False
Groundnut,30.4,46.9,77.7,56.7,5.93,64.1,8.6,63.7,5.8,12.9,27.9,5,140.7,1425.76,4405.59,136.39999999999998,0.8744884038199181,37.669999999999995,703.5,1,0,45.0,False
Maize,30.8,72.7,89.7,43.6,7.11,39.6,44.8,50.4,5.2,14.3,40.0,2,84.2,2239.1600000000003,3910.92,134.8,0.4116424116424117,40.93,168.4,0,1,60.0,False
Tomato,29.2,71.4,94.3,40.4,6.5,33.2,31.8,32.9,5.4,17.9,37.2,7,151.9,2084.88,3809.72,97.9,0.5053272450532724,39.92,1063.3,1,1,60.0,True
Rice,30.9,69.6,266.0,90.0,6.92,59.3,25.9,37.9,5.2,9.2,55.7,6,102.6,2150.64,23940.0,123.1,0.9151234567901234,39.7,615.5999999999999,1,1,73.5,True
Soybean,40.0,55.3,138.9,77.2,6.14,51.7,12.2,36.7,7.8,15.6,46.2,7,114.0,2212.0,10723.08,100.60000000000001,1.0360721442885772,48.65,798.0,0,1,53.0,False
Rice,30.7,56.3,131.2,61.7,5.89,57.3,37.7,50.7,9.1,15.5,43.5,3,84.7,1728.4099999999999,8095.04,145.7,0.6409395973154361,39.43,254.10000000000002,1,1,64.0,True
Tomato,26.7,62.5,27.5,19.0,7.48,88.6,25.9,56.0,6.9,11.5,49.0,6,168.9,1668.75,522.5,170.5,1.06875753920386,35.25,1013.4000000000001,0,1,52.5,False
Wheat,31.2,89.5,68.9,28.7,6.74,62.8,58.2,25.6,9.4,10.7,50.1,1,155.6,2792.4,1977.43,146.6,0.740566037735849,42.29,155.6,1,1,53.0,True
Groundnut,22.7,62.4,229.8,84.1,5.34,52.4,33.5,39.1,8.0,17.8,23.5,3,113.2,1416.48,19326.18,125.0,0.7119565217391305,32.5,339.6,1,0,44.5,False
Cotton,38.7,74.5,167.6,73.6,5.9,66.1,25.7,30.5,7.9,12.9,24.9,5,102.6,2883.15,12335.359999999999,122.3,1.1555944055944054,48.730000000000004,513.0,1,1,59.0,True
Groundnut,26.2,68.0,160.9,76.8,6.48,58.5,35.4,61.6,6.4,12.9,49.3,4,73.1,1781.6,12357.12,155.5,0.5969387755102041,35.58,292.4,0,1,56.99999999999999,False
Maize,25.0,59.4,70.5,48.2,5.71,33.3,54.5,46.1,9.7,8.3,49.4,6,156.5,1485.0,3398.1000000000004,133.9,0.327755905511811,32.599999999999994,939.0,1,1,51.0,True
Maize,26.3,79.1,207.7,90.0,7.1,64.4,14.8,50.7,6.1,8.8,37.5,4,77.5,2080.33,18693.0,129.9,0.9684210526315791,35.97,310.0,1,1,69.5,True
Tomato,35.1,60.9,148.9,59.9,5.57,49.9,43.4,39.3,6.7,10.3,15.2,5,54.7,2137.59,8919.11,132.6,0.5961768219832737,43.25,273.5,1,1,69.0,True
Wheat,26.6,75.1,87.1,59.7,5.08,43.7,41.6,46.5,7.6,5.7,62.9,5,127.3,1997.6599999999999,5199.87,131.8,0.49046015712682384,35.25,636.5,1,1,57.49999999999999,True
Cotton,27.5,60.6,282.1,90.0,6.3,33.9,62.4,55.9,7.8,7.3,41.4,1,100.4,1666.5,25389.000000000004,152.2,0.2841575859178541,35.02,100.4,1,1,72.0,True
Wheat,29.9,80.8,10.0,31.1,7.04,67.6,34.6,48.0,7.9,20.6,51.3,7,108.4,2415.9199999999996,311.0,150.2,0.8086124401913876,42.099999999999994,758.8000000000001,1,1,51.5,True
Rice,32.1,76.4,132.8,74.5,7.02,95.4,32.2,37.5,4.1,12.1,55.1,7,45.7,2452.4400000000005,9893.6,165.10000000000002,1.3493635077793493,42.160000000000004,319.90000000000003,1,1,65.5,True
Tomato,19.4,45.2,185.4,65.4,5.98,55.0,40.3,35.3,5.6,19.3,19.6,5,100.6,876.88,12125.160000000002,130.6,0.7180156657963447,27.779999999999998,503.0,0,1,57.99999999999999,False
Soybean,19.9,71.4,187.7,66.8,6.36,52.1,51.5,32.8,11.0,11.8,21.4,2,78.3,1420.86,12538.359999999999,136.39999999999998,0.6107854630715124,29.4,156.6,1,1,55.00000000000001,True
Maize,19.7,64.3,172.3,60.7,6.36,77.1,35.2,70.3,5.5,11.4,43.6,3,42.9,1266.7099999999998,10458.61,182.6,0.7239436619718309,28.41,128.7,1,1,70.5,True
Wheat,27.3,60.6,123.6,56.7,6.55,56.0,37.0,37.4,4.9,11.0,43.5,4,120.7,1654.38,7008.12,130.4,0.7427055702917771,35.56,482.8,1,1,56.99999999999999,True
Soybean,20.2,44.9,68.6,52.9,6.18,61.0,22.6,30.9,5.2,14.2,33.9,6,20.0,906.9799999999999,3628.9399999999996,114.5,1.1192660550458715,27.529999999999998,120.0,0,0,47.5,True
Wheat,25.1,82.8,95.9,42.8,6.03,57.5,34.7,36.8,5.6,11.5,31.4,1,57.8,2078.28,4104.5199999999995,129.0,0.7931034482758621,35.68,57.8,0,1,55.50000000000001,False
Groundnut,24.4,41.9,154.6,58.5,6.23,75.1,72.3,63.3,7.5,12.3,4.1,7,122.9,1022.3599999999999,9044.1,210.7,0.5497803806734992,31.049999999999997,860.3000000000001,0,1,60.0,False
Maize,24.0,48.3,137.0,43.4,6.29,29.6,29.1,62.2,6.1,3.5,17.4,2,91.6,1159.1999999999998,5945.8,120.9,0.3206933911159263,29.529999999999998,183.2,0,1,54.50000000000001,False
Soybean,28.6,72.4,69.1,47.6,6.66,106.4,63.7,55.0,6.7,12.7,46.4,1,81.3,2070.6400000000003,3289.16,225.10000000000002,0.888888888888889,38.38,81.3,1,0,47.5,False
Maize,23.9,38.1,134.8,51.4,6.32,67.2,15.2,25.8,5.7,22.6,25.0,6,102.5,910.59,6928.72,108.2,1.6,32.23,615.0,0,0,44.0,True
Soybean,22.1,75.7,148.5,67.2,6.53,39.5,27.0,43.3,9.1,19.2,56.0,5,168.8,1672.9700000000003,9979.2,109.8,0.5539971949509117,33.510000000000005,844.0,0,1,51.0,False
Maize,27.0,82.4,43.9,52.9,7.49,72.9,42.6,50.6,7.1,8.9,43.2,1,116.6,2224.8,2322.31,166.1,0.7738853503184714,37.02,116.6,0,0,49.0,True
Cotton,25.6,50.6,184.4,71.0,5.87,76.2,12.9,25.8,6.2,7.3,42.6,2,94.8,1295.3600000000001,13092.4,114.9,1.9193954659949621,32.120000000000005,189.6,0,1,65.0,False
Wheat,31.0,82.5,332.8,90.0,6.46,52.3,36.1,5.0,7.7,7.5,29.2,3,68.9,2557.5,29952.0,93.4,1.2422802850356294,40.75,206.70000000000002,1,1,74.0,True
Wheat,30.3,62.4,198.4,71.0,8.0,47.4,38.8,66.4,7.0,9.6,8.6,3,122.4,1890.72,14086.4,152.6,0.4463276836158192,38.46,367.20000000000005,0,1,54.50000000000001,False
Tomato,19.8,70.8,64.6,38.6,6.21,90.1,36.7,54.7,9.5,8.8,54.2,3,162.9,1401.84,2493.56,181.5,0.975108225108225,28.640000000000004,488.70000000000005,1,1,59.0,True
Rice,23.9,82.7,158.0,69.3,7.0,54.5,46.6,89.6,11.0,9.6,28.5,2,98.5,1976.53,10949.4,190.7,0.3972303206997085,34.09,197.0,0,1,54.0,False
Tomato,27.0,73.6,204.5,67.9,7.23,51.9,59.6,13.8,6.9,15.5,47.3,6,20.0,1987.1999999999998,13885.550000000001,125.3,0.6975806451612903,37.46,120.0,1,1,65.0,True
Rice,35.2,64.5,192.1,82.2,5.92,53.5,26.2,72.3,4.6,5.6,33.1,2,95.7,2270.4,15790.62,152.0,0.5376884422110553,42.77,191.4,1,1,54.50000000000001,True
Rice,33.2,67.0,95.6,54.6,5.49,30.3,38.8,49.5,7.5,14.2,57.5,1,134.0,2224.4,5219.76,118.6,0.3393057110862262,42.74000000000001,134.0,1,1,59.0,True
Maize,22.0,82.0,232.8,90.0,7.66,48.8,37.5,60.6,3.0,15.0,41.2,7,52.1,1804.0,20952.0,146.9,0.4924318869828456,33.2,364.7,1,1,60.0,True
Groundnut,31.0,84.4,230.6,90.0,7.04,46.4,46.9,42.3,9.6,8.9,41.6,7,149.9,2616.4,20754.0,135.6,0.5144124168514413,41.22,1049.3,1,1,77.5,True
Rice,24.4,67.3,58.5,27.6,6.76,56.2,32.4,53.4,7.7,10.0,23.3,5,20.0,1642.12,1614.6000000000001,142.0,0.6474654377880185,33.129999999999995,100.0,1,0,50.0,False
Tomato,27.0,72.1,191.5,68.4,7.75,56.9,28.0,30.4,7.7,13.6,36.8,4,95.5,1946.6999999999998,13098.6,115.30000000000001,0.9579124579124579,36.93,382.0,1,1,66.5,True
Cotton,33.8,66.8,93.5,56.0,6.79,41.7,16.5,54.9,9.3,13.3,35.4,3,130.8,2257.8399999999997,5236.0,113.1,0.5759668508287292,43.14,392.40000000000003,1,1,53.0,True
Wheat,30.9,85.2,88.7,56.0,6.82,83.4,32.6,9.1,6.2,15.0,45.3,5,76.0,2632.68,4967.2,125.1,1.9531615925058547,42.42,380.0,1,0,45.0,False
Soybean,27.0,55.6,237.5,90.0,6.53,52.7,44.9,50.8,6.2,20.8,27.9,2,99.7,1501.2,21375.0,148.39999999999998,0.5449844881075492,36.72,199.4,1,1,68.0,True
Groundnut,24.8,47.9,162.1,58.7,6.88,55.6,31.0,46.5,6.0,14.6,44.4,4,95.6,1187.92,9515.27,133.1,0.7082802547770701,32.51,382.4,0,1,60.0,False
Soybean,24.8,69.3,148.9,62.4,6.1,24.9,36.8,58.7,6.6,7.9,42.6,3,98.3,1718.6399999999999,9291.36,120.4,0.25803108808290154,33.31,294.9,1,1,68.5,True
Cotton,33.0,61.1,21.0,16.7,7.58,41.3,5.0,36.6,6.5,3.9,34.0,7,85.8,2016.3,350.7,82.9,0.9694835680751173,39.89,600.6,0,1,52.5,False
Groundnut,25.1,95.0,23.1,53.7,7.29,91.3,14.6,29.7,7.4,13.6,88.6,7,87.4,2384.5,1240.4700000000003,135.6,2.0154525386313464,37.32,611.8000000000001,0,1,60.5,False
Rice,25.0,54.3,74.7,33.8,6.75,64.5,45.7,72.6,5.8,13.2,33.9,7,155.9,1357.5,2524.8599999999997,182.8,0.5406538139145013,33.07,1091.3,0,1,51.5,False
Cotton,28.8,79.0,88.5,48.6,6.69,72.3,21.9,68.6,6.1,11.2,42.0,1,20.0,2275.2000000000003,4301.1,162.79999999999998,0.7901639344262295,38.940000000000005,20.0,1,1,53.5,True
Wheat,29.6,51.4,125.8,62.1,7.31,70.4,12.8,34.3,5.6,14.2,35.1,5,99.3,1521.44,7812.18,117.5,1.463617463617464,37.58,496.5,0,1,52.0,False
Soybean,26.2,54.6,145.7,69.9,7.24,57.8,51.4,48.6,6.8,22.2,14.3,1,106.9,1430.52,10184.43,157.79999999999998,0.5722772277227722,36.1,106.9,0,1,55.00000000000001,False
Groundnut,25.5,62.8,79.0,45.7,6.01,45.5,36.4,49.7,6.8,4.1,46.3,2,44.4,1601.3999999999999,3610.3,131.60000000000002,0.5223880597014926,32.6,88.8,0,1,60.5,False
Tomato,26.9,67.5,105.7,45.0,8.0,56.6,19.9,27.8,5.4,10.3,36.6,6,105.2,1815.75,4756.5,104.3,1.162217659137577,35.71,631.2,1,0,44.0,False
Cotton,22.2,72.0,80.1,38.6,6.17,49.3,36.0,51.0,5.6,10.9,25.9,2,69.0,1598.3999999999999,3091.8599999999997,136.3,0.5602272727272727,31.58,138.0,0,0,45.5,True
Wheat,25.0,72.7,91.5,68.9,5.57,75.3,38.5,61.4,8.1,18.2,54.6,5,88.8,1817.5,6304.35,175.2,0.7462834489593656,35.910000000000004,444.0,1,1,57.49999999999999,True
Soybean,26.5,70.2,46.0,36.0,5.31,49.3,39.0,38.8,7.5,4.8,22.5,2,90.8,1860.3000000000002,1656.0,127.1,0.6256345177664975,34.480000000000004,181.6,1,0,41.5,False
Maize,38.6,74.0,128.7,60.9,6.52,60.6,43.1,41.6,9.1,13.3,32.3,1,85.6,2856.4,7837.829999999999,145.3,0.7071178529754959,48.66,85.6,0,1,63.0,False
Groundnut,22.9,48.8,179.0,74.5,7.3,50.6,34.0,46.9,5.4,16.8,13.0,6,102.4,1117.5199999999998,13335.5,131.5,0.6178266178266179,31.139999999999997,614.4000000000001,1,1,56.49999999999999,True
Maize,32.4,60.8,122.7,49.7,7.1,41.7,47.5,35.3,6.1,11.4,45.5,1,173.1,1969.9199999999998,6098.1900000000005,124.5,0.4976133651551313,40.76,173.1,0,1,52.0,False
Rice,25.9,69.9,100.4,45.2,5.77,75.1,38.6,5.0,6.6,19.2,45.0,5,107.9,1810.41,4538.080000000001,118.69999999999999,1.6838565022421523,36.730000000000004,539.5,1,0,47.5,False
Groundnut,27.3,32.1,105.9,33.8,6.34,66.5,57.2,36.8,3.0,14.5,6.1,5,88.8,876.33,3579.42,160.5,0.7,33.410000000000004,444.0,0,0,47.5,True
Cotton,21.6,60.3,89.4,57.2,7.19,51.2,53.3,78.6,7.1,12.6,24.4,6,115.8,1302.48,5113.68,183.1,0.3852520692249813,30.150000000000002,694.8,1,0,45.0,False
Soybean,31.2,69.9,174.1,66.5,7.11,60.6,28.5,30.6,6.1,7.5,51.0,5,82.5,2180.88,11577.65,119.69999999999999,1.0083194675540765,39.69,412.5,1,1,70.5,True
Groundnut,27.5,68.4,61.2,25.5,5.57,84.3,43.0,41.3,9.3,12.2,57.9,1,144.4,1881.0000000000002,1560.6000000000001,168.6,0.9882766705744431,36.78,144.4,0,0,47.0,True
Rice,25.5,68.7,144.1,63.6,5.97,76.0,33.1,47.9,5.5,15.8,48.6,2,136.2,1751.8500000000001,9164.76,157.0,0.926829268292683,35.53,272.4,0,1,63.5,False
Maize,30.0,58.0,135.2,45.3,6.26,76.0,18.5,15.1,5.5,12.6,61.3,5,124.1,1740.0,6124.5599999999995,109.6,2.1965317919075145,38.32,620.5,1,1,57.49999999999999,True
Wheat,16.0,49.4,174.6,80.0,6.83,81.0,18.5,41.9,11.0,15.3,19.1,3,118.4,790.4,13968.0,141.4,1.3192182410423452,23.999999999999996,355.20000000000005,0,1,68.0,False
Wheat,32.4,46.8,117.3,56.6,6.12,36.6,58.0,19.3,5.6,14.1,27.8,2,136.1,1516.32,6639.18,113.89999999999999,0.46743295019157094,39.9,272.2,0,0,45.0,True
Groundnut,21.8,56.6,153.3,57.6,5.4,32.2,10.1,21.3,9.5,17.1,33.9,1,129.2,1233.88,8830.080000000002,63.60000000000001,0.9938271604938272,30.880000000000003,129.2,0,0,46.5,True
Rice,25.8,60.6,163.4,62.3,6.98,65.6,48.6,12.9,8.6,11.1,42.2,5,147.0,1563.48,10179.82,127.1,1.0495999999999999,34.08,735.0,0,1,57.49999999999999,False
Wheat,19.9,76.2,140.2,90.0,5.66,37.6,38.3,69.8,6.3,19.7,44.8,2,121.9,1516.3799999999999,12617.999999999998,145.7,0.34463794683776355,31.46,243.8,1,1,61.0,True
Soybean,28.6,66.5,69.4,40.5,5.37,89.3,31.8,52.4,6.9,15.2,31.8,5,63.2,1901.9,2810.7000000000003,173.5,1.0481220657276995,38.29,316.0,0,0,44.5,True
Groundnut,34.3,37.5,90.7,34.0,7.17,33.7,34.6,40.5,6.6,10.0,28.1,3,105.3,1286.25,3083.8,108.80000000000001,0.44283837056504605,40.05,315.9,1,0,48.5,False
Groundnut,36.5,65.6,202.1,84.6,7.21,66.7,55.0,32.5,6.9,8.7,40.6,4,107.1,2394.3999999999996,17097.66,154.2,0.7536723163841809,44.800000000000004,428.4,1,1,67.5,True
Soybean,24.2,66.0,220.3,76.3,6.02,70.9,33.6,59.1,7.5,15.3,33.0,4,104.2,1597.2,16808.89,163.6,0.7566702241195304,33.86,416.8,1,1,56.99999999999999,True
Wheat,32.8,81.8,275.3,90.0,6.75,41.4,52.9,46.7,8.0,8.7,35.8,6,82.7,2683.0399999999995,24777.0,141.0,0.411530815109344,42.72,496.20000000000005,1,1,67.5,True
Maize,28.7,60.0,34.4,47.9,6.3,43.8,48.5,74.6,8.6,16.0,30.3,2,105.8,1722.0,1647.76,166.89999999999998,0.3529411764705882,37.900000000000006,211.6,1,0,47.5,False
Wheat,15.7,79.6,132.0,45.1,6.67,55.5,19.5,17.6,8.1,10.4,41.5,7,134.1,1249.7199999999998,5953.2,92.6,1.4566929133858266,25.739999999999995,938.6999999999999,0,1,62.0,False
Rice,28.5,73.6,69.6,36.6,7.03,78.0,29.7,52.9,8.4,9.5,50.2,1,184.3,2097.6,2547.3599999999997,160.6,0.9330143540669857,37.76,184.3,0,1,53.0,False
Rice,20.1,48.7,83.8,31.4,7.2,61.1,44.8,22.8,7.4,3.8,20.6,7,107.2,978.8700000000001,2631.3199999999997,128.70000000000002,0.8906705539358601,25.730000000000004,750.4,1,0,42.0,False
Wheat,32.4,62.9,204.1,74.1,7.21,61.4,27.6,22.6,7.3,11.2,44.9,2,122.8,2037.9599999999998,15123.809999999998,111.6,1.19921875,40.93,245.6,1,1,67.0,True
Rice,17.8,57.5,129.6,64.7,6.44,27.4,28.4,55.1,9.0,14.9,30.9,2,75.1,1023.5,8385.12,110.9,0.3242603550295858,26.53,150.2,0,0,48.0,True
Soybean,23.2,52.6,306.1,90.0,5.1,58.9,37.2,5.0,7.7,15.5,61.2,4,132.7,1220.32,27549.000000000004,101.1,1.3634259259259258,31.560000000000002,530.8,1,1,65.0,True
Groundnut,28.9,51.9,244.3,82.6,5.85,58.8,57.9,55.9,8.6,13.7,33.4,4,49.1,1499.9099999999999,20179.18,172.6,0.5121951219512195,36.83,196.4,1,1,54.50000000000001,True
Soybean,30.7,41.9,112.3,37.6,5.64,66.3,21.6,23.5,3.6,16.6,27.1,7,139.5,1286.33,4222.4800000000005,111.4,1.438177874186551,38.21,976.5,1,1,50.5,True
Tomato,19.0,41.9,124.5,22.1,6.5,36.5,55.3,65.6,7.8,13.0,24.5,4,78.4,796.1,2751.4500000000003,157.39999999999998,0.29942575881870387,25.79,313.6,1,0,42.5,False
Soybean,30.2,49.8,41.2,20.6,7.52,77.6,41.7,26.2,5.8,8.5,41.6,4,49.8,1503.9599999999998,848.7200000000001,145.5,1.1262699564586356,36.88,199.2,0,0,32.0,True
Rice,29.0,59.5,338.7,90.0,6.68,70.5,26.5,33.1,8.9,5.7,45.6,4,112.6,1725.5,30483.0,130.1,1.1633663366336633,36.09,450.4,1,1,75.0,True
Rice,19.0,62.6,164.1,84.3,6.31,80.0,27.4,35.1,7.3,16.6,44.6,6,86.1,1189.4,13833.63,142.5,1.2598425196850394,28.58,516.5999999999999,1,1,65.5,True
Maize,33.5,74.4,28.8,15.9,6.75,54.5,49.8,5.0,8.8,1.6,59.5,2,40.4,2492.4,457.92,109.3,0.9767025089605735,41.26,80.8,1,0,49.5,False
Maize,29.7,62.1,92.3,63.5,5.8,61.7,37.4,56.2,7.3,15.6,24.3,3,48.0,1844.37,5861.05,155.3,0.6522198731501058,39.029999999999994,144.0,1,1,54.50000000000001,True
Groundnut,22.8,75.5,179.3,80.7,6.58,77.1,17.7,47.7,4.8,10.1,51.3,6,125.2,1721.4,14469.510000000002,142.5,1.1611445783132528,32.370000000000005,751.2,0,1,71.0,False
Soybean,18.6,56.1,120.4,70.9,7.02,23.1,45.4,51.3,10.2,12.2,41.2,3,63.1,1043.46,8536.36,119.8,0.2364380757420676,26.650000000000002,189.3,0,1,52.0,False
Rice,25.4,64.1,123.7,68.6,6.59,34.2,30.9,29.0,6.5,8.9,48.1,2,64.1,1628.1399999999999,8485.82,94.1,0.561576354679803,33.589999999999996,128.2,1,1,65.5,True
Wheat,23.3,66.6,97.6,46.5,6.88,65.0,46.8,48.7,7.8,11.4,55.4,7,157.3,1551.78,4538.4,160.5,0.6735751295336787,32.24,1101.1000000000001,0,0,48.5,True
Maize,27.0,83.1,110.1,67.7,7.13,57.0,65.9,20.5,3.0,12.2,16.0,1,86.3,2243.7,7453.7699999999995,143.4,0.6521739130434783,37.75,86.3,1,1,61.0,True
Maize,26.7,79.9,139.8,73.5,6.79,77.6,34.2,70.6,8.1,14.8,57.3,5,104.8,2133.33,10275.300000000001,182.39999999999998,0.7334593572778828,37.65,524.0,1,1,56.99999999999999,True
Wheat,24.2,64.3,107.8,42.0,6.1,55.1,42.6,53.8,8.0,14.1,49.1,2,93.3,1556.06,4527.599999999999,151.5,0.5657084188911704,33.449999999999996,186.6,1,0,49.0,False
Wheat,29.6,71.2,31.3,20.2,6.94,46.5,26.0,52.8,6.7,14.4,52.2,7,90.4,2107.52,632.26,125.3,0.5827067669172933,39.6,632.8000000000001,0,0,43.5,True
Tomato,26.6,65.0,38.5,56.4,6.17,67.7,40.7,65.8,6.7,16.5,33.3,1,89.3,1729.0,2171.4,174.2,0.6297674418604652,36.4,89.3,1,1,57.99999999999999,True
Groundnut,28.5,51.3,75.0,31.6,7.01,72.6,25.6,44.3,4.6,10.0,23.4,1,42.8,1462.05,2370.0,142.5,1.023977433004231,35.63,42.8,0,0,40.0,True
Maize,30.8,95.0,96.6,59.1,6.58,75.9,6.6,5.7,10.0,2.1,32.5,6,173.0,2926.0,5709.0599999999995,88.2,5.706766917293233,40.72,1038.0,1,1,62.0,True
Cotton,35.9,70.6,330.4,90.0,6.17,67.6,21.7,40.5,4.8,19.8,41.2,5,66.5,2534.5399999999995,29735.999999999996,129.8,1.0696202531645569,46.92,332.5,1,1,84.0,True
Soybean,29.7,61.8,166.5,66.0,6.28,91.9,56.6,55.0,6.6,7.2,22.2,5,88.2,1835.4599999999998,10989.0,203.5,0.8161634103019539,37.31999999999999,441.0,0,1,59.5,False
Groundnut,35.3,61.5,187.1,90.0,6.85,59.5,25.8,67.8,6.9,7.3,20.9,3,152.2,2170.95,16839.0,153.1,0.6289640591966174,42.91,456.59999999999997,1,1,53.0,True
Cotton,30.6,67.8,325.0,90.0,7.02,53.3,50.4,66.8,9.1,16.4,40.9,3,95.7,2074.68,29250.0,170.5,0.45093062605752965,40.660000000000004,287.1,0,1,87.0,False
Tomato,25.4,80.7,15.6,28.8,6.94,24.7,34.7,27.6,8.3,16.3,47.0,2,30.2,2049.7799999999997,449.28,87.0,0.39020537124802523,36.73,60.4,1,1,57.99999999999999,True
Soybean,27.7,53.0,103.2,67.5,7.17,30.6,29.0,63.8,7.8,17.0,47.9,4,99.4,1468.1,6966.0,123.4,0.326226012793177,36.4,397.6,0,1,57.49999999999999,False
Groundnut,26.6,54.5,176.7,57.7,6.26,84.7,33.2,70.9,9.2,13.4,22.3,2,100.1,1449.7,10195.59,188.8,0.8058991436726927,34.730000000000004,200.2,1,1,54.50000000000001,True
Wheat,27.7,62.8,263.4,65.5,5.89,63.3,29.1,62.4,9.7,9.4,60.9,5,153.9,1739.56,17252.699999999997,154.8,0.6843243243243243,35.86,769.5,1,1,63.5,True
Cotton,32.2,61.1,44.5,36.8,6.72,85.3,31.3,52.7,7.2,8.6,31.1,6,107.7,1967.4200000000003,1637.6,169.3,1.0035294117647058,40.03,646.2,1,0,50.0,False
Maize,23.2,74.4,203.8,63.8,6.8,88.4,46.4,33.4,6.3,16.2,16.5,1,53.4,1726.0800000000002,13002.44,168.20000000000002,1.0940594059405941,33.88,53.4,1,1,59.0,True
Rice,25.8,95.0,271.5,90.0,6.54,63.4,17.0,49.5,4.5,10.8,57.2,1,53.7,2451.0,24435.0,129.9,0.9392592592592592,37.459999999999994,53.7,1,1,69.5,True
Cotton,24.5,75.2,67.8,41.4,6.08,61.5,36.8,14.9,6.7,14.5,38.6,4,71.6,1842.4,2806.9199999999996,113.2,1.1669829222011385,34.92,286.4,1,1,53.5,True
Cotton,27.4,88.8,109.3,77.5,5.0,85.6,45.8,5.0,7.2,12.6,47.2,2,70.2,2433.12,8470.75,136.39999999999998,1.6525096525096525,38.800000000000004,140.4,1,1,57.99999999999999,True
Groundnut,23.8,70.6,40.4,33.2,6.43,69.9,30.3,42.3,9.8,11.4,23.3,7,88.0,1680.28,1341.28,142.5,0.9497282608695654,33.14,616.0,1,0,37.5,False
Tomato,26.3,75.2,179.0,84.9,6.22,76.1,19.1,35.8,10.1,14.2,73.3,5,132.1,1977.7600000000002,15197.1,131.0,1.3613595706618962,36.66,660.5,0,1,70.0,False
Maize,25.7,95.0,160.7,74.1,6.52,31.5,56.3,60.6,6.5,12.5,49.9,2,146.0,2441.5,11907.869999999999,148.4,0.26717557251908397,37.7,292.0,0,1,59.5,False
Cotton,23.8,62.0,168.2,48.8,6.77,85.3,40.7,44.4,7.0,14.7,54.0,4,42.8,1475.6000000000001,8208.16,170.4,0.9907084785133566,32.94,171.2,0,1,67.0,False
Wheat,29.3,67.8,253.1,90.0,6.83,14.4,19.1,31.4,7.4,9.7,45.6,7,107.4,1986.54,22779.0,64.9,0.2796116504854369,38.019999999999996,751.8000000000001,1,1,79.0,True
Rice,36.4,91.0,138.0,53.6,6.84,71.6,28.7,43.1,6.8,20.6,73.8,3,117.0,3312.4,7396.8,143.4,0.9835164835164835,49.62,351.0,1,1,67.0,True
Groundnut,25.2,81.8,73.2,40.5,7.75,71.0,39.7,57.7,9.1,11.7,45.9,2,134.7,2061.3599999999997,2964.6,168.4,0.7215447154471545,35.72,269.4,0,1,56.49999999999999,False
Rice,24.9,45.0,161.1,70.9,7.13,19.9,42.6,79.2,8.5,18.2,8.7,4,87.6,1120.5,11421.99,141.7,0.1620521172638436,33.04,350.4,1,1,52.0,True
Rice,24.9,59.4,109.3,49.6,6.71,82.2,5.0,39.2,8.7,13.3,51.0,5,122.9,1479.06,5421.28,126.4,1.8185840707964602,33.5,614.5,1,1,53.0,True
Cotton,32.4,94.9,130.1,67.8,6.81,76.1,33.0,59.7,8.7,18.2,35.6,2,58.7,3074.76,8820.779999999999,168.8,0.8121664887940234,45.53,117.4,1,1,70.5,True
Rice,15.0,58.6,197.1,73.5,7.15,69.1,9.1,49.3,6.0,9.4,10.5,2,52.3,879.0,14486.85,127.49999999999999,1.1632996632996633,22.74,104.6,1,1,64.0,True
Tomato,20.0,71.8,64.0,34.0,6.23,54.1,7.5,32.7,6.2,15.5,39.6,4,125.9,1436.0,2176.0,94.30000000000001,1.3131067961165048,30.28,503.6,0,1,56.99999999999999,False
Groundnut,24.9,52.7,122.1,62.9,7.53,22.6,13.0,44.4,7.7,8.4,25.9,1,127.1,1312.23,7680.089999999999,80.0,0.38698630136986306,31.849999999999998,127.1,0,1,56.00000000000001,False
Soybean,26.6,68.2,105.6,47.0,7.18,32.9,20.8,65.7,8.6,11.6,50.7,1,87.2,1814.1200000000001,4963.2,119.4,0.376,35.74,87.2,1,1,60.5,True
Tomato,39.1,57.0,179.2,84.8,7.66,73.4,44.3,28.5,6.6,16.0,58.4,2,102.4,2228.7000000000003,15196.159999999998,146.2,0.9945799457994581,48.00000000000001,204.8,0,1,53.0,False
Rice,37.1,65.0,251.5,90.0,6.43,63.1,37.8,53.6,5.2,9.0,36.7,2,136.7,2411.5,22635.0,154.5,0.6829004329004329,45.4,273.4,1,1,71.0,True
Cotton,25.2,52.5,120.1,23.6,5.79,66.4,48.1,55.7,8.0,15.2,32.4,4,40.1,1323.0,2834.36,170.2,0.6335877862595419,33.49,160.4,0,0,48.0,True
Rice,32.6,81.1,104.0,75.9,6.9,10.0,27.4,40.4,4.4,10.8,51.5,3,48.0,2643.86,7893.6,77.8,0.14534883720930233,42.870000000000005,144.0,0,1,61.5,False
Maize,26.5,79.3,142.8,81.0,5.09,69.3,55.2,24.8,7.2,11.2,27.6,6,174.8,2101.45,11566.800000000001,149.3,0.8555555555555555,36.67,1048.8000000000002,1,1,59.0,True
Rice,34.2,80.0,188.4,76.5,6.92,61.8,37.7,67.9,10.9,13.2,47.4,6,73.8,2736.0,14412.6,167.4,0.5797373358348967,44.84,442.79999999999995,0,1,62.0,False
Wheat,19.0,64.9,53.3,18.1,6.77,41.3,40.6,65.8,6.2,12.6,50.6,5,138.5,1233.1000000000001,964.73,147.7,0.38454376163873366,28.01,692.5,0,1,52.5,False
Maize,21.1,49.1,92.5,51.3,7.24,76.4,8.8,74.8,3.7,10.6,10.1,3,54.4,1036.01,4745.25,160.0,0.9030732860520095,28.130000000000003,163.2,0,1,53.0,False
Rice,28.8,63.1,73.0,49.8,5.44,24.8,35.4,49.4,11.0,19.9,47.6,2,70.8,1817.28,3635.3999999999996,109.6,0.2890442890442891,39.089999999999996,141.6,0,0,48.0,True
Cotton,32.6,80.9,156.8,68.0,6.88,67.0,20.3,51.7,7.3,4.3,60.0,7,102.0,2637.34,10662.400000000001,139.0,0.9178082191780822,41.55,714.0,0,1,59.0,False
Rice,25.6,65.2,151.7,75.5,6.44,69.6,37.8,34.6,5.9,21.3,26.4,3,133.0,1669.1200000000001,11453.349999999999,142.0,0.9482288828337874,36.38,399.0,0,1,62.0,False
Soybean,26.1,64.8,118.7,58.1,5.92,82.2,45.5,51.1,7.6,19.4,32.0,7,83.4,1691.28,6896.47,178.8,0.8422131147540984,36.46,583.8000000000001,1,0,47.0,False
Rice,36.4,66.0,350.0,90.0,6.89,29.5,47.3,29.1,6.6,9.3,38.9,2,95.2,2402.4,31500.0,105.9,0.38113695090439276,44.86,190.4,1,1,77.0,True
Wheat,39.4,43.7,138.5,58.7,5.28,52.6,42.4,43.4,4.3,16.4,37.2,4,93.5,1721.78,8129.950000000001,138.4,0.6059907834101382,47.05,374.0,0,1,52.0,False
Maize,21.1,58.3,194.2,90.0,6.41,47.5,41.1,13.0,9.6,17.0,29.6,6,77.4,1230.13,17478.0,101.6,0.8620689655172413,30.33,464.40000000000003,0,1,54.0,False
Wheat,29.3,44.6,104.5,66.6,6.66,42.3,32.6,48.2,6.2,12.9,39.0,6,137.7,1306.78,6959.7,123.10000000000001,0.5171149144254278,36.339999999999996,826.1999999999999,1,1,51.0,True
Wheat,25.9,34.5,149.6,80.5,5.72,22.4,56.6,54.4,6.8,10.8,40.7,3,115.6,893.55,12042.8,133.4,0.19999999999999998,31.509999999999998,346.79999999999995,0,1,61.5,False
Tomato,31.5,58.6,119.0,56.9,5.93,69.6,21.0,25.7,7.7,9.2,41.8,5,95.7,1845.9,6771.099999999999,116.3,1.4591194968553458,39.2,478.5,1,0,49.5,False
Rice,30.1,62.5,79.3,52.0,7.42,43.1,24.9,11.4,8.4,5.1,26.9,4,125.4,1881.25,4123.599999999999,79.4,1.155495978552279,37.370000000000005,501.6,1,0,49.0,False
Wheat,26.2,86.3,141.2,88.9,6.38,59.6,43.8,26.5,7.6,1.0,45.9,6,112.4,2261.06,12552.68,129.9,0.8359046283309959,35.03,674.4000000000001,0,1,69.5,False
Rice,31.3,71.5,123.0,63.6,7.63,65.1,35.7,66.4,6.8,5.3,51.8,7,87.8,2237.9500000000003,7822.8,167.2,0.6314258001939863,39.510000000000005,614.6,1,1,54.50000000000001,True
Maize,22.9,65.1,54.1,53.1,6.86,14.6,20.6,56.3,7.6,13.1,45.1,6,160.7,1490.7899999999997,2872.71,91.5,0.18741976893453144,32.029999999999994,964.1999999999999,1,0,40.0,False
Rice,24.8,66.7,208.6,81.6,7.58,57.8,54.9,32.2,4.5,14.3,35.8,2,128.6,1654.16,17021.76,144.89999999999998,0.656072644721907,34.33,257.2,1,1,64.0,True
Tomato,25.8,77.0,16.7,28.0,5.39,79.1,40.5,57.0,5.3,9.7,54.6,7,79.3,1986.6000000000001,467.59999999999997,176.6,0.8030456852791877,35.44,555.1,1,0,47.0,False
Maize,28.5,48.6,215.4,85.3,6.6,37.8,22.6,16.1,6.9,2.1,22.6,3,114.3,1385.1000000000001,18373.62,76.5,0.9521410579345087,33.78,342.9,0,1,51.0,False
Cotton,27.8,61.9,216.6,79.6,5.83,81.9,45.5,77.9,10.4,14.7,42.8,1,52.7,1720.82,17241.359999999997,205.3,0.6583601286173634,36.93,52.7,1,1,50.5,True
Wheat,24.3,95.0,275.5,90.0,5.79,50.9,43.8,57.4,9.7,15.2,61.0,3,74.4,2308.5,24795.0,152.1,0.49804305283757344,36.839999999999996,223.20000000000002,1,1,72.5,True
Rice,27.0,67.1,68.9,50.0,6.09,60.3,44.7,75.1,5.6,13.1,34.9,1,127.2,1811.6999999999998,3445.0000000000005,180.1,0.49917218543046354,36.33,127.2,0,1,55.50000000000001,False
Tomato,24.8,59.4,39.4,27.7,6.6,10.0,23.8,44.8,6.8,5.8,54.8,3,58.0,1473.1200000000001,1091.3799999999999,78.6,0.14367816091954025,31.900000000000002,174.0,0,1,55.00000000000001,False
Wheat,27.7,79.8,104.1,61.0,7.19,14.4,49.2,41.4,6.1,18.4,31.7,4,86.4,2210.46,6350.099999999999,105.0,0.1572052401746725,39.36,345.6,1,1,57.49999999999999,True
Wheat,23.5,58.5,127.2,69.8,5.47,43.4,7.9,33.0,6.9,11.9,47.7,7,90.1,1374.75,8878.56,84.3,1.035799522673031,31.73,630.6999999999999,0,0,48.5,True
Cotton,33.6,64.6,139.6,54.1,7.22,79.5,48.3,56.3,6.1,14.5,46.3,3,47.8,2170.56,7552.36,184.1,0.7528409090909092,42.96,143.39999999999998,1,1,65.0,True
Tomato,29.8,83.2,107.2,46.3,7.36,72.4,57.7,43.5,7.5,14.2,39.1,6,94.9,2479.36,4963.36,173.60000000000002,0.7084148727984345,40.96000000000001,569.4000000000001,1,0,45.0,False
Tomato,26.3,79.4,216.7,90.0,7.69,52.5,27.1,23.9,6.3,16.5,58.9,3,42.4,2088.2200000000003,19503.0,103.5,1.0096153846153846,37.54,127.19999999999999,1,1,67.0,True
Groundnut,25.9,58.1,222.4,64.8,6.67,38.1,52.1,43.5,6.7,2.7,28.7,5,94.9,1504.79,14411.52,133.7,0.3944099378881988,32.25,474.5,0,1,61.0,False
Wheat,31.9,78.1,56.2,29.0,8.0,55.3,56.2,51.3,4.3,10.7,49.2,5,97.1,2491.39,1629.8000000000002,162.8,0.5096774193548387,41.85,485.5,1,1,50.5,True
Wheat,33.6,57.7,125.3,58.3,5.25,48.7,21.0,35.7,7.7,15.8,44.0,1,86.3,1938.7200000000003,7304.99,105.4,0.8440207972270364,42.53,86.3,1,1,56.00000000000001,True
Maize,15.0,41.3,79.9,50.8,6.28,64.3,13.4,45.5,5.2,15.9,0.0,1,56.4,619.5,4058.92,123.2,1.0734557595993321,22.31,56.4,0,0,46.5,True
Cotton,33.0,58.6,72.9,41.7,7.06,45.8,47.4,48.8,5.1,19.8,27.6,7,116.9,1933.8,3039.9300000000003,142.0,0.4711934156378601,42.82,818.3000000000001,0,0,48.5,True
Wheat,30.9,79.2,75.7,54.4,6.63,49.0,32.9,28.1,7.7,12.5,33.3,2,118.1,2447.28,4118.08,110.0,0.7903225806451613,41.32,236.2,0,0,39.5,True
Soybean,22.3,74.4,55.9,15.9,6.55,36.4,48.6,58.2,9.0,12.4,55.5,2,73.2,1659.1200000000001,888.81,143.2,0.3376623376623376,32.22,146.4,1,1,52.0,True
Cotton,21.4,57.5,272.1,90.0,7.49,81.9,11.8,28.7,8.9,16.4,37.7,5,58.6,1230.5,24489.000000000004,122.4,1.9734939759036145,30.43,293.0,0,1,53.0,False
Maize,27.9,80.9,149.2,68.0,6.87,45.9,51.8,22.0,9.2,5.4,51.4,7,77.6,2257.11,10145.599999999999,119.69999999999999,0.6136363636363636,37.06999999999999,543.1999999999999,0,1,64.5,False
Maize,20.1,77.0,112.3,37.0,6.54,45.4,36.6,43.6,10.2,9.7,40.1,2,120.4,1547.7,4155.099999999999,125.6,0.5591133004926108,29.740000000000002,240.8,0,1,55.00000000000001,False
Cotton,20.2,72.6,105.2,55.9,5.63,17.3,75.0,5.0,9.3,13.3,47.3,7,113.0,1466.5199999999998,5880.68,97.3,0.21358024691358027,30.12,791.0,1,1,52.5,True
Tomato,22.6,58.9,162.6,53.4,6.03,48.5,26.5,52.5,7.3,4.3,19.6,3,68.9,1331.14,8682.84,127.5,0.60625,29.35,206.70000000000002,0,1,56.99999999999999,False
Cotton,27.1,67.1,120.4,41.2,6.56,50.6,33.9,30.0,6.5,8.5,23.1,3,130.6,1818.4099999999999,4960.4800000000005,114.5,0.7796610169491525,35.510000000000005,391.79999999999995,1,1,56.00000000000001,True
Rice,30.4,70.9,40.6,49.3,6.07,50.4,27.2,12.5,3.9,15.2,32.9,6,154.9,2155.36,2001.58,90.1,1.2383292383292381,40.53,929.4000000000001,1,1,51.5,True
Soybean,30.7,61.8,350.0,90.0,5.9,83.5,37.5,27.7,4.5,18.4,39.7,3,138.3,1897.2599999999998,31500.0,148.7,1.2613293051359515,40.559999999999995,414.90000000000003,1,1,78.5,True
Rice,32.6,87.1,66.9,52.1,6.53,42.0,47.9,44.7,7.7,13.8,61.6,6,46.4,2839.46,3485.4900000000002,134.60000000000002,0.44871794871794873,44.07,278.4,0,0,44.5,True
Maize,17.6,46.1,182.7,61.0,5.75,57.1,16.4,41.5,9.6,17.4,7.2,5,78.0,811.3600000000001,11144.699999999999,115.0,0.969439728353141,25.69,390.0,0,1,59.5,False
Tomato,22.1,48.9,248.8,90.0,5.79,69.8,41.8,5.0,5.7,16.7,39.0,5,112.3,1080.69,22392.0,116.6,1.4602510460251046,30.330000000000002,561.5,1,1,67.0,True
Soybean,28.3,56.0,181.4,61.1,6.44,58.6,35.9,66.4,6.7,20.5,18.1,7,67.4,1584.8,11083.54,160.9,0.5672797676669893,38.0,471.80000000000007,1,0,47.5,False
Soybean,34.0,49.6,82.4,51.8,6.75,33.2,65.9,47.2,9.4,9.8,34.3,5,94.1,1686.4,4268.32,146.3,0.2909728308501315,40.92,470.5,1,1,59.5,True
Wheat,28.4,74.4,86.7,63.9,6.74,74.1,41.1,65.4,6.9,14.0,10.1,4,55.0,2112.96,5540.13,180.6,0.6893023255813953,38.63999999999999,220.0,0,1,56.49999999999999,False
Maize,23.7,73.1,135.7,62.0,6.3,45.4,37.6,80.6,10.8,8.5,56.3,5,79.0,1732.4699999999998,8413.4,163.6,0.38087248322147654,32.71,395.0,1,1,60.5,True
Maize,28.2,67.1,128.4,75.5,6.59,36.9,45.8,22.0,5.7,11.0,40.8,4,101.0,1892.2199999999998,9694.2,104.69999999999999,0.5363372093023255,37.11,404.0,1,1,63.0,True
Rice,20.2,86.5,39.6,47.5,5.0,70.5,34.6,36.7,8.8,12.2,57.5,7,131.6,1747.3,1881.0,141.8,0.9751037344398339,31.290000000000003,921.1999999999999,0,1,52.0,False
Rice,30.5,84.8,232.2,90.0,5.92,31.6,44.6,31.7,9.9,17.9,50.1,6,134.0,2586.4,20898.0,107.9,0.4087968952134541,42.56,804.0,0,1,62.5,False
Rice,27.4,67.1,130.6,54.9,5.46,48.1,19.6,17.5,6.9,17.3,21.1,4,39.7,1838.5399999999997,7169.94,85.2,1.26246719160105,37.57,158.8,0,1,57.99999999999999,False
Cotton,17.6,71.1,183.3,79.2,6.76,27.4,24.7,29.1,7.4,6.8,32.1,6,126.7,1251.36,14517.36,81.19999999999999,0.5,26.07,760.2,1,1,59.0,True
Wheat,29.2,60.8,53.7,35.3,6.17,68.5,39.4,16.8,7.5,9.6,33.5,4,44.0,1775.36,1895.61,124.7,1.1975524475524475,37.2,176.0,1,0,43.5,False
Rice,28.7,80.4,100.4,46.7,6.9,61.3,21.4,21.1,3.9,13.0,34.6,4,55.0,2307.48,4688.68,103.79999999999998,1.4091954022988504,39.34,220.0,0,1,62.5,False
Groundnut,28.5,49.4,62.1,20.1,5.74,49.8,25.6,5.0,7.1,16.8,29.0,2,104.1,1407.8999999999999,1248.21,80.4,1.5759493670886073,36.8,208.2,1,1,52.5,True
Maize,27.1,76.5,85.6,49.4,6.69,35.8,54.1,44.1,7.2,16.1,51.8,1,80.0,2073.15,4228.639999999999,134.0,0.3608870967741935,37.97,80.0,1,1,54.50000000000001,True
Maize,26.7,77.8,309.4,90.0,5.63,37.9,31.4,54.0,6.0,12.6,20.5,3,93.3,2077.2599999999998,27845.999999999996,123.3,0.4386574074074074,37.0,279.9,0,1,71.5,False
Soybean,28.5,60.2,42.9,44.6,6.24,31.6,45.9,54.1,9.2,20.1,30.4,6,83.7,1715.7,1913.34,131.6,0.31287128712871287,38.540000000000006,502.20000000000005,1,0,45.5,False
Cotton,32.9,43.5,169.3,52.2,7.13,49.7,56.4,57.5,6.5,14.7,37.6,4,83.9,1431.1499999999999,8837.460000000001,163.6,0.43255004351610093,40.19,335.6,1,0,49.0,False
Groundnut,26.5,92.3,183.7,90.0,7.46,94.8,36.7,26.8,4.6,7.5,43.1,4,112.4,2445.95,16533.0,158.3,1.4697674418604652,37.230000000000004,449.6,1,1,79.5,True
Cotton,16.8,85.9,13.0,15.0,6.78,88.0,32.0,52.9,3.8,19.7,50.1,2,97.6,1443.1200000000001,195.0,172.9,1.0244470314318974,29.330000000000002,195.2,0,1,52.0,False
Soybean,22.6,58.4,59.4,20.3,5.48,48.9,36.1,36.7,10.5,17.0,30.5,5,106.8,1319.8400000000001,1205.82,121.7,0.66260162601626,31.84,534.0,0,0,42.0,True
Soybean,33.0,84.4,56.1,55.5,6.76,90.4,47.0,71.3,8.0,16.9,38.6,5,27.1,2785.2000000000003,3113.55,208.7,0.7577535624476112,44.82,135.5,0,1,56.00000000000001,False
Maize,26.4,80.2,84.1,34.1,6.67,38.4,41.2,5.0,10.2,15.5,49.8,6,141.1,2117.2799999999997,2867.81,84.6,0.8135593220338982,37.52,846.5999999999999,1,1,57.49999999999999,True
Wheat,28.2,95.0,185.8,74.8,6.84,33.0,33.7,44.1,6.7,13.4,28.3,7,72.1,2679.0,13897.84,110.80000000000001,0.4187817258883248,40.38,504.69999999999993,0,1,64.5,False
Soybean,27.6,86.7,143.2,63.0,6.62,27.5,55.1,71.5,7.7,19.9,65.4,7,73.8,2392.92,9021.599999999999,154.1,0.21551724137931036,40.25,516.6,1,1,69.0,True
Groundnut,19.5,85.4,30.0,58.2,6.84,23.3,33.8,73.0,8.2,9.5,45.5,6,84.3,1665.3000000000002,1746.0,130.1,0.2161410018552876,29.939999999999998,505.79999999999995,0,1,56.49999999999999,False
Soybean,18.2,59.1,208.7,84.0,5.66,48.2,22.7,47.0,5.6,4.4,21.1,1,20.0,1075.62,17530.8,117.9,0.6817538896746818,24.99,20.0,0,1,55.50000000000001,False
Tomato,27.4,69.9,89.9,39.1,6.31,42.5,28.4,60.4,7.1,16.3,39.4,3,73.0,1915.26,3515.09,131.3,0.47327394209354123,37.65,219.0,1,1,61.0,True
Rice,23.4,56.3,44.3,34.4,6.78,47.1,33.2,54.7,6.4,16.3,62.6,7,70.9,1317.4199999999998,1523.9199999999998,135.0,0.5298087739032621,32.29,496.30000000000007,0,1,53.0,False
Maize,33.2,60.2,101.0,50.7,6.81,45.2,38.3,47.9,7.0,21.0,55.2,1,27.1,1998.6400000000003,5120.700000000001,131.4,0.5183486238532111,43.42000000000001,27.1,1,1,51.5,True
Maize,36.1,48.6,218.8,56.0,6.95,88.3,25.9,8.9,5.6,9.2,38.2,5,75.7,1754.46,12252.800000000001,123.1,2.4664804469273744,42.8,378.5,0,1,54.0,False
Tomato,26.1,53.8,48.9,62.0,5.65,96.9,36.1,50.3,6.6,11.7,18.3,7,61.3,1404.18,3031.7999999999997,183.3,1.108695652173913,33.82,429.09999999999997,1,1,50.5,True
Cotton,34.4,71.3,159.5,72.3,6.85,59.9,27.5,39.1,6.6,16.6,35.2,4,79.1,2452.72,11531.85,126.5,0.886094674556213,44.85,316.4,1,1,64.5,True
Wheat,27.4,59.1,139.0,64.5,6.67,20.3,58.5,81.5,4.6,11.9,43.6,3,117.6,1619.34,8965.5,160.3,0.14397163120567377,35.690000000000005,352.79999999999995,1,1,63.5,True
Soybean,30.0,76.8,115.1,44.1,6.81,62.6,32.2,65.6,7.8,13.0,36.8,2,180.4,2304.0,5075.91,160.4,0.6336032388663968,40.28,360.8,0,1,58.5,False
Soybean,24.0,64.4,89.6,39.0,6.56,25.7,45.1,59.7,8.4,17.5,51.0,7,91.2,1545.6000000000001,3494.3999999999996,130.5,0.2429111531190926,33.94,638.4,1,1,65.0,True
Soybean,27.2,60.0,158.5,61.1,6.78,74.4,46.9,64.3,5.8,14.3,42.5,1,20.0,1632.0,9684.35,185.60000000000002,0.663101604278075,36.06,20.0,0,1,60.0,False
Rice,35.5,56.7,276.5,90.0,6.57,76.6,32.2,37.4,9.6,17.8,41.2,6,126.5,2012.8500000000001,24885.0,146.2,1.084985835694051,44.730000000000004,759.0,1,1,70.0,True
Wheat,37.7,57.4,61.1,44.7,5.87,41.7,20.9,45.9,6.6,5.8,28.8,2,141.7,2163.98,2731.17,108.5,0.6150442477876107,44.6,283.4,0,0,49.0,True
Rice,35.6,55.1,46.8,42.8,6.48,65.3,43.7,18.3,6.8,3.3,56.0,6,110.4,1961.5600000000002,2003.0399999999997,127.3,1.0365079365079364,41.769999999999996,662.4000000000001,1,1,53.0,True
Groundnut,28.9,95.0,101.0,63.8,6.41,65.2,26.4,59.0,4.9,9.2,48.1,3,24.4,2745.5,6443.799999999999,150.6,0.7546296296296297,40.239999999999995,73.19999999999999,1,1,70.0,True
Soybean,28.7,95.0,82.4,77.2,6.87,66.3,35.1,54.4,6.9,14.5,53.8,4,106.8,2726.5,6361.280000000001,155.8,0.7325966850828729,41.1,427.2,1,1,73.0,True
Maize,36.7,72.0,34.4,26.0,6.94,60.2,32.5,15.0,7.9,14.0,27.3,1,49.0,2642.4,894.4,107.7,1.2412371134020619,46.7,49.0,0,1,55.50000000000001,False
Rice,26.2,65.6,13.0,29.0,6.6,22.9,38.9,78.1,4.9,11.0,39.4,4,104.6,1718.7199999999998,377.0,139.89999999999998,0.19406779661016949,34.96,418.4,0,1,50.5,False
Cotton,30.1,91.5,227.7,90.0,5.68,46.6,21.9,40.1,9.7,7.3,32.0,2,82.6,2754.15,20493.0,108.6,0.7396825396825397,40.71,165.2,1,1,68.0,True
Maize,20.0,71.8,90.5,44.5,5.0,69.2,57.1,55.2,8.6,11.5,53.8,7,70.5,1436.0,4027.25,181.5,0.6107678729037952,29.48,493.5,1,1,60.5,True
Maize,23.0,65.0,103.5,38.9,6.57,65.1,40.2,54.3,7.9,4.2,48.4,2,37.9,1495.0,4026.1499999999996,159.6,0.681675392670157,30.34,75.8,0,1,52.0,False
Maize,30.5,72.7,140.7,73.0,7.12,75.8,35.3,5.0,7.5,13.4,34.8,2,99.5,2217.35,10271.099999999999,116.1,1.8353510895883778,40.45,199.0,1,1,56.00000000000001,True
Tomato,27.3,45.2,253.9,75.5,5.37,51.0,32.5,53.9,10.5,15.6,18.9,4,98.8,1233.96,19169.45,137.4,0.5835240274599542,34.94,395.2,0,1,52.5,False
Maize,31.2,44.0,170.2,73.2,6.47,74.8,19.4,59.2,6.5,13.2,35.5,4,67.4,1372.8,12458.64,153.39999999999998,0.9396984924623116,38.24,269.6,1,1,55.00000000000001,True
Soybean,21.7,77.8,95.1,45.8,7.57,85.3,22.3,40.1,8.7,17.5,48.8,7,84.9,1688.26,4355.579999999999,147.7,1.3454258675078863,32.98,594.3000000000001,0,1,53.5,False
Wheat,20.8,77.8,74.6,50.1,6.13,51.4,35.7,75.6,7.4,1.0,40.4,3,40.7,1618.24,3737.46,162.7,0.4577025823686554,28.779999999999998,122.10000000000001,0,1,53.5,False
Maize,22.9,62.6,194.6,90.0,5.9,65.8,80.0,44.1,7.8,5.8,52.4,2,102.5,1433.54,17514.0,189.9,0.5259792166266987,30.319999999999997,205.0,0,1,69.5,False
Wheat,33.9,72.9,154.8,87.7,6.7,70.4,37.6,46.9,5.6,13.4,52.8,2,127.5,2471.31,13575.960000000001,154.9,0.8233918128654971,43.87,255.0,0,1,55.00000000000001,False
Rice,27.8,68.9,35.3,55.2,6.47,50.2,51.4,36.0,6.2,7.8,41.9,2,94.3,1915.4200000000003,1948.56,137.6,0.5678733031674208,36.25,188.6,1,0,49.5,False
Groundnut,30.0,63.6,124.1,56.3,6.98,53.6,39.6,75.0,4.1,6.4,47.3,2,84.2,1908.0,6986.829999999999,168.2,0.4636678200692042,37.64,168.4,1,0,48.5,False
Soybean,25.6,79.4,350.0,90.0,6.81,28.2,50.3,54.6,6.0,12.9,61.9,2,78.2,2032.6400000000003,31500.0,133.1,0.26628895184135976,36.12,156.4,1,1,76.5,True
Maize,29.3,95.0,168.5,80.6,5.2,52.7,40.8,68.9,8.1,8.0,55.5,5,159.0,2783.5,13581.099999999999,162.4,0.4760614272809395,40.4,795.0,1,1,55.50000000000001,True
Maize,27.1,62.1,210.0,74.4,6.72,65.2,23.5,35.7,9.8,15.7,13.5,1,47.6,1682.91,15624.000000000002,124.4,1.0830564784053156,36.45,47.6,1,1,61.0,True
Maize,27.3,55.9,275.5,90.0,6.24,50.6,9.8,40.4,7.2,7.9,26.2,7,78.0,1526.07,24795.0,100.80000000000001,0.98828125,34.47,546.0,1,1,63.0,True
Soybean,31.7,66.9,82.1,33.4,7.22,10.0,41.2,69.0,5.5,8.3,37.5,1,123.6,2120.73,2742.14,120.2,0.08992805755395683,40.05,123.6,0,1,65.5,False
Tomato,26.2,62.4,279.6,90.0,7.05,80.0,46.5,50.1,5.2,7.7,21.9,5,74.1,1634.8799999999999,25164.000000000004,176.6,0.819672131147541,33.98,370.5,1,1,54.50000000000001,True
Rice,26.2,69.4,106.1,72.6,6.26,43.7,17.6,39.8,6.4,13.0,51.7,1,101.1,1818.2800000000002,7702.859999999999,101.1,0.7482876712328768,35.74,101.1,1,1,55.00000000000001,True
Cotton,24.7,91.6,275.9,90.0,6.37,47.9,8.9,54.9,5.9,7.1,50.8,3,65.9,2262.52,24830.999999999996,111.69999999999999,0.7391975308641976,35.28,197.70000000000002,1,1,80.5,True
Rice,23.8,66.4,52.0,36.4,6.1,52.5,16.8,69.7,7.2,16.7,63.5,5,47.7,1580.3200000000002,1892.8,139.0,0.6,33.78,238.5,1,0,45.5,False
Cotton,30.3,82.0,53.5,55.2,6.84,49.3,25.6,28.0,3.5,14.4,45.4,6,117.5,2484.6,2953.2000000000003,102.9,0.9029304029304028,41.38,705.0,0,0,41.5,True
Cotton,29.7,51.1,76.3,38.8,8.0,77.0,39.6,100.0,6.0,17.9,39.4,1,92.5,1517.67,2960.4399999999996,216.6,0.5476529160739687,38.39,92.5,0,0,41.0,True
Maize,25.9,57.2,169.6,74.6,5.98,74.1,50.1,34.4,5.7,12.9,22.3,3,72.4,1481.48,12652.159999999998,158.6,0.8666666666666666,34.199999999999996,217.20000000000002,1,1,55.50000000000001,True
Wheat,25.9,66.8,21.6,23.4,6.17,30.6,54.3,46.4,10.6,13.2,32.6,4,55.5,1730.12,505.44,131.3,0.3008849557522124,35.22,222.0,0,0,44.5,True
Rice,21.7,40.6,47.3,30.3,6.48,19.5,28.6,22.3,8.8,14.1,25.4,2,32.2,881.02,1433.19,70.4,0.37572254335260113,28.58,64.4,0,0,32.5,True
Maize,20.1,74.0,40.5,24.5,6.96,87.6,45.8,40.2,5.4,21.7,54.5,6,98.2,1487.4,992.25,173.59999999999997,1.006896551724138,31.84,589.2,1,1,51.5,True
Cotton,30.4,59.3,69.3,47.7,7.09,28.0,62.3,42.3,9.4,3.7,47.6,3,107.4,1802.7199999999998,3305.61,132.6,0.26515151515151514,37.07,322.20000000000005,1,1,55.00000000000001,True
Groundnut,28.1,69.0,92.2,62.5,7.23,44.4,35.6,51.8,7.8,13.3,46.4,7,70.7,1938.9,5762.5,131.8,0.502262443438914,37.66,494.90000000000003,1,1,67.0,True
Tomato,21.7,71.0,138.6,45.0,7.26,36.9,64.7,25.4,7.7,15.2,36.4,7,105.0,1540.7,6237.0,127.0,0.40504939626783754,31.839999999999996,735.0,0,1,55.50000000000001,False
Cotton,29.7,87.3,245.7,90.0,6.43,35.3,56.0,46.0,7.0,13.4,71.8,4,158.2,2592.81,22113.0,137.3,0.34271844660194173,41.11,632.8,1,1,85.0,True
Wheat,23.8,72.3,84.9,53.7,6.55,27.1,32.3,42.2,10.3,17.0,38.1,5,27.3,1720.74,4559.13,101.6,0.3589403973509934,34.43,136.5,0,1,56.00000000000001,False
Maize,16.1,72.1,39.1,26.6,5.0,61.9,11.6,78.2,6.4,18.0,27.1,1,88.1,1160.81,1040.0600000000002,151.7,0.6817180616740088,26.910000000000004,88.1,1,1,50.5,True
Tomato,22.2,73.4,148.8,71.9,7.08,33.0,46.5,23.5,5.7,4.4,42.1,7,60.1,1629.48,10698.720000000001,103.0,0.4647887323943662,30.419999999999998,420.7,0,1,62.0,False
Groundnut,20.7,70.7,84.2,28.8,6.6,22.8,63.3,49.6,8.6,15.4,40.6,1,120.4,1463.49,2424.96,135.7,0.20017559262510976,30.85,120.4,0,1,52.5,False
Soybean,27.3,62.4,254.5,87.1,7.26,53.6,23.1,66.9,9.1,14.9,27.7,3,55.1,1703.52,22166.949999999997,143.60000000000002,0.589010989010989,36.519999999999996,165.3,1,1,61.0,True
Tomato,24.5,37.1,205.9,58.4,7.49,83.4,27.7,13.9,8.9,6.1,29.7,2,83.0,908.95,12024.56,125.00000000000001,1.9577464788732395,29.43,166.0,0,1,50.5,False
Maize,23.7,54.1,88.1,61.4,6.74,16.5,33.8,50.3,8.2,10.8,55.8,2,183.1,1282.17,5409.339999999999,100.6,0.1938895417156287,31.27,366.2,1,1,55.50000000000001,True
Soybean,15.0,89.7,119.5,72.2,6.13,90.8,37.8,56.4,4.6,10.4,32.0,6,68.9,1345.5,8627.9,185.0,0.9537815126050421,26.049999999999997,413.40000000000003,1,1,63.5,True
Wheat,34.9,56.5,140.5,53.7,5.83,53.8,12.9,73.8,8.8,16.2,23.1,1,57.5,1971.85,7544.85,140.5,0.61345496009122,43.79,57.5,0,1,63.5,False
Groundnut,33.1,61.3,57.8,25.0,7.74,43.8,22.6,65.1,6.8,3.6,29.9,3,70.9,2029.03,1445.0,131.5,0.4937993235625705,39.95,212.70000000000002,1,0,45.0,False
Soybean,26.4,64.1,131.2,57.7,5.71,57.1,25.3,91.2,5.9,10.7,39.8,7,37.6,1692.2399999999998,7570.24,173.60000000000002,0.48595744680851066,34.949999999999996,263.2,1,1,61.5,True
Maize,25.5,49.3,173.2,62.6,6.7,74.0,41.4,66.9,6.5,17.8,42.3,7,49.2,1257.1499999999999,10842.32,182.3,0.677035681610247,33.99,344.40000000000003,1,1,50.5,True
Soybean,25.0,92.8,143.4,76.4,6.48,10.0,45.7,56.8,4.0,12.7,72.0,3,102.2,2320.0,10955.760000000002,112.5,0.0966183574879227,36.82,306.6,1,1,66.5,True
Rice,24.1,81.3,101.7,59.5,6.92,60.8,44.1,64.3,8.3,10.1,47.3,7,109.1,1959.3300000000002,6051.150000000001,169.2,0.5557586837294333,34.25000000000001,763.6999999999999,1,1,54.0,True
Soybean,15.0,65.6,70.1,43.2,6.23,36.7,28.7,56.4,9.5,14.2,39.8,3,75.5,983.9999999999999,3028.32,121.80000000000001,0.42624854819976776,24.4,226.5,1,0,43.5,False
Cotton,19.5,92.2,56.5,43.1,6.81,10.0,70.9,68.3,7.9,18.5,40.9,5,51.2,1797.9,2435.15,149.2,0.07132667617689016,32.42,256.0,1,1,55.50000000000001,True
Cotton,35.3,95.0,82.3,50.9,7.02,77.4,36.8,19.2,6.6,12.4,47.4,2,144.3,3353.4999999999995,4189.07,133.4,1.3578947368421053,47.279999999999994,288.6,0,1,61.5,False
Cotton,24.9,52.4,111.6,44.5,6.28,46.1,27.7,29.4,3.8,10.4,27.2,4,122.9,1304.76,4966.2,103.19999999999999,0.7934595524956972,32.22,491.6,1,1,54.0,True
Maize,25.0,52.4,155.9,60.1,6.09,36.6,32.6,65.2,9.3,7.6,8.1,7,62.7,1310.0,9369.59,134.4,0.37044534412955465,31.76,438.90000000000003,0,0,48.0,True
Wheat,29.9,64.9,188.3,63.6,6.91,81.1,38.0,72.5,8.8,10.8,32.5,6,118.4,1940.51,11975.880000000001,191.6,0.7273542600896861,38.55,710.4000000000001,1,1,56.49999999999999,True
Rice,24.1,65.8,109.3,39.2,6.45,76.2,24.5,37.1,8.6,10.6,27.5,4,85.3,1585.78,4284.56,137.8,1.2172523961661341,32.8,341.2,1,0,47.0,False
Maize,32.9,47.0,68.0,34.7,7.11,89.3,22.7,23.0,5.1,14.3,21.8,4,55.7,1546.3,2359.6000000000004,135.0,1.91220556745182,40.46,222.8,1,0,44.5,False
Soybean,32.8,50.9,50.5,32.7,7.55,45.4,33.3,66.0,5.0,6.1,46.5,6,80.1,1669.5199999999998,1651.3500000000001,144.7,0.452642073778664,39.11,480.59999999999997,0,1,56.00000000000001,False
Maize,16.7,38.0,172.2,61.2,6.79,54.6,15.9,53.0,6.1,10.6,47.8,1,102.1,634.6,10538.64,123.5,0.7811158798283261,22.62,102.1,1,1,60.5,True
Tomato,34.8,88.6,78.7,62.4,6.93,75.3,5.0,49.0,8.1,13.0,56.4,1,42.0,3083.2799999999997,4910.88,129.3,1.3690909090909091,46.26,42.0,1,1,70.5,True
Maize,15.0,68.1,87.7,42.6,6.27,31.8,38.6,30.4,6.8,13.1,57.2,2,78.0,1021.4999999999999,3736.0200000000004,100.80000000000001,0.4542857142857143,24.43,156.0,1,1,52.0,True
Cotton,24.0,85.7,74.0,48.6,6.06,78.9,57.0,5.6,9.1,8.4,39.7,6,141.5,2056.8,3596.4,141.5,1.2405660377358492,34.25,849.0,1,1,50.5,True
Soybean,25.7,70.6,77.2,40.7,7.24,93.1,33.6,70.7,4.8,10.3,50.3,7,196.5,1814.4199999999998,3142.0400000000004,197.39999999999998,0.8841405508072173,34.82,1375.5,1,1,58.5,True
Rice,24.7,80.5,162.0,84.2,6.91,64.5,31.7,48.8,6.2,10.1,38.1,6,108.1,1988.35,13640.4,145.0,0.7914110429447853,34.77,648.5999999999999,1,1,73.5,True
Groundnut,31.7,72.6,118.3,58.0,6.46,63.0,30.4,17.1,7.9,13.1,55.2,2,61.0,2301.4199999999996,6861.4,110.5,1.2989690721649485,41.58,122.0,0,1,61.5,False
Soybean,26.0,53.3,84.6,39.9,6.86,72.9,39.6,32.2,6.0,10.5,20.5,2,54.2,1385.8,3375.5399999999995,144.7,1.0013736263736264,33.43,108.4,0,1,52.5,False
Wheat,34.8,56.0,87.4,53.7,8.0,37.5,5.0,52.6,7.2,11.4,44.4,5,58.6,1948.7999999999997,4693.38,95.1,0.6399317406143344,42.68,293.0,1,1,55.50000000000001,True
Rice,29.0,47.0,96.4,54.1,6.36,88.5,13.9,36.4,3.9,8.7,33.7,2,47.2,1363.0,5215.240000000001,138.8,1.7251461988304095,35.440000000000005,94.4,0,0,46.5,True
Tomato,21.1,95.0,128.6,53.7,7.12,58.7,48.8,42.6,6.5,14.3,66.8,1,101.2,2004.5000000000002,6905.82,150.1,0.6352813852813852,33.46,101.2,1,1,56.49999999999999,True
Cotton,19.2,46.2,78.2,19.9,6.43,78.0,21.6,49.7,7.3,17.3,21.5,7,59.0,887.0400000000001,1556.1799999999998,149.3,1.0788381742738586,27.28,413.0,1,0,45.0,False
Maize,32.2,84.2,301.2,90.0,6.63,51.1,16.5,5.0,5.1,19.7,52.0,1,68.1,2711.2400000000002,27108.0,72.6,2.2711111111111113,44.56,68.1,0,1,72.5,False
Rice,18.5,60.7,103.4,65.6,6.71,71.8,38.8,35.9,5.2,11.8,26.9,6,101.9,1122.95,6783.04,146.5,0.9484808454425364,26.93,611.4000000000001,0,1,57.49999999999999,False
Wheat,32.6,77.1,174.2,79.2,7.01,80.9,38.2,53.2,5.4,3.6,56.3,7,129.3,2513.46,13796.64,172.3,0.8755411255411255,41.03,905.1000000000001,1,1,64.0,True
Wheat,31.4,70.2,34.4,37.7,7.51,65.6,31.1,81.3,7.6,12.4,48.9,4,85.9,2204.28,1296.88,178.0,0.5784832451499118,40.9,343.6,0,1,59.0,False
Groundnut,30.6,67.8,256.4,87.8,6.26,46.1,45.7,47.5,5.5,10.3,18.1,2,107.0,2074.68,22511.92,139.3,0.4893842887473461,39.440000000000005,214.0,1,1,67.0,True
Rice,20.3,70.6,177.8,69.9,6.72,50.9,24.7,35.0,10.1,12.5,51.4,7,61.0,1433.1799999999998,12428.220000000001,110.6,0.8385502471169687,29.86,427.0,1,1,65.5,True
Wheat,33.6,74.9,158.2,90.0,6.56,76.4,32.1,36.2,10.0,6.9,58.1,2,48.4,2516.6400000000003,14237.999999999998,144.7,1.1024531024531024,42.470000000000006,96.8,1,1,61.5,True
Cotton,28.3,93.3,296.3,90.0,6.67,66.1,26.3,44.6,8.3,11.1,53.4,2,95.3,2640.39,26667.0,137.0,0.9193324061196104,39.85,190.6,1,1,77.0,True
Cotton,32.4,46.9,122.1,37.4,5.88,82.1,35.6,36.9,3.9,13.2,42.4,2,65.0,1519.56,4566.54,154.6,1.1170068027210884,39.73,130.0,0,1,52.0,False
Tomato,28.2,54.6,155.2,48.2,6.71,51.4,58.9,71.5,8.7,7.6,23.7,1,122.2,1539.72,7480.64,181.8,0.3911719939117199,35.18,122.2,0,1,60.5,False
Rice,29.4,83.3,80.2,62.6,5.88,63.8,35.3,33.5,8.7,18.1,24.4,2,94.0,2449.02,5020.52,132.6,0.9140401146131805,41.349999999999994,188.0,0,0,49.5,True
Wheat,30.2,86.6,27.9,55.5,7.1,67.4,9.2,88.0,7.1,7.5,50.2,4,107.3,2615.3199999999997,1548.4499999999998,164.60000000000002,0.6863543788187373,40.36,429.2,0,1,59.5,False
Soybean,29.7,62.6,66.3,29.2,7.23,47.3,36.2,28.1,8.0,2.4,38.8,1,89.3,1859.22,1935.9599999999998,111.6,0.7243491577335374,36.44,89.3,0,1,55.00000000000001,False
Wheat,29.5,56.4,103.2,41.3,6.9,44.0,55.1,74.7,7.5,11.8,17.7,4,70.4,1663.8,4262.16,173.8,0.33639143730886845,37.5,281.6,1,0,45.0,False
Tomato,22.7,77.4,124.8,69.0,6.22,24.3,37.0,46.1,7.1,13.8,42.1,2,60.3,1756.98,8611.199999999999,107.4,0.2889417360285375,33.199999999999996,120.6,1,1,59.0,True
Groundnut,24.4,71.8,145.9,71.0,6.71,10.0,36.8,20.3,8.0,15.2,49.2,3,150.3,1751.9199999999998,10358.9,67.1,0.17211703958691912,34.62,450.90000000000003,0,1,58.5,False
Wheat,27.7,52.5,89.0,62.6,6.46,48.6,5.0,68.2,6.3,14.2,34.1,1,121.3,1454.25,5571.400000000001,121.80000000000001,0.6549865229110512,35.790000000000006,121.3,1,1,50.5,True
Groundnut,28.7,86.0,67.2,39.3,6.78,27.0,66.6,45.4,9.5,14.6,46.6,6,87.0,2468.2,2640.96,139.0,0.23893805309734514,40.22,522.0,0,1,56.49999999999999,False
Maize,26.9,66.8,125.5,69.5,5.77,54.4,25.8,51.5,7.1,5.1,44.2,1,90.3,1796.9199999999998,8722.25,131.7,0.6947637292464879,34.6,90.3,0,1,59.0,False
Rice,25.2,68.9,169.6,66.8,6.47,44.1,44.8,61.2,7.8,9.8,59.8,4,70.8,1736.2800000000002,11329.279999999999,150.10000000000002,0.4121495327102804,34.050000000000004,283.2,0,1,64.0,False
Rice,20.6,74.4,140.5,79.3,6.7,46.2,40.4,40.4,8.2,9.7,51.1,6,30.0,1532.6400000000003,11141.65,127.0,0.5647921760391199,29.980000000000004,180.0,1,1,60.0,True
Maize,29.7,50.0,129.9,57.7,5.87,45.7,37.4,21.1,7.0,16.4,46.4,5,71.8,1485.0,7495.2300000000005,104.19999999999999,0.7680672268907563,37.980000000000004,359.0,0,1,57.99999999999999,False
Groundnut,32.2,45.5,78.4,39.4,6.55,74.3,20.9,31.3,6.1,16.4,33.3,7,114.6,1465.1000000000001,3088.96,126.49999999999999,1.3966165413533833,40.03,802.1999999999999,0,0,41.0,True
Cotton,27.9,40.7,163.5,47.7,6.52,60.5,5.0,56.4,4.2,6.2,13.6,6,85.4,1135.53,7798.950000000001,121.9,0.969551282051282,33.21,512.4000000000001,1,1,57.99999999999999,True
Maize,24.8,84.8,86.4,35.3,6.91,91.9,43.7,47.2,9.0,7.3,52.9,6,147.3,2103.04,3049.92,182.8,1.0,34.74,883.8000000000001,0,1,54.50000000000001,False
Soybean,24.7,81.7,78.8,42.6,7.31,35.2,49.4,31.7,6.2,9.0,31.5,6,127.9,2017.99,3356.88,116.3,0.42874543239951285,34.669999999999995,767.4000000000001,1,0,43.5,False
Wheat,26.7,82.5,149.6,54.7,6.16,63.1,33.0,52.5,6.2,6.9,45.2,3,108.1,2202.75,8183.12,148.6,0.7294797687861272,36.330000000000005,324.29999999999995,1,1,67.5,True
Maize,30.6,56.4,45.0,51.6,6.08,61.3,35.2,80.0,8.9,8.5,30.0,5,90.1,1725.8400000000001,2322.0,176.5,0.527538726333907,37.940000000000005,450.5,0,0,48.5,True
Rice,27.1,61.8,138.5,68.3,6.14,44.4,13.5,42.6,6.9,12.6,59.9,5,86.3,1674.78,9459.55,100.5,0.7775831873905429,35.800000000000004,431.5,0,1,71.0,False
Wheat,31.5,63.0,137.4,68.0,6.03,72.9,35.5,70.6,6.9,17.9,49.5,7,81.1,1984.5,9343.2,179.0,0.6806722689075632,41.379999999999995,567.6999999999999,0,1,54.50000000000001,False
Groundnut,27.6,69.8,164.4,89.2,6.79,51.3,35.7,39.0,7.4,8.1,43.1,2,126.0,1926.48,14664.480000000001,126.0,0.677675033025099,36.199999999999996,252.0,1,1,72.5,True
Soybean,30.5,66.7,219.8,83.4,5.55,58.2,24.4,22.1,5.8,15.7,39.1,4,99.6,2034.3500000000001,18331.320000000003,104.69999999999999,1.2252631578947368,40.31,398.4,0,1,69.5,False
Tomato,21.3,50.6,113.9,63.7,6.71,64.4,6.4,52.5,3.0,13.3,41.9,2,133.3,1077.78,7255.43,123.30000000000001,1.0751252086811354,29.02,266.6,1,1,60.5,True
Groundnut,23.6,74.1,90.7,48.3,6.75,26.4,40.4,37.6,5.9,21.3,29.3,4,92.7,1748.76,4380.8099999999995,104.4,0.3341772151898734,35.27,370.8,1,1,51.5,True
Tomato,29.0,67.0,100.1,61.9,7.57,36.7,36.0,41.9,5.1,13.4,35.7,1,111.6,1943.0,6196.19,114.6,0.46514575411913817,38.38,111.6,1,0,45.5,False
Wheat,28.5,36.5,185.2,71.2,6.77,63.8,45.6,38.3,6.0,12.8,40.5,7,104.7,1040.25,13186.24,147.7,0.7514723203769139,34.71,732.9,1,1,64.0,True
Groundnut,28.6,71.3,213.9,78.6,6.11,43.1,18.2,29.3,5.0,19.0,48.8,1,82.3,2039.18,16812.54,90.6,0.888659793814433,39.53,82.3,1,1,71.5,True
Wheat,24.9,58.4,77.4,27.8,6.82,40.3,30.7,58.5,8.0,13.1,60.2,4,86.9,1454.1599999999999,2151.7200000000003,129.5,0.44678492239467843,33.36,347.6,0,0,48.5,True
Rice,23.2,59.3,56.0,34.8,7.4,23.8,29.6,54.3,7.7,8.5,26.4,1,115.8,1375.76,1948.7999999999997,107.7,0.28032979976442873,30.83,115.8,1,0,36.0,False
Soybean,28.7,67.0,135.2,57.5,6.38,51.2,65.2,62.3,3.0,20.1,34.9,1,148.6,1922.8999999999999,7773.999999999999,178.7,0.398443579766537,39.42,148.6,0,0,48.5,True
Wheat,33.2,70.3,27.6,33.4,6.53,31.9,47.7,29.5,6.4,12.4,43.5,1,119.8,2333.96,921.84,109.1,0.40792838874680304,42.71,119.8,0,0,49.0,True
Rice,24.7,56.5,212.2,80.4,6.56,39.4,41.5,45.7,8.0,15.2,24.9,3,69.2,1395.55,17060.88,126.60000000000001,0.44671201814058953,33.39,207.60000000000002,0,1,64.0,False
Rice,17.0,62.2,110.0,59.6,5.96,69.7,41.6,37.5,7.7,8.2,57.3,4,69.9,1057.4,6556.0,148.8,0.8701622971285894,24.86,279.6,0,1,55.50000000000001,False
Cotton,16.7,66.3,204.5,78.2,5.54,63.4,38.3,37.4,7.3,3.6,31.0,1,130.4,1107.2099999999998,15991.900000000001,139.1,0.8265971316818775,24.049999999999997,130.4,1,1,52.0,True
Soybean,22.3,79.3,132.9,35.3,6.66,25.3,40.4,54.8,6.1,11.8,49.1,1,84.5,1768.39,4691.37,120.5,0.26299376299376304,32.59,84.5,1,1,55.50000000000001,True
Wheat,35.7,95.0,102.3,60.7,6.68,58.0,28.6,41.0,7.1,14.7,61.3,7,96.9,3391.5000000000005,6209.61,127.6,0.821529745042493,48.14,678.3000000000001,1,1,77.5,True
Rice,27.4,66.5,261.2,90.0,7.46,42.6,46.5,38.0,5.3,11.8,38.3,7,99.7,1822.1,23508.0,127.1,0.4982456140350877,36.41,697.9,1,1,75.0,True
Cotton,25.2,77.9,96.9,49.1,6.13,63.5,53.6,39.2,8.7,17.0,37.7,6,132.0,1963.0800000000002,4757.79,156.3,0.6769722814498933,36.39,792.0,0,0,46.0,True
Cotton,31.8,79.9,161.8,78.7,7.05,37.0,17.3,42.6,4.5,1.7,53.8,2,29.9,2540.82,12733.660000000002,96.9,0.6075533661740558,40.13,59.8,1,1,71.5,True
Soybean,25.6,60.5,60.6,22.9,5.66,57.0,8.3,5.0,7.4,17.2,47.1,3,88.3,1548.8000000000002,1387.74,70.3,3.986013986013986,35.09,264.9,0,0,49.0,True
Tomato,31.9,63.8,108.8,69.0,6.33,60.4,45.0,43.3,6.5,7.8,30.2,6,125.2,2035.2199999999998,7507.2,148.7,0.6763717805151176,39.84,751.2,0,0,45.5,True
Rice,24.9,88.9,209.8,80.7,7.11,40.4,43.8,44.3,3.6,8.3,48.3,3,71.0,2213.61,16930.86,128.5,0.45342312008978675,35.45,213.0,0,1,77.5,False
Tomato,22.5,65.1,64.0,50.4,5.69,43.6,62.3,46.2,6.8,11.0,24.4,3,109.8,1464.7499999999998,3225.6,152.10000000000002,0.39817351598173517,31.209999999999997,329.4,1,0,48.5,False
Cotton,22.1,53.5,25.5,19.1,6.47,10.0,32.3,41.7,5.4,6.0,28.2,5,88.4,1182.3500000000001,487.05,84.0,0.13333333333333333,28.650000000000002,442.0,0,0,37.0,True
Maize,15.2,88.5,264.4,90.0,5.91,49.7,24.9,35.2,8.3,17.0,58.2,5,140.7,1345.2,23795.999999999996,109.8,0.8134206219312603,27.449999999999996,703.5,1,1,57.49999999999999,True
Maize,28.9,68.1,67.8,47.5,6.05,98.4,36.4,75.2,5.7,15.1,37.7,4,48.7,1968.0899999999997,3220.5,210.0,0.8738898756660747,38.730000000000004,194.8,0,1,53.0,False
Maize,26.3,58.1,203.1,86.7,6.03,62.6,43.8,34.1,5.9,16.6,37.3,6,35.5,1528.03,17608.77,140.5,0.7934093789607097,35.43,213.0,1,1,70.0,True
Tomato,24.4,61.2,81.2,59.4,5.99,10.0,22.6,55.9,5.7,16.4,24.5,4,66.9,1493.28,4823.28,88.5,0.12578616352201258,33.8,267.6,0,0,40.5,True
Groundnut,28.0,66.2,204.1,71.1,6.64,45.2,34.7,28.9,7.8,18.2,25.6,3,145.6,1853.6000000000001,14511.509999999998,108.80000000000001,0.6996904024767803,38.26,436.79999999999995,1,1,50.5,True
Groundnut,26.5,63.2,282.2,90.0,6.04,41.8,26.3,7.9,8.8,6.7,25.9,3,131.5,1674.8000000000002,25398.0,76.0,1.1874999999999998,34.160000000000004,394.5,1,1,58.5,True
Cotton,32.4,76.0,296.9,90.0,6.9,43.9,18.7,13.9,7.5,10.7,47.0,4,100.2,2462.4,26720.999999999996,76.5,1.3065476190476188,42.14,400.8,1,1,80.5,True
Rice,37.6,72.4,186.4,85.7,6.53,49.8,47.7,20.9,3.6,13.7,37.1,1,99.3,2722.2400000000002,15974.480000000001,118.4,0.7155172413793104,47.580000000000005,99.3,0,1,65.0,False
Rice,32.4,57.6,252.1,77.1,6.46,79.4,45.1,24.9,5.4,15.2,32.6,2,80.9,1866.24,19436.91,149.4,1.1183098591549296,41.199999999999996,161.8,0,1,56.99999999999999,False
Soybean,29.8,45.4,46.4,31.6,6.43,76.8,54.1,55.3,6.3,15.2,22.8,2,47.2,1352.92,1466.24,186.2,0.6956521739130435,37.38,94.4,0,0,41.0,True
Maize,22.7,74.7,108.9,64.2,6.14,49.6,7.9,55.8,6.4,11.8,53.2,7,61.3,1695.69,6991.380000000001,113.3,0.7666151468315303,32.53,429.09999999999997,0,1,54.0,False
Soybean,28.2,78.4,116.8,61.2,7.79,32.1,26.1,46.1,7.9,13.9,35.6,1,93.3,2210.88,7148.16,104.30000000000001,0.4385245901639344,38.82,93.3,0,1,54.0,False
Cotton,30.2,70.3,230.9,90.0,6.88,24.1,30.5,41.9,6.3,12.5,25.8,5,85.8,2123.06,20781.0,96.5,0.32833787465940056,39.73,429.0,1,0,46.0,False
Wheat,29.0,66.2,130.1,52.3,6.55,31.7,41.4,67.6,5.3,18.1,44.4,5,62.6,1919.8000000000002,6804.23,140.7,0.28818181818181815,39.239999999999995,313.0,1,1,64.0,True
Tomato,27.9,80.3,76.7,52.3,6.12,17.8,60.2,55.4,8.4,9.5,62.5,3,113.8,2240.37,4011.41,133.4,0.15265866209262438,37.83,341.4,0,1,57.49999999999999,False
Wheat,23.4,80.1,135.9,90.0,6.79,53.6,40.8,46.0,7.9,10.5,52.3,3,68.0,1874.3399999999997,12231.0,140.4,0.6104783599088839,33.51,204.0,0,1,73.0,False
Rice,27.1,63.5,112.7,51.8,7.65,81.1,17.7,38.6,10.5,11.2,50.9,7,153.9,1720.8500000000001,5837.86,137.4,1.4153577661431065,35.690000000000005,1077.3,1,1,56.49999999999999,True
Cotton,22.0,95.0,132.8,63.1,5.86,87.3,31.7,29.8,6.5,4.1,33.5,3,119.1,2090.0,8379.68,148.8,1.3968,32.32,357.29999999999995,0,1,52.5,False
Maize,35.0,89.0,127.3,74.3,5.0,84.1,22.8,52.4,7.2,10.1,39.5,2,63.0,3115.0,9458.39,159.29999999999998,1.1036745406824147,45.92,126.0,1,1,78.5,True
Maize,17.2,71.6,317.6,90.0,6.61,95.8,68.9,14.7,6.6,18.5,51.4,7,82.7,1231.5199999999998,28584.000000000004,179.39999999999998,1.1323877068557917,28.06,578.9,1,1,66.5,True
Soybean,23.2,82.5,65.9,29.2,6.11,88.5,38.8,55.0,6.5,21.0,42.4,3,37.5,1914.0,1924.2800000000002,182.3,0.9335443037974683,35.65,112.5,1,0,43.0,False
Rice,30.3,74.2,183.9,73.4,6.69,57.4,48.6,63.9,5.4,11.4,26.7,7,69.9,2248.26,13498.260000000002,169.9,0.505726872246696,40.0,489.30000000000007,1,1,59.0,True
Groundnut,31.3,57.5,213.1,89.5,6.88,106.1,48.4,54.9,6.6,15.0,51.3,6,118.3,1799.75,19072.45,209.4,1.0172579098753596,40.05,709.8,1,1,61.5,True
Wheat,27.0,52.7,300.4,90.0,5.85,52.5,39.2,73.4,8.9,23.6,34.5,3,189.9,1422.9,27035.999999999996,165.10000000000002,0.46214788732394363,36.99,569.7,0,1,62.0,False
Wheat,24.0,34.2,58.7,30.0,5.76,60.4,51.1,45.5,8.8,16.8,35.2,2,56.5,820.8000000000001,1761.0,157.0,0.6188524590163935,30.78,113.0,1,0,30.5,False
Maize,30.2,65.5,119.1,84.8,6.46,31.5,35.1,41.9,7.2,9.7,21.4,7,136.1,1978.1,10099.679999999998,108.5,0.40384615384615385,38.69,952.6999999999999,1,1,57.99999999999999,True
Rice,26.5,57.9,84.5,56.1,5.62,44.6,38.2,38.2,6.8,11.3,41.0,5,112.7,1534.35,4740.45,121.00000000000001,0.5762273901808785,34.55,563.5,0,0,44.5,True
Cotton,24.4,81.0,135.2,38.5,7.51,82.6,31.2,46.8,8.0,18.3,31.4,1,47.4,1976.3999999999999,5205.2,160.6,1.0455696202531646,36.16,47.4,0,1,54.0,False
Groundnut,29.5,66.0,145.8,60.3,6.81,55.9,22.2,46.3,6.4,7.0,39.7,6,153.2,1947.0,8791.74,124.39999999999999,0.8043165467625899,37.5,919.1999999999999,1,1,62.5,True
Maize,23.9,63.4,155.5,49.4,5.92,91.7,28.7,48.8,5.6,9.0,34.2,4,90.5,1515.2599999999998,7681.7,169.2,1.1681528662420382,32.04,362.0,0,1,63.0,False
Maize,26.8,79.2,221.5,84.6,7.18,57.5,40.0,47.5,6.7,13.5,56.3,4,49.4,2122.56,18738.899999999998,145.0,0.6497175141242938,37.42,197.6,0,1,79.0,False
Maize,38.6,93.0,157.1,56.4,7.48,71.5,21.3,46.3,7.3,12.0,50.8,2,66.9,3589.8,8860.439999999999,139.1,1.0422740524781342,50.300000000000004,133.8,1,1,64.0,True
Maize,23.7,79.3,141.4,87.6,5.52,55.7,39.5,29.0,6.7,18.5,47.1,7,147.1,1879.4099999999999,12386.64,124.2,0.8014388489208634,35.33,1029.7,1,1,59.0,True
Maize,32.8,78.0,70.2,27.9,6.59,75.8,42.0,37.3,6.7,6.8,27.5,6,64.4,2558.3999999999996,1958.58,155.1,0.9439601494396015,41.959999999999994,386.40000000000003,1,0,46.5,False
Rice,16.1,86.0,175.2,77.2,7.16,55.9,51.7,32.8,5.2,16.9,53.1,7,59.1,1384.6000000000001,13525.44,140.39999999999998,0.6538011695906433,28.080000000000002,413.7,1,1,65.0,True
Rice,23.7,68.0,303.1,90.0,6.58,34.0,26.7,42.7,10.8,15.3,50.5,2,40.5,1611.6,27279.000000000004,103.4,0.4829545454545454,33.56,81.0,1,1,64.5,True
Groundnut,28.7,61.6,47.5,15.0,5.72,94.1,42.4,22.4,8.5,5.7,51.8,5,78.2,1767.92,712.5,158.9,1.4300911854103344,36.0,391.0,0,0,49.5,True
Soybean,27.6,71.5,48.8,42.2,6.94,88.6,29.3,88.7,6.3,6.7,45.0,2,169.3,1973.4,2059.36,206.6,0.7445378151260503,36.09,338.6,1,1,54.50000000000001,True
Groundnut,28.4,61.9,156.9,80.9,6.41,32.0,31.0,47.4,5.2,12.8,40.6,1,127.1,1757.9599999999998,12693.210000000001,110.4,0.4030226700251889,37.15,127.1,1,1,66.0,True
Wheat,40.0,54.0,162.2,59.8,7.86,50.0,25.5,78.3,7.6,3.2,36.6,2,47.0,2160.0,9699.56,153.8,0.4770992366412214,46.04,94.0,0,1,54.0,False
Groundnut,25.0,63.9,216.8,90.0,7.46,94.7,32.4,61.8,4.7,5.5,31.1,7,98.2,1597.5,19512.0,188.89999999999998,0.994747899159664,32.49,687.4,1,1,59.5,True
Tomato,23.8,68.4,252.7,90.0,7.13,45.0,55.2,48.1,6.5,12.5,41.7,3,31.8,1627.92,22743.0,148.3,0.43144774688398846,33.14,95.4,1,1,62.0,True
Rice,30.3,58.7,32.8,38.1,6.1,32.1,44.8,44.1,7.0,11.2,38.3,6,37.6,1778.6100000000001,1249.6799999999998,121.0,0.35706340378198,38.410000000000004,225.60000000000002,1,0,49.0,False
Groundnut,29.2,82.5,85.0,42.9,5.82,31.0,27.4,79.3,5.6,18.7,38.7,4,116.4,2409.0,3646.5,137.7,0.2878365831012071,41.190000000000005,465.6,1,1,62.0,True
Rice,26.4,52.4,219.0,73.7,6.64,69.9,22.3,23.9,6.3,6.5,18.0,5,143.5,1383.36,16140.300000000001,116.1,1.4809322033898304,32.94,717.5,1,1,67.0,True
Tomato,17.9,84.7,74.2,45.4,6.13,41.4,17.7,52.5,7.8,5.2,51.8,6,51.7,1516.1299999999999,3368.68,111.6,0.5814606741573033,27.409999999999997,310.20000000000005,0,1,54.50000000000001,False
Wheat,31.8,65.8,222.1,82.7,6.69,30.1,35.8,47.6,9.1,11.4,20.5,6,140.5,2092.44,18367.670000000002,113.5,0.3566350710900474,40.660000000000004,843.0,0,1,59.5,False
Maize,29.2,52.4,37.1,15.7,7.66,50.0,6.5,55.7,7.6,8.3,39.9,2,131.3,1530.08,582.47,112.2,0.7911392405063291,36.099999999999994,262.6,0,0,49.0,True
Wheat,23.4,64.2,220.1,83.9,7.15,57.8,40.2,48.7,7.0,14.7,52.6,7,131.9,1502.28,18466.39,146.7,0.6429365962180199,32.76,923.3000000000001,0,1,77.5,False
Rice,26.7,63.5,66.6,38.8,6.11,53.3,47.6,97.0,8.8,12.5,40.2,2,54.2,1695.45,2584.0799999999995,197.9,0.36607142857142855,35.55,108.4,0,0,34.5,True
Soybean,29.5,38.0,94.0,35.1,6.78,39.1,18.8,26.3,8.1,13.9,19.6,6,121.9,1121.0,3299.4,84.2,0.8481561822125814,36.08,731.4000000000001,1,1,53.0,True
Groundnut,21.7,77.8,180.9,71.5,8.0,41.5,26.6,58.8,5.6,18.0,39.1,6,80.9,1688.26,12934.35,126.89999999999999,0.48032407407407407,33.08,485.40000000000003,0,1,56.99999999999999,False
Soybean,24.9,38.6,220.9,90.0,6.05,72.1,32.3,43.1,7.3,10.6,34.6,2,107.2,961.14,19881.0,147.5,0.9437172774869108,30.88,214.4,1,1,59.5,True
Wheat,25.1,66.1,174.6,72.8,6.02,87.4,12.2,31.7,9.6,17.9,44.3,4,168.0,1659.11,12710.88,131.3,1.9465478841870827,35.29,672.0,0,1,57.99999999999999,False
Soybean,30.5,89.5,113.6,66.9,5.62,90.3,30.7,40.7,10.7,19.3,47.8,3,101.0,2729.75,7599.84,161.7,1.2472375690607733,43.31,303.0,1,1,56.99999999999999,True
Maize,19.1,73.0,102.8,65.0,6.89,57.0,13.7,59.5,5.8,7.3,51.8,2,141.3,1394.3000000000002,6682.0,130.2,0.7681940700808625,27.860000000000003,282.6,0,1,56.99999999999999,False
Groundnut,24.9,89.9,18.3,44.0,6.33,51.7,25.9,41.5,7.3,4.6,30.3,6,71.3,2238.51,805.2,119.1,0.7558479532163742,34.81,427.79999999999995,1,1,55.00000000000001,True
Wheat,28.9,54.6,89.7,44.9,7.64,66.2,42.8,24.6,5.9,11.2,41.2,6,89.0,1577.94,4027.53,133.6,0.9678362573099415,36.6,534.0,1,0,48.0,False
Maize,20.9,36.5,184.3,58.8,6.38,52.9,19.7,48.8,8.2,9.1,20.9,7,107.2,762.8499999999999,10836.84,121.39999999999999,0.7611510791366907,26.369999999999997,750.4,0,1,55.50000000000001,False
Maize,32.2,83.2,154.1,83.9,6.62,35.6,15.1,72.7,8.2,1.0,52.4,4,78.3,2679.0400000000004,12928.99,123.4,0.4009009009009009,40.720000000000006,313.2,0,1,59.5,False
Wheat,34.5,94.6,101.6,59.0,7.38,42.7,33.5,90.5,8.1,16.7,46.4,1,134.8,3263.7,5994.4,166.7,0.3416,47.3,134.8,1,1,69.0,True
Cotton,22.5,79.4,28.5,27.6,5.41,32.3,39.2,42.7,5.3,15.2,28.4,7,61.2,1786.5000000000002,786.6,114.2,0.38962605548854035,33.480000000000004,428.40000000000003,1,0,39.5,False
Wheat,24.3,52.2,115.2,45.2,7.18,78.8,44.9,44.3,6.6,13.2,17.1,7,130.2,1268.46,5207.040000000001,168.0,0.8736141906873615,32.160000000000004,911.3999999999999,0,1,52.5,False
Soybean,32.5,53.2,209.0,90.0,6.43,53.0,65.7,18.7,7.4,6.3,38.1,3,102.3,1729.0,18810.0,137.4,0.6206088992974238,39.08,306.9,1,1,71.5,True
Groundnut,33.6,78.4,130.9,59.2,6.61,87.1,51.4,62.7,6.9,14.4,49.7,6,145.4,2634.2400000000002,7749.280000000001,201.2,0.7567332754126846,44.32000000000001,872.4000000000001,1,1,52.5,True
Maize,23.5,80.3,172.2,52.0,6.59,53.7,37.5,67.0,6.6,14.2,57.5,3,68.7,1887.05,8954.4,158.2,0.5090047393364929,34.370000000000005,206.10000000000002,1,1,62.5,True
Wheat,31.2,41.6,119.7,38.2,7.21,60.1,48.8,46.4,3.1,10.1,33.7,4,118.5,1297.92,4572.540000000001,155.3,0.6247401247401249,37.38,474.0,1,0,41.0,False
Rice,30.3,81.3,30.9,31.3,6.37,55.3,5.0,50.4,6.5,9.8,45.2,6,63.2,2463.39,967.17,110.69999999999999,0.9804964539007092,40.39,379.20000000000005,0,1,57.49999999999999,False
Groundnut,20.6,72.8,110.6,44.5,6.53,63.3,27.6,84.2,9.8,9.8,29.4,5,64.6,1499.68,4921.7,175.10000000000002,0.5611702127659574,29.840000000000003,323.0,1,1,56.00000000000001,True
Maize,26.0,46.1,95.5,52.6,5.91,68.9,22.0,39.4,8.2,7.6,35.0,7,90.0,1198.6000000000001,5023.3,130.3,1.1041666666666667,32.13,630.0,0,1,50.5,False
Groundnut,20.9,53.3,208.4,80.5,6.25,78.2,26.1,34.5,5.5,14.0,22.2,5,99.1,1113.9699999999998,16776.2,138.8,1.2694805194805194,29.029999999999998,495.5,1,1,64.0,True
Rice,23.4,51.9,306.8,90.0,5.09,36.7,31.9,39.5,9.7,9.4,42.3,4,107.7,1214.4599999999998,27612.0,108.1,0.5069060773480663,30.469999999999995,430.8,1,1,73.0,True
Maize,30.1,82.9,48.6,31.5,6.39,55.5,34.5,11.9,7.3,15.3,41.9,7,108.7,2495.2900000000004,1530.9,101.9,1.1708860759493671,41.45,760.9,0,1,51.0,False
Tomato,34.2,48.6,115.7,57.7,6.85,50.8,45.9,42.9,10.4,10.6,27.4,3,86.0,1662.1200000000001,6675.89,139.6,0.5657015590200445,41.18,258.0,1,1,54.50000000000001,True
Wheat,29.5,78.9,350.0,90.0,6.63,11.7,39.4,17.5,5.6,16.2,58.9,2,121.2,2327.55,31500.0,68.6,0.20207253886010362,40.63,242.4,1,1,79.0,True
Tomato,23.7,71.3,91.8,37.7,6.6,65.7,46.8,56.0,6.3,7.5,28.8,4,102.5,1689.81,3460.86,168.5,0.6329479768786128,32.33,410.0,0,0,48.5,True
Rice,21.3,61.0,63.8,19.0,7.26,56.6,16.8,24.5,4.4,17.6,44.5,3,79.4,1299.3,1212.2,97.9,1.3380614657210403,30.919999999999998,238.20000000000002,1,0,47.0,False
Tomato,26.5,70.7,224.7,90.0,6.14,44.0,31.9,63.9,6.7,7.1,40.9,3,72.1,1873.5500000000002,20223.0,139.8,0.4545454545454546,34.99,216.29999999999998,1,1,66.5,True
Tomato,30.7,61.3,350.0,90.0,7.05,33.6,34.3,44.9,9.3,19.4,35.0,1,80.3,1881.9099999999999,31500.0,112.80000000000001,0.4189526184538654,40.71,80.3,0,1,75.0,False
Wheat,25.2,70.2,165.5,81.6,5.92,70.1,40.5,23.4,9.1,14.3,29.8,2,74.3,1769.04,13504.8,134.0,1.0801232665639444,35.08,148.6,0,1,65.5,False
Cotton,23.3,66.2,133.7,59.5,6.18,62.1,27.3,48.0,5.0,8.1,36.4,5,44.5,1542.46,7955.15,137.4,0.8138925294888598,31.540000000000003,222.5,0,1,61.0,False
Groundnut,22.0,64.6,136.7,72.2,7.1,54.6,29.4,39.3,7.6,11.8,24.2,5,113.5,1421.1999999999998,9869.74,123.3,0.7833572453371594,30.82,567.5,1,1,62.5,True
Rice,26.7,56.8,104.0,59.0,6.97,73.0,29.0,40.7,6.1,10.9,47.5,6,94.3,1516.56,6136.0,142.7,1.0325318246110324,34.559999999999995,565.8,0,1,55.00000000000001,False
Cotton,31.2,69.1,225.6,89.5,5.89,74.9,31.4,50.4,6.6,13.3,52.2,3,70.2,2155.9199999999996,20191.2,156.70000000000002,0.9045893719806765,40.769999999999996,210.60000000000002,0,1,73.0,False
Cotton,24.3,63.1,32.0,36.1,6.35,16.0,29.1,62.5,4.0,11.2,29.7,3,118.5,1533.3300000000002,1155.2,107.6,0.17278617710583155,32.85,355.5,0,0,41.5,True
Groundnut,24.9,50.8,263.6,90.0,5.87,38.2,52.1,35.0,9.3,12.7,30.1,4,48.9,1264.9199999999998,23724.000000000004,125.30000000000001,0.43359818388195237,32.519999999999996,195.6,1,1,69.5,True
Cotton,26.4,70.4,127.2,57.5,7.43,62.8,33.6,21.8,5.4,12.9,67.3,3,92.3,1858.56,7314.0,118.2,1.1134751773049645,36.019999999999996,276.9,1,1,60.0,True
Wheat,25.9,70.8,63.2,55.0,6.91,95.3,41.1,43.9,6.5,18.0,32.3,7,97.6,1833.7199999999998,3476.0,180.3,1.1081395348837209,36.58,683.1999999999999,0,0,42.5,True
Groundnut,30.2,55.9,212.6,84.6,6.59,40.3,48.8,47.1,7.8,15.8,26.5,4,120.6,1688.1799999999998,17985.96,136.2,0.4158926728586171,38.95,482.4,0,1,68.0,False
Rice,24.2,66.6,176.5,90.0,6.53,57.7,49.8,64.0,6.8,21.1,45.7,7,30.8,1611.7199999999998,15885.0,171.5,0.5026132404181185,35.08,215.6,1,1,67.0,True
Maize,20.9,56.4,127.1,43.2,5.69,46.2,27.5,28.5,7.6,7.5,22.4,6,111.7,1178.76,5490.72,102.2,0.8105263157894738,28.04,670.2,1,1,54.50000000000001,True
Tomato,36.4,54.3,74.5,32.2,6.39,101.9,40.6,5.5,9.5,13.3,37.4,7,20.0,1976.5199999999998,2398.9,148.0,2.1634819532908707,44.489999999999995,140.0,0,1,52.5,False
Groundnut,18.9,52.6,149.7,64.4,5.63,61.4,21.3,15.4,5.2,12.8,4.7,6,102.6,994.14,9640.68,98.10000000000001,1.6286472148541113,26.719999999999995,615.5999999999999,0,1,53.0,False
Groundnut,25.5,85.0,164.7,90.0,6.63,70.3,25.1,35.5,7.0,15.2,56.2,4,134.8,2167.5,14822.999999999998,130.9,1.1412337662337662,37.04,539.2,1,1,74.5,True
Wheat,31.1,75.7,96.7,66.0,6.53,59.8,39.7,44.8,9.9,15.9,31.8,7,127.4,2354.27,6382.2,144.3,0.6994152046783625,41.85,891.8000000000001,0,0,46.5,True
Wheat,26.9,61.3,139.4,40.1,5.6,37.8,54.5,22.6,8.2,12.1,40.4,1,65.6,1648.9699999999998,5589.9400000000005,114.9,0.4839948783610755,35.45,65.6,1,1,52.0,True
Maize,26.7,70.6,82.1,42.3,6.11,28.0,38.4,64.1,11.0,11.8,49.5,1,124.2,1885.0199999999998,3472.8299999999995,130.5,0.27053140096618356,36.12,124.2,1,1,67.5,True
Cotton,26.5,88.3,14.4,25.1,6.34,63.0,58.0,52.7,5.6,6.2,57.2,2,68.8,2339.95,361.44000000000005,173.7,0.5640107430617726,36.57,137.6,0,0,40.5,True
Wheat,40.0,55.7,350.0,90.0,6.88,38.1,25.4,24.8,5.7,7.6,37.8,7,73.4,2228.0,31500.0,88.3,0.744140625,47.09,513.8000000000001,0,1,68.0,False
Wheat,27.4,70.6,21.1,43.1,6.9,73.8,18.4,23.0,5.3,7.7,47.4,1,90.1,1934.4399999999998,909.4100000000001,115.19999999999999,1.740566037735849,36.0,90.1,0,1,52.0,False
Maize,20.4,68.2,97.9,74.7,6.68,34.1,52.2,28.9,10.6,15.7,39.3,7,66.3,1391.28,7313.130000000001,115.20000000000002,0.4153471376370281,30.36,464.09999999999997,0,0,47.0,True
Maize,23.7,81.7,134.6,84.1,7.56,27.1,31.0,31.6,5.9,14.4,35.9,5,57.9,1936.29,11319.859999999999,89.7,0.4261006289308176,34.75,289.5,0,1,54.50000000000001,False
Groundnut,26.8,71.9,170.9,80.1,6.73,40.7,26.5,42.9,5.5,9.6,34.5,6,104.4,1926.9200000000003,13689.09,110.1,0.578125,35.910000000000004,626.4000000000001,0,1,57.49999999999999,False
Maize,28.5,65.7,181.4,85.9,7.17,70.6,48.8,30.3,7.4,17.4,41.9,6,79.2,1872.45,15582.260000000002,149.7,0.8813982521847691,38.55,475.20000000000005,0,1,64.5,False
Wheat,25.4,62.5,66.4,33.3,5.74,63.0,56.3,37.5,9.1,16.1,23.9,6,147.8,1587.5,2211.12,156.8,0.6645569620253164,34.87,886.8000000000001,0,0,41.0,True
Groundnut,28.4,65.6,339.5,90.0,6.64,57.5,56.8,36.3,10.5,18.1,50.6,3,60.6,1863.0399999999997,30555.0,150.6,0.6110520722635494,38.58,181.8,1,1,67.5,True
Maize,22.3,63.9,76.6,42.3,5.38,75.0,26.1,62.7,9.1,14.5,25.2,4,81.1,1424.97,3240.1799999999994,163.8,0.8351893095768373,31.59,324.4,1,0,43.5,False
Rice,36.7,60.8,73.7,64.5,6.81,49.0,40.7,67.6,3.9,18.3,25.9,7,146.6,2231.36,4753.650000000001,157.3,0.4483074107959744,46.44,1026.2,0,1,53.5,False
Soybean,27.9,93.9,162.1,81.0,6.79,57.5,36.4,25.0,5.4,19.5,59.6,2,59.9,2619.81,13130.1,118.9,0.921474358974359,41.19,119.8,0,1,69.0,False
Maize,31.5,73.0,36.2,28.5,7.08,56.8,12.9,38.5,4.2,14.3,53.0,1,46.2,2299.5,1031.7,108.2,1.083969465648855,41.66,46.2,0,1,55.50000000000001,False
Cotton,15.6,76.8,116.9,52.9,7.67,49.8,5.5,56.5,7.2,13.7,50.8,5,39.9,1198.08,6184.01,111.8,0.7904761904761904,26.02,199.5,1,1,54.50000000000001,True
Soybean,27.6,71.4,128.2,57.6,6.57,36.8,32.0,60.3,9.6,15.5,21.9,3,85.7,1970.6400000000003,7384.32,129.1,0.39442658092175775,37.84,257.1,1,0,50.0,False
Cotton,28.3,75.0,236.8,90.0,6.51,66.6,36.0,36.1,4.5,10.8,43.4,5,113.4,2122.5,21312.0,138.7,0.9110807113543091,37.959999999999994,567.0,1,1,71.0,True
Maize,30.4,94.8,307.0,90.0,6.53,87.1,38.6,50.7,7.3,9.2,34.1,3,39.8,2881.9199999999996,27630.0,176.39999999999998,0.9645625692137318,41.72,119.39999999999999,1,1,77.5,True
Cotton,27.0,67.9,105.2,71.2,6.15,68.5,40.4,5.0,9.1,17.3,21.2,3,117.3,1833.3000000000002,7490.240000000001,113.9,1.4762931034482758,37.25,351.9,0,0,42.0,True
Tomato,24.0,53.2,153.8,57.4,5.63,71.9,31.2,54.4,3.2,16.0,32.6,4,78.9,1276.8000000000002,8828.12,157.5,0.8302540415704389,32.52,315.6,1,1,57.49999999999999,True
Cotton,34.5,88.2,350.0,90.0,6.82,29.5,32.1,41.2,4.7,2.5,33.9,2,112.7,3042.9,31500.0,102.80000000000001,0.3970390309555854,43.82,225.4,0,1,66.5,False
Cotton,22.9,70.4,78.5,42.5,7.31,32.4,30.6,35.9,5.9,8.9,58.3,1,29.7,1612.16,3336.25,98.9,0.48,31.72,29.7,1,1,55.50000000000001,True
Rice,23.2,71.6,196.4,87.3,6.45,58.0,50.1,35.7,7.4,13.3,52.7,7,74.7,1661.12,17145.72,143.8,0.6682027649769584,33.019999999999996,522.9,0,1,75.0,False
Soybean,22.6,86.3,168.0,76.6,6.63,63.0,40.2,36.7,7.7,5.0,60.5,6,47.1,1950.38,12868.8,139.9,0.8087291399229781,32.230000000000004,282.6,0,1,72.0,False
Tomato,29.6,49.9,136.1,55.8,6.47,48.7,32.3,51.2,7.5,10.9,37.1,5,29.0,1477.04,7594.379999999999,132.2,0.5763313609467456,36.77,145.0,1,1,64.0,True
Cotton,21.1,73.7,233.4,90.0,6.58,80.8,13.0,42.9,10.0,3.6,48.9,3,108.7,1555.0700000000002,21006.0,136.7,1.4200351493848857,29.19,326.1,1,1,54.0,True
Maize,26.5,88.0,196.1,77.7,6.1,68.4,17.2,19.5,5.4,15.4,47.7,7,113.2,2332.0,15236.97,105.10000000000001,1.8143236074270557,38.379999999999995,792.4,0,1,74.0,False
Maize,32.2,69.5,245.9,90.0,6.25,69.4,22.9,45.5,7.5,15.4,59.9,1,45.8,2237.9,22131.0,137.8,1.0,42.230000000000004,45.8,1,1,70.0,True
Rice,29.4,73.0,58.2,53.1,6.96,50.3,43.4,51.4,8.5,15.5,30.6,5,47.8,2146.2,3090.42,145.1,0.5250521920668059,39.8,239.0,1,0,38.0,False
Rice,17.2,91.7,94.8,47.4,6.84,96.0,27.5,43.0,9.8,15.3,62.5,5,104.5,1577.24,4493.5199999999995,166.5,1.3426573426573427,29.429999999999996,522.5,0,1,59.5,False
Rice,25.9,75.3,87.6,38.5,6.82,37.6,36.3,54.9,8.7,12.8,67.6,4,109.6,1950.2699999999998,3372.6,128.8,0.40780911062906733,35.99,438.4,0,1,64.5,False
Maize,30.4,50.0,187.4,69.7,6.41,80.0,16.4,14.9,4.1,7.2,35.0,2,120.2,1520.0,13061.78,111.30000000000001,2.476780185758514,36.839999999999996,240.4,1,1,61.5,True
Maize,28.0,41.7,89.5,49.0,6.65,44.2,40.1,41.7,7.1,6.0,10.3,4,69.7,1167.6000000000001,4385.5,126.00000000000001,0.5338164251207729,33.370000000000005,278.8,0,0,49.5,True
Wheat,25.0,63.9,42.8,24.1,5.97,92.8,45.4,49.1,8.8,16.4,42.1,2,102.9,1597.5,1031.48,187.29999999999998,0.9717277486910995,34.67,205.8,1,0,49.0,False
Maize,29.9,58.2,75.6,38.3,7.0,24.2,47.3,64.5,5.3,1.0,34.5,3,92.7,1740.18,2895.4799999999996,136.0,0.21453900709219859,35.92,278.1,1,0,48.0,False
Rice,32.2,95.0,138.5,84.0,5.75,57.5,40.0,43.2,9.2,8.7,66.2,4,91.3,3059.0000000000005,11634.0,140.7,0.682897862232779,43.440000000000005,365.2,1,1,67.5,True
Groundnut,30.1,60.7,60.1,18.8,6.02,44.1,34.8,25.7,9.0,11.1,36.1,5,60.9,1827.0700000000002,1129.88,104.60000000000001,0.7170731707317073,38.39,304.5,1,0,36.0,False
Cotton,24.3,55.6,144.0,64.5,5.68,50.1,5.0,20.8,8.1,2.3,6.7,6,118.2,1351.0800000000002,9288.0,75.9,1.8694029850746268,30.32,709.2,1,1,53.5,True
Maize,20.9,88.3,124.3,58.2,5.91,30.9,39.1,17.7,7.7,10.4,64.8,7,101.1,1845.4699999999998,7234.26,87.7,0.5346020761245674,31.809999999999995,707.6999999999999,1,1,55.50000000000001,True
Soybean,34.8,64.2,179.3,71.5,6.14,64.6,15.9,14.6,7.9,13.3,40.9,2,99.6,2234.16,12819.95,95.1,2.0507936507936506,43.879999999999995,199.2,1,1,67.5,True
Tomato,17.5,55.7,166.8,67.0,7.21,53.4,35.1,55.6,9.3,9.2,48.9,7,69.3,974.75,11175.6,144.1,0.5823336968375136,24.91,485.09999999999997,0,1,71.5,False
Rice,27.5,86.2,87.3,30.3,6.37,60.0,29.7,50.4,4.6,11.9,58.4,7,114.4,2370.5,2645.19,140.1,0.7398273736128237,38.50000000000001,800.8000000000001,1,1,54.50000000000001,True
Cotton,24.4,82.1,99.4,76.8,6.86,46.2,52.8,56.5,8.1,12.1,41.2,7,101.0,2003.2399999999998,7633.92,155.5,0.41885766092475074,35.03,707.0,0,1,56.49999999999999,False
Rice,31.7,79.5,240.4,90.0,6.77,36.2,26.3,35.6,6.7,9.7,33.2,5,90.2,2520.15,21636.0,98.1,0.575516693163752,41.589999999999996,451.0,1,1,55.50000000000001,True
Maize,33.1,77.3,54.1,53.0,5.87,62.3,16.5,69.5,7.1,12.2,55.5,5,106.0,2558.63,2867.3,148.3,0.7160919540229884,43.269999999999996,530.0,1,1,54.0,True
Cotton,29.5,71.8,65.0,33.0,5.72,68.0,51.1,67.0,6.4,5.4,8.6,7,140.5,2118.1,2145.0,186.1,0.5709487825356844,37.76,983.5,0,1,59.5,False
Soybean,29.7,69.1,44.2,30.1,6.34,10.4,45.0,24.6,6.5,4.2,57.0,4,20.0,2052.27,1330.42,80.0,0.1473087818696884,37.45,80.0,1,1,61.0,True
Soybean,29.5,44.3,113.7,39.7,7.34,30.9,6.1,64.4,6.0,14.7,34.8,5,102.5,1306.85,4513.89,101.4,0.43216783216783217,36.87,512.5,1,1,51.5,True
Wheat,24.1,65.7,89.5,51.2,5.94,10.0,26.9,34.3,10.6,8.6,53.7,6,130.7,1583.3700000000001,4582.400000000001,71.19999999999999,0.1607717041800643,32.39,784.1999999999999,1,1,54.50000000000001,True
Wheat,37.3,74.7,182.4,80.5,6.79,39.1,28.1,45.2,8.9,18.2,60.0,1,138.4,2786.31,14683.2,112.4,0.5262449528936742,48.41,138.4,1,1,59.0,True
Wheat,25.0,75.4,103.8,48.6,6.44,25.6,54.2,30.0,4.2,15.9,44.4,4,157.4,1885.0000000000002,5044.68,109.80000000000001,0.3004694835680751,35.72,629.6,1,1,56.00000000000001,True
Tomato,26.6,75.7,266.4,84.2,6.27,67.6,40.6,40.6,5.3,8.8,36.7,1,92.4,2013.6200000000001,22430.879999999997,148.79999999999998,0.8223844282238442,35.93,92.4,0,1,70.0,False
Maize,24.2,77.8,157.8,68.9,6.2,54.0,26.7,45.3,5.0,13.1,37.7,1,115.4,1882.7599999999998,10872.420000000002,126.0,0.7397260273972602,34.599999999999994,115.4,1,1,63.0,True
Wheat,27.2,39.8,279.2,90.0,6.62,35.2,46.7,33.8,5.8,10.7,46.6,6,106.9,1082.56,25128.0,115.7,0.4319018404907976,33.32,641.4000000000001,0,1,59.0,False
Wheat,17.1,69.0,171.3,74.6,6.9,53.3,13.9,67.7,7.1,15.8,56.7,3,107.8,1179.9,12778.98,134.9,0.645278450363196,27.16,323.4,0,1,65.5,False
Cotton,23.6,72.7,264.7,90.0,6.11,88.4,42.1,54.2,8.5,6.9,22.6,6,128.0,1715.7200000000003,23823.0,184.7,0.908530318602261,32.25,768.0,1,1,59.0,True
Tomato,28.9,64.0,63.1,42.2,6.84,65.5,29.5,30.3,6.8,7.4,39.9,4,114.8,1849.6,2662.82,125.3,1.0773026315789473,36.779999999999994,459.2,1,0,49.5,False
Cotton,32.2,78.8,77.5,47.3,5.93,44.1,41.8,88.0,8.9,13.1,25.1,4,80.6,2537.36,3665.75,173.9,0.33715596330275227,42.7,322.4,1,1,55.50000000000001,True
Soybean,23.3,89.8,187.6,67.8,7.65,52.2,37.2,57.1,5.2,8.3,45.3,7,107.2,2092.34,12719.279999999999,146.5,0.5477439664218258,33.94,750.4,0,1,59.0,False
Maize,26.6,88.4,253.7,90.0,7.02,71.1,62.5,55.8,7.1,9.1,58.6,5,80.1,2351.44,22833.0,189.39999999999998,0.5959765297569153,37.26,400.5,1,1,75.0,True
Tomato,25.1,61.8,85.9,30.5,7.72,88.0,12.4,12.2,5.6,19.3,24.3,4,33.4,1551.18,2619.9500000000003,112.60000000000001,3.4375,35.14,133.6,1,1,50.5,True
Wheat,20.6,62.5,238.4,90.0,5.5,84.9,39.4,28.4,6.6,11.9,37.8,2,50.4,1287.5,21456.0,152.70000000000002,1.2340116279069768,29.23,100.8,1,1,54.50000000000001,True
Groundnut,30.4,92.2,89.5,76.2,5.95,62.0,43.3,25.5,7.8,15.7,55.2,6,58.2,2802.88,6819.900000000001,130.8,0.8882521489971347,42.76,349.20000000000005,1,1,60.5,True
Rice,29.6,92.0,298.6,90.0,5.88,55.3,39.9,59.1,6.3,17.7,30.5,7,62.2,2723.2000000000003,26874.000000000004,154.29999999999998,0.5529999999999999,42.339999999999996,435.40000000000003,1,1,67.0,True
Tomato,25.0,52.1,126.2,42.4,6.92,36.9,34.3,48.8,6.6,8.5,38.5,4,126.4,1302.5,5350.88,119.99999999999999,0.43876337693222356,31.91,505.6,1,1,56.49999999999999,True
Cotton,22.5,70.2,148.1,71.6,7.13,50.9,16.1,31.3,3.8,5.6,26.3,4,33.2,1579.5,10603.96,98.3,1.0516528925619832,30.64,132.8,0,1,58.5,False
Wheat,28.9,44.5,249.1,90.0,7.26,69.4,16.3,60.6,7.8,10.0,21.0,3,89.5,1286.05,22419.0,146.3,0.8908857509627728,35.35,268.5,0,0,49.0,True
Cotton,17.4,71.9,69.4,52.0,6.94,68.2,49.3,24.7,5.0,21.2,43.9,3,107.4,1251.06,3608.8,142.2,0.9093333333333333,28.83,322.20000000000005,1,1,53.5,True
Maize,19.8,46.2,128.7,71.4,6.95,57.2,40.8,45.7,7.5,9.9,18.3,4,127.4,914.7600000000001,9189.18,143.7,0.6537142857142857,26.400000000000002,509.6,1,1,55.50000000000001,True
Rice,30.8,64.2,82.1,32.6,6.88,61.5,5.0,32.8,6.2,6.9,43.0,5,60.9,1977.3600000000001,2676.46,99.3,1.5850515463917527,38.6,304.5,1,1,54.50000000000001,True
Soybean,29.8,75.1,69.3,34.4,5.98,82.8,27.1,31.5,8.3,17.6,22.3,6,82.8,2237.98,2383.9199999999996,141.4,1.3892617449664428,40.830000000000005,496.79999999999995,0,1,57.49999999999999,False
Soybean,25.9,65.8,181.4,90.0,6.16,57.6,39.9,27.2,7.7,11.6,47.3,2,126.1,1704.2199999999998,16326.0,124.7,0.8458149779735684,34.8,252.2,0,1,69.5,False
Soybean,21.7,74.9,104.7,63.9,6.06,75.8,38.2,60.3,6.2,15.5,50.9,5,82.9,1625.3300000000002,6690.33,174.3,0.7618090452261306,32.29,414.5,1,1,59.0,True
Cotton,27.2,87.7,100.0,56.0,5.87,38.1,54.9,5.0,3.1,17.0,31.2,1,61.3,2385.44,5600.0,98.0,0.625615763546798,39.37,61.3,0,1,52.5,False
Maize,23.8,69.5,74.3,15.0,6.56,70.6,40.6,47.8,8.6,13.7,49.3,2,127.6,1654.1000000000001,1114.5,159.0,0.7897091722595078,33.49,255.2,0,1,52.0,False
Wheat,26.6,77.2,145.2,60.8,6.77,73.1,39.8,36.5,4.7,1.0,34.0,1,138.5,2053.52,8828.159999999998,149.39999999999998,0.945666235446313,34.52,138.5,0,1,60.0,False
Rice,32.9,63.6,93.7,49.7,6.45,37.1,44.1,79.8,5.4,18.7,53.1,5,27.8,2092.44,4656.89,161.0,0.29703763010408324,43.0,139.0,0,1,56.49999999999999,False
Groundnut,27.2,56.8,125.4,48.3,5.66,60.2,26.7,50.3,6.8,13.7,27.2,4,115.1,1544.9599999999998,6056.82,137.2,0.7717948717948718,35.62,460.4,1,1,51.5,True
Wheat,21.7,86.4,350.0,90.0,5.97,54.9,37.0,56.5,5.9,12.4,50.2,4,127.5,1874.88,31500.0,148.4,0.5809523809523809,32.82,510.0,1,1,64.0,True
Maize,22.6,43.1,133.7,60.9,6.08,40.7,34.8,42.2,11.0,20.2,20.7,4,59.9,974.0600000000001,8142.329999999999,117.7,0.5217948717948718,30.950000000000003,239.6,0,1,51.0,False
Rice,30.5,88.9,191.4,90.0,7.21,71.1,49.6,21.8,9.8,10.4,54.4,2,191.9,2711.4500000000003,17226.0,142.5,0.9820441988950275,41.47,383.8,0,1,57.49999999999999,False
Cotton,20.7,62.6,278.4,89.7,5.37,54.0,35.9,46.3,7.3,12.6,37.9,1,102.8,1295.82,24972.48,136.2,0.6490384615384617,29.48,102.8,0,1,74.5,False
Maize,39.3,58.5,206.2,71.5,8.0,49.0,42.4,67.7,7.0,18.4,42.2,1,108.7,2299.0499999999997,14743.3,159.10000000000002,0.44104410441044106,48.83,108.7,0,1,56.49999999999999,False
Wheat,31.7,47.7,84.1,29.2,7.39,63.4,60.9,39.6,5.5,11.3,43.1,5,103.2,1512.0900000000001,2455.72,163.9,0.6246305418719211,38.73,516.0,1,0,34.0,False
Tomato,22.6,74.2,129.9,62.9,6.44,57.5,37.6,25.6,7.7,7.0,48.0,3,135.9,1676.92,8170.71,120.69999999999999,0.895638629283489,31.42,407.70000000000005,0,0,48.5,True
Groundnut,32.2,56.4,93.2,42.2,6.39,88.7,22.1,71.8,10.3,15.9,36.3,2,61.9,1816.0800000000002,3933.0400000000004,182.60000000000002,0.934668071654373,41.02,123.8,0,1,54.0,False
Wheat,30.4,57.8,139.7,64.3,5.83,43.4,14.9,37.8,9.5,15.8,52.4,1,83.8,1757.12,8982.71,96.1,0.8081936685288641,39.34,83.8,1,1,57.49999999999999,True
Maize,29.4,73.7,163.2,72.2,5.11,65.0,51.1,55.7,6.5,18.9,34.1,7,116.5,2166.78,11783.039999999999,171.8,0.6029684601113172,40.55,815.5,0,1,57.49999999999999,False
Wheat,27.9,37.1,273.6,89.5,6.14,60.9,30.2,61.6,8.7,16.7,15.0,4,84.2,1035.09,24487.2,152.7,0.65625,34.95,336.8,0,1,69.5,False
Cotton,26.9,70.9,125.1,66.6,6.98,47.6,29.0,45.0,6.1,7.8,42.2,1,84.5,1907.21,8331.659999999998,121.6,0.6346666666666667,35.550000000000004,84.5,1,1,63.5,True
Rice,35.5,82.3,57.2,60.4,5.28,54.4,24.5,7.9,3.7,17.3,40.7,5,113.4,2921.65,3454.88,86.80000000000001,1.6287425149700598,47.190000000000005,567.0,0,1,61.5,False
Rice,21.3,91.1,77.4,19.2,6.22,40.4,25.1,76.5,7.9,13.1,57.9,1,139.6,1940.4299999999998,1486.0800000000002,142.0,0.3937621832358675,33.03,139.6,1,1,57.99999999999999,True
Cotton,28.8,47.6,167.5,73.3,6.32,62.0,45.0,50.3,6.1,5.5,33.6,7,96.6,1370.88,12277.75,157.3,0.6438213914849429,34.660000000000004,676.1999999999999,1,1,63.0,True
Groundnut,32.6,52.8,350.0,90.0,7.12,36.6,51.2,62.6,8.0,13.0,51.1,2,100.3,1721.28,31500.0,150.4,0.31881533101045295,40.480000000000004,200.6,1,1,70.5,True
Maize,32.4,69.8,92.4,51.5,5.84,80.8,26.2,65.4,5.7,10.4,44.7,1,50.4,2261.52,4758.6,172.4,0.8725701943844492,41.459999999999994,50.4,0,1,59.0,False
Rice,25.5,65.1,51.0,32.1,6.33,42.1,28.7,48.0,9.6,8.6,36.5,7,143.0,1660.05,1637.1000000000001,118.8,0.5418275418275418,33.73,1001.0,0,1,51.5,False
Cotton,28.1,67.4,147.6,64.7,6.32,42.7,39.1,21.5,6.7,8.8,56.4,7,86.0,1893.9400000000003,9549.72,103.30000000000001,0.6931818181818182,36.6,602.0,1,1,63.5,True
Maize,25.3,57.5,49.8,49.3,6.39,48.8,14.5,25.2,6.6,8.9,53.0,4,41.1,1454.75,2455.14,88.5,1.199017199017199,32.83,164.4,0,1,56.00000000000001,False
Groundnut,26.2,69.8,57.6,57.7,7.03,60.7,63.2,68.8,6.8,18.9,47.4,5,127.3,1828.7599999999998,3323.5200000000004,192.7,0.45639097744360907,36.96,636.5,0,1,53.5,False
Wheat,36.0,87.6,124.7,64.2,6.54,58.5,43.3,48.3,8.0,11.2,61.1,1,130.2,3153.6,8005.740000000001,150.1,0.6317494600431965,47.0,130.2,1,1,63.0,True
Tomato,15.0,74.1,84.1,38.7,5.76,57.4,45.2,44.1,3.9,19.3,30.1,6,111.2,1111.5,3254.67,146.7,0.6356589147286821,26.27,667.2,0,1,61.5,False
Rice,31.1,33.6,33.0,26.7,6.75,51.3,16.5,15.7,6.3,14.6,31.8,2,96.6,1044.96,881.1,83.5,1.545180722891566,37.38,193.2,0,0,45.5,True
Tomato,19.3,91.5,120.4,74.4,6.43,25.2,32.8,36.3,4.8,7.6,46.8,5,127.4,1765.95,8957.76,94.3,0.3594864479315264,29.970000000000002,637.0,1,1,59.5,True
Maize,20.8,65.6,177.5,75.9,7.53,65.5,39.7,34.7,8.5,5.7,28.9,3,67.8,1364.48,13472.250000000002,139.9,0.8687002652519893,28.5,203.39999999999998,0,1,65.0,False
Wheat,33.8,74.9,265.1,85.1,5.96,78.7,45.9,43.9,5.8,16.6,39.3,1,98.7,2531.62,22560.010000000002,168.5,0.8667400881057269,44.61,98.7,1,1,58.5,True
Soybean,21.3,35.9,207.9,75.0,6.37,60.6,37.7,48.8,8.3,11.9,21.6,5,67.7,764.67,15592.5,147.10000000000002,0.6925714285714286,27.27,338.5,1,1,66.0,True
Tomato,37.3,68.3,223.7,82.0,6.68,38.6,17.5,23.1,5.2,9.7,12.4,2,98.7,2547.5899999999997,18343.399999999998,79.2,0.9278846153846154,46.06999999999999,197.4,1,1,61.0,True
Wheat,18.3,64.8,183.1,88.5,7.03,66.9,13.5,32.8,7.4,18.1,31.7,2,123.3,1185.84,16204.35,113.2,1.4143763213530658,28.400000000000002,246.6,0,0,48.5,True
Soybean,30.3,75.9,173.9,75.5,6.39,70.7,39.3,56.0,8.5,13.1,46.7,6,106.4,2299.7700000000004,13129.45,166.0,0.7341640706126688,40.51,638.4000000000001,1,1,55.50000000000001,True
Rice,32.7,58.9,106.5,62.0,6.51,39.8,48.6,44.4,7.5,9.6,57.6,5,119.9,1926.0300000000002,6603.0,132.8,0.4234042553191489,40.510000000000005,599.5,1,1,51.5,True
Groundnut,26.4,71.7,166.7,83.7,6.81,10.0,42.8,61.1,7.0,11.0,34.1,2,132.7,1892.8799999999999,13952.789999999999,113.9,0.09532888465204957,35.77,265.4,0,1,66.0,False
Cotton,23.8,72.4,215.2,90.0,6.8,53.1,44.9,74.1,7.0,10.4,43.8,2,123.9,1723.1200000000001,19368.0,172.1,0.4425,33.12,247.8,0,1,60.5,False
Rice,32.0,95.0,84.4,30.0,6.19,56.7,13.3,53.3,5.6,19.8,70.1,2,81.4,3040.0,2532.0,123.3,0.8387573964497043,45.46,162.8,1,1,60.0,True
Soybean,27.8,59.9,180.4,90.0,6.48,76.7,36.9,51.8,6.4,16.0,33.8,6,109.1,1665.22,16236.0,165.39999999999998,0.8550724637681161,36.99,654.5999999999999,0,1,61.0,False
Rice,31.2,61.9,36.4,44.8,5.96,35.6,49.2,58.1,6.3,17.8,49.9,2,95.7,1931.28,1630.7199999999998,142.9,0.3287165281625115,40.95,191.4,0,1,51.0,False
Soybean,31.5,73.9,103.9,54.7,6.43,60.3,39.8,10.0,6.9,9.0,59.9,2,78.0,2327.8500000000004,5683.330000000001,110.1,1.1870078740157481,40.69,156.0,1,1,57.49999999999999,True
Cotton,28.8,95.0,107.6,56.2,6.45,41.3,49.4,5.0,6.1,6.9,57.4,7,76.0,2736.0,6047.12,95.69999999999999,0.7454873646209386,39.68,532.0,0,1,52.5,False
Groundnut,25.8,48.0,92.0,42.1,6.68,67.9,47.3,67.7,7.4,8.7,28.4,4,75.0,1238.4,3873.2000000000003,182.9,0.585344827586207,32.34,300.0,1,0,41.0,False
Soybean,27.7,60.7,123.1,69.4,7.2,50.7,36.9,32.0,9.2,1.9,37.9,4,34.3,1681.39,8543.14,119.6,0.7253218884120172,34.15,137.2,1,1,69.0,True
Tomato,31.0,62.2,134.2,74.8,7.64,90.0,51.0,46.6,11.0,9.4,36.2,3,133.1,1928.2,10038.159999999998,187.6,0.9127789046653144,39.1,399.29999999999995,1,1,55.00000000000001,True
Rice,32.9,53.8,120.2,46.9,6.31,42.1,48.4,61.0,7.7,13.7,32.0,2,73.1,1770.0199999999998,5637.38,151.5,0.3813405797101449,41.02,146.2,1,1,50.5,True
Groundnut,21.3,60.9,45.9,39.1,6.11,36.5,45.3,15.2,8.0,7.3,45.9,1,35.0,1297.17,1794.69,97.0,0.5934959349593496,28.85,35.0,1,0,47.0,False
Maize,27.1,83.0,33.9,32.1,6.2,64.0,27.1,27.3,7.9,9.1,55.8,5,85.3,2249.3,1088.19,118.39999999999999,1.1552346570397112,37.220000000000006,426.5,1,0,43.5,False
Maize,23.5,31.8,201.8,77.6,6.38,59.7,5.0,20.1,5.2,14.6,12.4,6,133.4,747.3000000000001,15659.68,84.80000000000001,2.2873563218390807,29.6,800.4000000000001,0,1,56.00000000000001,False
Wheat,30.4,40.7,110.7,42.7,6.59,56.5,60.1,48.8,7.8,12.9,17.7,1,128.3,1237.28,4726.89,165.39999999999998,0.5141037306642402,37.05,128.3,1,0,47.5,False
Soybean,24.8,78.0,57.7,22.7,6.55,55.0,26.1,40.9,7.1,12.4,62.0,3,32.8,1934.4,1309.79,122.0,0.8088235294117647,35.08,98.39999999999999,1,1,60.0,True
Wheat,33.0,68.6,190.2,78.9,5.77,55.4,32.1,31.6,6.0,11.7,54.4,1,70.9,2263.7999999999997,15006.78,119.1,0.856259659969088,42.2,70.9,0,1,71.5,False
Wheat,18.3,78.0,167.2,76.6,6.0,70.4,9.3,53.2,5.7,15.9,42.9,2,96.3,1427.4,12807.519999999999,132.9,1.1086614173228346,29.28,192.6,1,1,56.00000000000001,True
Soybean,28.7,89.8,57.1,47.1,7.53,44.9,28.3,26.4,8.5,6.0,51.8,1,92.7,2577.2599999999998,2689.4100000000003,99.6,0.8061041292639137,38.88,92.7,1,1,58.5,True
Soybean,32.9,95.0,226.0,86.3,6.59,97.4,32.5,36.2,7.5,7.6,39.2,2,79.8,3125.5,19503.8,166.10000000000002,1.3974175035868006,43.92,159.6,1,1,74.5,True
Cotton,29.5,95.0,213.9,90.0,5.11,58.7,9.6,60.6,7.9,14.0,79.6,7,107.8,2802.5,19251.0,128.9,0.824438202247191,41.8,754.6,1,1,73.0,True
Groundnut,24.5,62.4,231.8,90.0,6.49,73.5,44.6,73.0,6.0,15.8,22.6,1,63.4,1528.8,20862.0,191.1,0.6197301854974705,33.900000000000006,63.4,1,1,51.0,True
Groundnut,30.0,51.5,64.1,49.8,5.99,27.2,54.0,28.9,7.2,23.4,30.6,1,42.8,1545.0,3192.1799999999994,110.1,0.3241954707985697,39.83,42.8,1,0,50.0,False
Rice,29.0,73.4,231.6,90.0,6.87,51.7,23.5,37.5,9.2,15.8,42.6,1,96.0,2128.6000000000004,20844.0,112.7,0.8338709677419355,39.5,96.0,0,1,66.5,False
Rice,22.4,39.6,175.1,72.1,7.27,25.7,19.9,21.6,9.7,11.7,40.5,2,126.7,887.04,12624.71,67.19999999999999,0.6047058823529412,28.7,253.4,0,1,63.0,False
Rice,22.8,39.5,72.8,27.1,7.6,82.7,45.0,51.6,8.0,9.7,28.2,2,79.0,900.6,1972.88,179.3,0.8473360655737706,28.69,158.0,1,0,28.999999999999996,False
Groundnut,26.9,82.7,105.3,55.1,6.05,39.6,41.7,55.7,8.6,10.7,37.5,7,123.2,2224.63,5802.03,137.0,0.40243902439024387,37.31,862.4,1,1,59.0,True
Maize,17.7,46.7,40.2,32.7,6.6,38.6,43.9,56.2,8.7,7.6,46.0,5,110.7,826.59,1314.5400000000002,138.7,0.3818001978239367,23.889999999999997,553.5,0,0,47.5,True
Cotton,16.5,62.3,39.8,43.3,6.33,59.4,41.5,60.5,6.6,14.2,50.2,3,90.5,1027.95,1723.3399999999997,161.4,0.5766990291262136,25.57,271.5,1,1,50.5,True
Cotton,25.0,84.4,140.2,48.3,5.79,62.1,13.2,51.5,4.9,11.7,44.1,7,66.5,2110.0,6771.659999999999,126.8,0.9452054794520548,35.78,465.5,1,1,64.5,True
Tomato,32.8,85.2,285.6,86.4,5.9,79.2,50.1,20.1,6.8,9.8,57.2,7,119.4,2794.56,24675.840000000004,149.4,1.1123595505617978,43.279999999999994,835.8000000000001,1,1,73.0,True
Maize,31.9,47.6,42.8,32.5,6.72,62.6,19.2,35.6,6.0,12.3,32.5,6,58.7,1518.44,1391.0,117.4,1.1218637992831542,39.12,352.20000000000005,0,0,31.5,True
Maize,24.5,60.6,32.0,15.0,7.47,40.0,28.7,20.5,10.0,16.3,32.9,2,57.8,1484.7,480.0,89.2,0.796812749003984,33.82,115.6,0,0,43.0,True
Groundnut,24.2,65.7,126.4,63.9,6.82,59.0,57.7,38.2,10.3,16.5,48.7,2,53.4,1589.94,8076.96,154.9,0.608875128998968,34.07,106.8,0,1,58.5,False
Maize,26.3,61.0,302.4,90.0,6.69,72.9,51.1,43.8,9.0,9.3,46.4,3,142.5,1604.3,27215.999999999996,167.8,0.7601668404588112,34.26,427.5,1,1,73.0,True
Rice,19.0,60.1,196.8,80.7,6.0,37.1,32.0,59.6,5.2,12.2,28.8,7,110.0,1141.9,15881.760000000002,128.7,0.4006479481641469,27.45,770.0,1,1,52.0,True
Cotton,28.5,61.4,326.0,90.0,6.66,96.7,43.7,64.5,7.1,6.7,44.4,6,71.1,1749.8999999999999,29340.0,204.9,0.8855311355311355,35.980000000000004,426.59999999999997,1,1,75.5,True
Groundnut,30.8,88.8,325.1,90.0,6.14,91.9,44.5,11.4,6.7,2.9,48.7,7,79.1,2735.04,29259.000000000004,147.8,1.615114235500879,40.26,553.6999999999999,1,1,76.5,True
Groundnut,17.8,59.3,124.0,32.0,7.17,70.2,64.4,63.0,6.3,8.3,20.5,3,101.9,1055.54,3968.0,197.60000000000002,0.5467289719626168,25.39,305.70000000000005,1,0,47.0,False
Wheat,21.1,61.0,243.9,80.5,6.78,34.7,24.4,25.4,6.3,12.7,24.7,7,179.1,1287.1000000000001,19633.95,84.5,0.6830708661417324,29.740000000000002,1253.7,0,1,59.0,False
Maize,21.7,82.6,58.4,45.6,6.22,44.6,51.0,65.0,4.0,10.4,48.0,4,50.8,1792.4199999999998,2663.04,160.6,0.38119658119658123,32.04,203.2,1,1,50.5,True
Groundnut,26.8,62.1,30.3,36.0,7.45,54.6,30.6,23.3,7.6,19.5,25.9,3,122.6,1664.28,1090.8,108.5,0.9945355191256829,36.91,367.79999999999995,1,0,44.0,False
Wheat,24.2,77.9,71.9,26.3,6.65,64.6,24.8,53.9,5.1,11.2,44.1,5,132.4,1885.18,1890.9700000000003,143.29999999999998,0.810539523212045,34.230000000000004,662.0,1,1,56.00000000000001,True
Wheat,25.5,66.8,122.8,45.1,6.25,13.0,38.5,5.0,7.4,10.9,34.2,4,79.0,1703.3999999999999,5538.28,56.5,0.29213483146067415,34.36,316.0,0,1,56.99999999999999,False
Wheat,20.0,73.5,176.6,83.3,6.41,21.0,33.7,22.7,6.8,13.2,34.8,2,90.6,1470.0,14710.779999999999,77.4,0.3658536585365853,29.990000000000002,181.2,1,1,59.0,True
Groundnut,22.3,81.9,177.5,72.6,6.24,46.1,51.5,39.0,6.6,16.9,55.1,5,103.8,1826.3700000000001,12886.499999999998,136.6,0.5038251366120219,33.870000000000005,519.0,1,1,63.0,True
Wheat,32.6,77.5,83.6,58.5,5.52,42.4,36.0,78.5,7.4,4.6,50.5,2,45.7,2526.5,4890.599999999999,156.9,0.3670995670995671,41.27,91.4,0,1,54.0,False
Maize,17.8,38.1,239.3,68.1,6.54,53.5,43.8,54.5,7.4,11.7,4.4,7,109.2,678.1800000000001,16296.33,151.8,0.5387713997985901,23.95,764.4,1,1,78.0,True
Cotton,28.3,55.4,45.5,20.2,6.79,62.7,20.2,42.3,9.7,17.7,17.1,2,52.8,1567.82,919.1,125.2,0.9874015748031496,37.38,105.6,1,0,36.5,False
Cotton,25.2,72.0,93.4,54.4,7.19,62.4,36.8,39.0,9.1,1.0,34.5,3,72.4,1814.3999999999999,5080.96,138.2,0.8125,32.6,217.20000000000002,1,1,51.5,True
Rice,23.1,93.7,271.8,90.0,6.26,56.0,21.2,48.9,7.6,16.9,74.4,1,120.3,2164.4700000000003,24462.0,126.1,0.7876230661040788,35.85,120.3,0,1,64.5,False
Tomato,20.8,71.9,27.7,26.2,6.81,72.8,57.6,46.7,4.4,12.6,53.9,4,45.4,1495.5200000000002,725.74,177.10000000000002,0.6913580246913579,30.51,181.6,0,0,49.0,True
Soybean,26.3,50.0,43.6,26.5,6.53,80.8,29.3,44.0,6.4,1.0,7.9,6,149.2,1315.0,1155.4,154.1,1.0874831763122477,31.5,895.1999999999999,0,0,45.5,True
Maize,33.5,44.4,92.0,36.1,6.83,38.1,45.6,26.8,6.6,6.5,20.2,4,78.9,1487.3999999999999,3321.2000000000003,110.5,0.5190735694822888,39.239999999999995,315.6,0,0,44.5,True
Wheat,34.9,69.5,166.0,75.0,6.61,49.3,36.0,21.8,8.7,18.2,39.6,7,101.3,2425.5499999999997,12450.0,107.1,0.8384353741496599,45.49,709.1,1,1,68.0,True
Wheat,26.3,58.6,86.1,49.9,5.95,81.2,43.5,25.9,9.1,14.9,34.4,7,77.2,1541.18,4296.389999999999,150.6,1.1534090909090908,35.14,540.4,0,1,57.49999999999999,False
Maize,21.9,58.3,127.4,62.4,6.38,64.5,20.3,47.5,6.5,11.8,29.2,7,111.1,1276.7699999999998,7949.76,132.3,0.9375,30.089999999999996,777.6999999999999,1,0,44.5,False
Tomato,27.0,67.1,37.8,29.5,6.36,16.0,43.2,96.3,8.5,17.1,38.9,3,117.6,1811.6999999999998,1115.1,155.5,0.11387900355871886,37.13,352.79999999999995,0,1,60.5,False
Rice,34.2,70.6,57.5,41.4,6.37,72.1,21.2,31.1,5.4,5.1,45.9,7,147.8,2414.52,2380.5,124.4,1.3527204502814258,42.28000000000001,1034.6000000000001,1,0,43.0,False
Groundnut,29.0,75.5,192.7,75.0,5.84,45.6,59.5,38.5,6.2,9.4,43.3,3,48.0,2189.5,14452.5,143.6,0.46060606060606063,38.43,144.0,1,1,72.5,True
Soybean,30.8,53.8,75.4,40.7,5.84,67.7,57.1,34.7,11.0,16.5,36.6,4,89.3,1657.04,3068.7800000000007,159.5,0.7295258620689654,39.48,357.2,1,0,41.5,False
Groundnut,38.8,51.8,210.5,89.1,5.89,99.1,19.1,57.1,7.2,14.5,22.3,6,45.3,2009.8399999999997,18755.55,175.29999999999998,1.2836787564766838,46.879999999999995,271.79999999999995,1,1,54.0,True
Tomato,28.1,63.4,187.2,87.6,7.18,82.4,32.2,51.9,8.8,12.1,43.5,1,123.2,1781.54,16398.719999999998,166.5,0.9682726204465336,36.86,123.2,1,1,68.5,True
Rice,24.8,53.5,26.5,30.9,7.23,55.9,31.9,53.1,5.5,10.1,25.2,7,82.4,1326.8,818.8499999999999,140.9,0.65,32.17,576.8000000000001,1,0,38.5,False
Tomato,22.7,35.0,125.3,31.3,6.52,69.3,24.9,64.5,11.0,6.5,41.7,7,50.4,794.5,3921.89,158.7,0.7665929203539822,27.5,352.8,1,0,44.5,False
Tomato,36.9,77.9,143.6,51.6,6.25,33.7,35.9,30.8,7.8,7.7,46.0,7,107.5,2874.51,7409.76,100.39999999999999,0.4977843426883309,46.23,752.5,1,1,55.00000000000001,True
Soybean,30.0,71.8,158.1,64.5,6.6,23.9,26.9,85.7,5.0,7.4,25.7,4,94.7,2154.0,10197.449999999999,136.5,0.21038732394366197,38.66,378.8,1,1,77.5,True
Wheat,31.2,59.2,103.3,57.8,6.77,50.0,13.1,36.7,7.4,13.2,49.4,3,20.0,1847.04,5970.74,99.80000000000001,0.9842519685039369,39.76,60.0,0,1,60.0,False
Maize,20.7,56.6,211.7,54.1,6.46,84.5,26.9,60.7,6.4,6.5,42.4,5,144.3,1171.62,11452.97,172.10000000000002,0.95372460496614,27.66,721.5,0,1,58.5,False
Soybean,31.9,50.3,162.3,70.6,6.65,101.0,44.9,46.1,4.6,8.8,37.5,6,146.8,1604.57,11458.38,192.0,1.0978260869565217,38.69,880.8000000000001,0,1,54.50000000000001,False
Tomato,31.6,72.2,54.9,48.1,6.97,68.0,34.2,56.8,6.2,11.7,46.3,2,146.4,2281.52,2640.69,159.0,0.7391304347826086,41.16,292.8,1,1,54.50000000000001,True
Soybean,30.2,66.4,148.4,65.9,7.14,76.9,34.6,32.6,3.4,15.0,35.3,3,172.7,2005.2800000000002,9779.560000000001,144.1,1.1275659824046922,39.84,518.0999999999999,1,1,62.5,True
Maize,22.3,54.9,52.3,15.0,5.85,46.6,63.3,59.7,7.0,7.5,33.1,1,102.6,1224.27,784.5,169.60000000000002,0.3758064516129032,29.29,102.6,1,1,52.5,True
Maize,31.4,65.8,152.3,47.9,5.5,63.1,37.9,29.6,8.1,12.1,60.8,3,87.4,2066.12,7295.17,130.6,0.9211678832116789,40.4,262.20000000000005,0,1,65.0,False
Cotton,38.1,85.8,77.5,29.3,6.54,10.0,18.2,36.8,6.0,10.3,57.7,6,106.0,3268.98,2270.75,65.0,0.17857142857142858,48.74,636.0,0,0,49.0,True
Cotton,19.8,68.6,95.1,28.3,6.63,89.0,22.4,50.5,6.9,8.6,38.2,4,42.7,1358.28,2691.33,161.9,1.2043301759133964,28.38,170.8,1,0,39.0,False
Groundnut,29.2,63.5,41.2,33.8,7.36,38.8,34.5,29.1,7.2,9.2,43.6,6,154.4,1854.2,1392.56,102.4,0.6006191950464397,37.39,926.4000000000001,0,0,43.5,True
Tomato,27.3,74.3,100.6,71.6,5.27,57.1,38.3,86.3,5.6,6.6,31.8,2,111.8,2028.3899999999999,7202.959999999999,181.7,0.4546178343949045,36.050000000000004,223.6,0,1,59.0,False
Cotton,32.3,59.2,63.6,22.7,7.34,46.0,38.4,62.9,4.8,24.2,32.0,5,90.7,1912.1599999999999,1443.72,147.3,0.4496578690127077,43.06,453.5,0,0,38.5,True
Maize,29.4,66.8,87.9,50.1,5.69,53.8,43.1,36.5,7.2,12.3,54.4,6,82.1,1963.9199999999998,4403.79,133.4,0.6674937965260546,38.54,492.59999999999997,1,0,50.0,False
Rice,40.0,66.4,105.0,55.5,5.86,35.6,33.4,52.6,5.1,10.3,33.9,2,72.6,2656.0,5827.5,121.6,0.4091954022988506,48.7,145.2,1,1,63.5,True
Rice,33.7,95.0,86.9,57.9,7.33,21.9,23.9,25.5,6.8,8.8,39.4,7,98.0,3201.5000000000005,5031.51,71.3,0.43452380952380953,44.96,686.0,1,1,57.49999999999999,True
Soybean,32.1,58.2,280.8,88.1,6.6,80.8,43.2,27.4,3.9,11.5,36.1,1,83.3,1868.2200000000003,24738.48,151.4,1.1284916201117319,40.22,83.3,1,1,68.0,True
Wheat,26.9,76.7,182.5,88.1,7.07,70.1,51.9,46.2,8.6,4.6,32.4,7,103.9,2063.23,16078.249999999998,168.2,0.7073662966700303,35.49,727.3000000000001,1,1,71.5,True
Wheat,27.0,52.0,283.6,90.0,6.05,31.6,18.1,31.7,9.0,5.3,19.1,7,100.5,1404.0,25524.000000000004,81.4,0.6220472440944883,33.260000000000005,703.5,1,1,67.0,True
Rice,27.4,69.9,201.5,90.0,6.33,79.0,33.2,54.1,7.8,9.0,42.0,7,25.2,1915.26,18135.0,166.3,0.8946772366930916,36.19,176.4,0,1,64.0,False
Soybean,22.9,77.7,145.2,68.1,5.07,81.6,11.9,45.5,6.3,13.5,38.0,2,84.8,1779.33,9888.119999999999,139.0,1.3972602739726028,33.37,169.6,0,1,59.5,False
Groundnut,15.7,41.7,98.9,78.4,6.16,51.3,28.0,59.4,3.9,5.5,34.6,7,132.1,654.69,7753.760000000001,138.7,0.5803167420814479,20.97,924.6999999999999,0,1,57.99999999999999,False
Soybean,35.5,73.0,82.6,48.1,6.68,44.6,36.9,21.4,6.4,12.6,39.1,2,103.2,2591.5,3973.06,102.9,0.7521079258010118,45.32,206.4,1,1,61.0,True
Cotton,32.5,60.5,115.0,38.8,7.17,87.1,51.6,60.9,8.5,9.3,49.9,1,127.2,1966.25,4462.0,199.6,0.7674008810572687,40.41,127.2,0,1,56.49999999999999,False
Soybean,40.0,63.8,179.1,72.2,7.52,46.1,38.3,33.1,6.5,12.0,39.2,7,123.1,2552.0,12931.02,117.5,0.6367403314917127,48.78,861.6999999999999,1,1,57.49999999999999,True
Maize,36.2,78.5,32.3,62.9,5.54,10.0,34.0,34.9,5.9,7.4,27.5,4,98.7,2841.7000000000003,2031.6699999999998,78.9,0.14306151645207438,45.53,394.8,1,1,56.00000000000001,True
Rice,23.3,75.8,264.1,90.0,5.36,77.2,51.1,43.4,5.1,11.5,50.0,6,106.9,1766.14,23769.000000000004,171.70000000000002,0.8083769633507853,33.18,641.4000000000001,0,1,66.5,False
Maize,27.2,71.9,71.6,41.5,7.07,41.9,5.0,49.2,7.0,9.1,38.9,4,117.1,1955.68,2971.3999999999996,96.1,0.7590579710144927,36.21,468.4,0,1,51.0,False
Maize,26.4,53.2,171.9,71.7,6.87,58.2,53.1,35.4,5.1,10.0,28.6,6,48.6,1404.48,12325.230000000001,146.70000000000002,0.6502793296089385,33.72,291.6,0,1,75.5,False
Maize,32.8,76.4,170.8,77.0,7.24,34.0,29.3,30.4,3.8,6.3,52.0,6,57.4,2505.92,13151.6,93.69999999999999,0.5601317957166392,41.699999999999996,344.4,1,1,70.0,True
Wheat,25.6,39.4,155.7,50.4,5.86,14.1,58.1,36.6,4.7,5.0,33.1,7,109.2,1008.64,7847.279999999999,108.80000000000001,0.14733542319749215,30.540000000000003,764.4,1,1,61.5,True
Wheat,30.9,76.3,140.0,57.7,7.08,47.2,24.1,53.3,9.2,11.5,36.2,2,57.1,2357.6699999999996,8078.0,124.60000000000001,0.6020408163265306,40.83,114.2,0,1,59.0,False
Tomato,23.1,76.4,72.3,35.5,7.64,68.2,27.1,30.0,6.2,16.1,48.0,2,95.8,1764.8400000000001,2566.65,125.30000000000001,1.1738382099827882,33.96,191.6,0,0,49.0,True
Soybean,27.3,47.5,60.1,35.0,5.8,68.7,42.0,65.3,6.8,12.0,17.8,7,69.9,1296.75,2103.5,176.0,0.6343490304709142,34.449999999999996,489.30000000000007,0,0,46.5,True
Wheat,20.1,61.3,156.4,51.6,7.17,55.0,34.8,49.5,6.8,19.4,42.8,3,61.6,1232.13,8070.240000000001,139.3,0.6447831184056272,30.11,184.8,0,1,60.5,False
Groundnut,25.1,82.6,64.1,48.9,7.04,75.0,35.4,33.6,10.1,20.2,61.9,3,102.0,2073.2599999999998,3134.49,144.0,1.0714285714285714,37.4,306.0,1,0,50.0,False
Tomato,29.8,80.2,84.1,38.1,6.98,24.6,41.9,30.6,7.7,18.8,72.8,5,34.7,2389.96,3204.21,97.1,0.3346938775510204,41.58,173.5,0,1,62.5,False
Maize,26.5,73.1,262.2,90.0,7.14,44.6,39.2,25.6,5.9,10.3,49.4,7,99.1,1937.1499999999999,23598.0,109.4,0.6778115501519756,35.870000000000005,693.6999999999999,1,1,72.0,True
Soybean,33.1,90.8,56.7,60.4,5.73,45.8,11.6,43.4,7.4,14.1,52.9,4,96.6,3005.48,3424.6800000000003,100.8,0.8178571428571428,45.0,386.4,1,0,47.5,False
Groundnut,22.0,82.4,221.5,90.0,5.41,29.3,34.5,77.5,8.9,16.8,53.2,4,46.3,1812.8000000000002,19935.0,141.3,0.2592920353982301,33.6,185.2,0,1,65.5,False
Cotton,22.7,71.3,108.1,61.1,6.31,36.5,47.8,39.3,5.3,9.2,39.5,3,65.2,1618.51,6604.91,123.6,0.41430192962542567,31.669999999999998,195.60000000000002,1,1,52.5,True
Soybean,32.1,95.0,103.4,77.5,6.49,71.0,35.1,34.9,7.2,16.0,47.8,7,72.9,3049.5,8013.5,141.0,1.0,44.800000000000004,510.30000000000007,1,1,63.0,True
Wheat,27.6,67.6,183.1,85.4,5.99,81.5,49.9,45.9,8.5,11.0,47.6,4,53.3,1865.76,15636.74,177.3,0.8419421487603306,36.56,213.2,1,1,60.0,True
Wheat,25.7,74.5,96.0,65.6,7.91,47.8,52.3,17.5,9.6,9.2,43.3,1,83.2,1914.6499999999999,6297.599999999999,117.6,0.675141242937853,34.989999999999995,83.2,0,1,63.0,False
Cotton,26.6,62.5,81.1,41.2,6.94,72.3,42.0,36.9,7.0,9.4,25.2,1,99.2,1662.5,3341.32,151.2,0.9048811013767208,34.730000000000004,99.2,1,0,49.5,False
Wheat,21.3,71.5,146.1,39.4,6.22,44.8,52.1,26.0,7.2,14.8,37.8,7,56.5,1522.95,5756.339999999999,122.9,0.5663716814159292,31.410000000000004,395.5,0,0,49.0,True
Wheat,30.4,85.3,51.7,49.4,5.51,58.9,45.2,78.7,5.1,12.8,60.6,4,112.4,2593.12,2553.98,182.8,0.47157726180944753,41.49,449.6,0,1,55.50000000000001,False
Rice,19.2,75.2,51.1,51.1,5.94,25.2,5.0,18.2,7.0,20.9,53.8,5,20.0,1443.84,2611.21,48.4,1.0413223140495869,30.9,100.0,1,1,52.0,True
Wheat,23.9,89.9,207.6,85.9,6.7,63.8,21.9,5.0,6.9,3.5,40.8,7,79.4,2148.61,17832.84,90.69999999999999,2.2867383512544803,33.59,555.8000000000001,0,1,61.0,False
Rice,27.9,60.6,84.5,53.4,6.48,49.5,31.3,59.1,8.2,15.7,41.6,5,88.7,1690.74,4512.3,139.9,0.5415754923413566,37.1,443.5,1,0,49.5,False
Wheat,26.0,71.0,98.7,51.5,7.06,73.8,40.3,36.4,4.6,12.8,27.6,3,97.0,1846.0,5083.05,150.5,0.9498069498069499,35.660000000000004,291.0,0,0,49.0,True
Tomato,25.1,66.0,111.0,49.5,5.19,69.9,38.9,25.3,8.8,19.3,50.2,2,200.0,1656.6000000000001,5494.5,134.10000000000002,1.0720858895705523,35.56,400.0,0,1,56.49999999999999,False
Cotton,25.2,66.4,136.5,81.0,6.17,56.9,32.7,53.7,3.0,20.9,39.8,7,75.1,1673.2800000000002,11056.5,143.3,0.6510297482837528,36.019999999999996,525.6999999999999,1,1,57.99999999999999,True
Tomato,26.0,52.6,96.5,35.9,7.32,24.1,17.2,41.6,6.4,10.2,18.5,4,59.7,1367.6000000000001,3464.35,82.9,0.4030100334448161,33.3,238.8,0,1,51.5,False
Maize,38.7,76.8,160.1,72.3,6.25,74.8,29.2,70.3,8.5,13.7,58.5,7,103.6,2972.1600000000003,11575.23,174.3,0.7442786069651741,49.120000000000005,725.1999999999999,0,1,58.5,False
Groundnut,28.2,71.3,119.7,57.1,6.33,46.1,18.6,45.5,7.8,23.9,30.0,1,35.4,2010.6599999999999,6834.87,110.2,0.708141321044547,40.11,35.4,1,1,57.49999999999999,True
Tomato,15.0,38.9,243.7,74.0,6.42,11.7,28.7,41.8,4.5,13.8,20.4,4,20.0,583.5,18033.8,82.19999999999999,0.16363636363636364,21.650000000000002,80.0,1,1,66.5,True
Rice,29.2,54.8,65.2,39.4,7.03,54.6,45.1,54.4,10.9,12.1,32.3,2,99.2,1600.1599999999999,2568.88,154.1,0.5432835820895523,37.1,198.4,1,0,40.0,False
Maize,30.7,58.5,47.9,15.0,6.85,71.9,23.4,62.3,4.1,15.2,38.4,7,20.0,1795.95,718.5,157.60000000000002,0.8292964244521339,39.589999999999996,140.0,0,1,52.0,False
Cotton,18.1,77.6,131.5,80.1,5.75,63.5,17.9,31.1,4.7,12.1,41.2,4,100.7,1404.56,10533.15,112.5,1.27,28.28,402.8,0,1,56.00000000000001,False
Cotton,32.6,57.7,67.2,26.0,6.76,68.3,32.4,36.7,9.4,8.0,24.2,2,108.9,1881.0200000000002,1747.2,137.39999999999998,0.9743223965763196,39.970000000000006,217.8,0,0,35.5,True
Groundnut,22.8,84.6,171.2,82.1,5.87,60.0,30.0,32.0,8.9,13.8,74.8,5,117.0,1928.8799999999999,14055.519999999999,122.0,0.9523809523809523,34.019999999999996,585.0,1,1,69.0,True
Tomato,26.6,53.9,101.5,33.2,6.96,72.0,25.8,61.1,4.4,7.9,35.0,2,191.6,1433.74,3369.8,158.9,0.8191126279863481,33.57,383.2,1,1,54.50000000000001,True
Rice,15.2,55.5,181.7,74.1,6.62,30.5,10.7,47.1,7.1,13.9,12.5,6,109.9,843.5999999999999,13463.969999999998,88.30000000000001,0.5187074829931974,23.53,659.4000000000001,0,1,68.5,False
Cotton,25.4,62.8,181.4,85.9,6.18,75.0,60.2,39.4,3.3,9.2,38.2,5,118.2,1595.12,15582.260000000002,174.6,0.7455268389662029,33.519999999999996,591.0,1,1,70.5,True
Maize,20.2,76.5,144.9,47.5,6.11,67.2,47.5,26.7,4.9,10.5,37.0,6,140.9,1545.3,6882.75,141.4,0.8936170212765957,29.950000000000003,845.4000000000001,0,1,61.0,False
Tomato,23.7,61.4,87.1,64.0,5.47,34.0,43.1,50.5,8.4,12.2,31.0,6,32.3,1455.1799999999998,5574.4,127.6,0.3594080338266385,32.28,193.79999999999998,0,0,48.0,True
Cotton,23.9,92.5,118.3,89.4,5.91,59.9,42.8,52.8,9.4,11.1,57.8,3,117.9,2210.75,10576.02,155.5,0.6200828157349897,35.37,353.70000000000005,1,1,70.0,True
Rice,34.4,63.2,112.8,56.8,6.18,61.7,57.9,18.6,4.1,15.8,36.1,2,83.4,2174.08,6407.04,138.2,0.7961290322580645,43.879999999999995,166.8,1,1,53.5,True
Tomato,28.2,88.7,36.9,31.7,7.29,76.1,19.0,17.6,5.8,16.9,68.5,5,123.3,2501.34,1169.73,112.69999999999999,2.0239361702127656,40.45,616.5,0,1,54.0,False
Groundnut,30.1,68.6,84.2,61.1,6.74,21.1,31.7,58.7,5.3,13.2,40.9,6,83.0,2064.86,5144.62,111.5,0.23085339168490154,39.6,498.0,0,1,56.00000000000001,False
Maize,27.8,62.8,233.5,88.9,7.17,59.0,43.1,54.7,5.3,14.5,41.3,1,81.7,1745.84,20758.15,156.8,0.5971659919028339,36.98,81.7,1,1,66.0,True
Groundnut,17.6,48.0,33.3,15.0,6.89,38.0,39.5,62.0,9.8,22.6,29.9,1,110.2,844.8000000000001,499.49999999999994,139.5,0.37073170731707317,26.92,110.2,0,0,37.5,True
Rice,24.5,69.3,336.6,90.0,6.15,20.1,62.2,23.2,8.0,12.7,41.2,6,116.5,1697.85,30294.000000000004,105.50000000000001,0.2326388888888889,33.97,699.0,1,1,69.0,True
Maize,16.9,94.1,124.6,74.1,6.18,72.9,12.4,25.7,4.8,7.4,48.4,3,136.7,1590.2899999999997,9232.859999999999,111.00000000000001,1.8644501278772379,27.79,410.09999999999997,1,1,59.0,True
Soybean,16.2,42.5,205.2,77.1,5.72,55.3,19.1,50.8,3.9,17.4,13.8,7,44.6,688.5,15820.919999999998,125.2,0.779971791255289,23.93,312.2,1,1,64.0,True
Rice,32.2,56.0,117.0,50.3,6.13,72.0,35.6,37.4,7.3,6.7,37.0,2,117.8,1803.2000000000003,5885.099999999999,145.0,0.972972972972973,39.14000000000001,235.6,1,1,58.5,True
Soybean,33.5,66.2,95.6,44.5,5.79,37.6,67.4,5.0,3.6,10.9,47.2,2,85.0,2217.7000000000003,4254.2,110.0,0.5122615803814714,42.3,170.0,1,1,57.49999999999999,True
Soybean,29.0,68.0,52.4,19.6,6.26,56.5,39.4,25.7,8.4,6.7,38.5,2,58.9,1972.0,1027.04,121.60000000000001,0.8547655068078669,37.14,117.8,1,0,43.0,False
Tomato,21.2,54.4,77.6,39.0,6.49,55.2,34.5,46.3,8.9,15.0,40.1,1,67.3,1153.28,3026.3999999999996,136.0,0.6748166259168705,29.64,67.3,1,0,40.0,False
Wheat,27.3,68.4,88.4,38.4,6.47,38.6,32.4,84.3,6.9,6.4,37.8,5,88.5,1867.3200000000002,3394.56,155.3,0.3279524214103654,35.42,442.5,0,1,56.00000000000001,False
Tomato,17.1,71.5,76.6,38.4,6.41,38.3,15.1,72.2,7.7,4.9,54.5,6,90.4,1222.65,2941.4399999999996,125.6,0.4337485843714609,25.23,542.4000000000001,1,1,59.0,True
Rice,20.6,64.4,192.2,65.7,6.39,45.8,13.7,60.4,8.1,3.7,45.5,4,115.2,1326.64,12627.539999999999,119.9,0.6098535286284954,27.78,460.8,1,1,75.0,True
Cotton,31.0,60.3,291.2,78.1,5.69,66.0,10.0,74.3,5.3,15.9,29.1,4,20.0,1869.3,22742.719999999998,150.3,0.7737397420867527,40.21,80.0,1,1,51.0,True
Rice,24.1,66.6,90.5,58.7,6.2,70.2,38.5,61.0,10.2,6.9,27.3,6,106.1,1605.06,5312.35,169.7,0.6985074626865672,32.14,636.5999999999999,1,1,52.5,True
Maize,21.0,53.6,315.1,90.0,6.66,27.6,49.3,41.8,5.9,12.5,32.8,1,97.7,1125.6000000000001,28359.000000000004,118.7,0.2996742671009772,28.86,97.7,1,1,64.0,True
Maize,27.4,59.8,47.6,43.4,6.68,38.1,65.1,47.2,7.1,15.0,33.8,3,113.2,1638.5199999999998,2065.84,150.39999999999998,0.33627537511032657,36.379999999999995,339.6,1,0,38.0,False
Maize,25.4,86.6,100.4,63.5,6.3,56.1,28.5,85.7,5.4,20.2,50.5,7,141.9,2199.64,6375.400000000001,170.3,0.4869791666666667,38.1,993.3000000000001,1,1,58.5,True
Cotton,33.1,83.8,281.6,90.0,7.15,42.3,63.2,53.2,8.2,10.6,42.6,2,50.0,2773.78,25344.000000000004,158.7,0.3603066439522998,43.6,100.0,1,1,77.5,True
Wheat,19.6,71.9,31.6,15.7,7.54,60.4,57.0,58.6,6.5,22.2,54.8,6,97.6,1409.2400000000002,496.12,176.0,0.5180102915951973,31.230000000000004,585.5999999999999,1,0,47.0,False
Tomato,25.9,56.9,112.1,64.9,6.17,61.6,28.8,34.7,4.9,10.3,38.2,3,163.6,1473.7099999999998,7275.29,125.10000000000001,0.9550387596899225,33.65,490.79999999999995,1,0,49.0,False
Rice,29.1,90.6,250.1,90.0,6.03,88.0,45.0,46.7,5.6,12.0,37.4,2,150.7,2636.46,22509.0,179.7,0.9492988133764833,40.559999999999995,301.4,1,1,73.0,True
Rice,26.8,58.0,250.8,88.2,5.17,76.9,44.1,35.3,8.1,8.1,31.3,6,132.4,1554.4,22120.56,156.3,0.9564676616915423,34.22,794.4000000000001,1,1,67.5,True
Groundnut,21.3,62.8,100.8,37.8,6.78,45.9,37.1,56.4,9.4,12.0,43.1,7,162.1,1337.6399999999999,3810.24,139.4,0.4857142857142857,29.979999999999997,1134.7,0,1,53.0,False
Rice,27.8,40.0,125.2,52.2,6.95,74.0,37.8,75.4,6.5,6.6,35.5,7,106.4,1112.0,6535.4400000000005,187.2,0.647985989492119,33.12,744.8000000000001,1,1,58.5,True
Rice,18.1,90.0,158.3,88.1,7.1,50.6,41.0,47.2,6.3,18.1,50.4,6,107.3,1629.0000000000002,13946.23,138.8,0.5672645739910314,30.720000000000002,643.8,0,1,64.5,False
Tomato,21.5,56.0,100.8,69.4,5.82,64.0,13.5,63.2,7.5,13.1,10.0,5,132.0,1204.0,6995.52,140.7,0.8236808236808236,29.720000000000002,660.0,0,0,46.5,True
Rice,25.1,61.4,132.1,51.3,7.63,23.1,45.7,47.5,7.3,9.4,39.6,7,78.4,1541.14,6776.73,116.30000000000001,0.24522292993630573,33.120000000000005,548.8000000000001,0,0,49.0,True
Cotton,15.5,59.2,117.6,60.4,7.35,49.6,56.2,44.6,5.8,7.1,44.6,7,69.1,917.6,7103.039999999999,150.4,0.487229862475442,22.840000000000003,483.69999999999993,1,1,56.00000000000001,True
Wheat,22.6,43.6,64.8,32.4,6.74,40.9,42.0,54.5,6.5,14.0,30.8,4,32.1,985.3600000000001,2099.52,137.4,0.41948717948717945,29.76,128.4,1,0,29.5,False
Maize,40.0,67.4,39.4,26.6,6.55,73.7,50.0,59.7,8.6,17.8,53.2,7,74.3,2696.0,1048.04,183.4,0.6657633242999097,50.300000000000004,520.1,1,1,58.5,True
Wheat,30.9,68.9,183.1,59.6,6.43,49.0,17.2,39.5,5.1,13.9,28.8,6,153.7,2129.01,10912.76,105.7,0.8492201039861351,40.57,922.1999999999999,0,1,53.0,False
Tomato,31.4,59.8,81.1,30.6,6.6,32.9,47.6,53.6,6.8,3.7,37.7,1,122.5,1877.7199999999998,2481.66,134.1,0.32191780821917804,38.12,122.5,0,1,51.5,False
Soybean,27.1,54.1,48.6,17.5,6.23,59.3,71.2,26.5,6.4,15.2,46.4,3,98.4,1466.1100000000001,850.5,157.0,0.6008105369807497,35.550000000000004,295.20000000000005,0,0,36.0,True
Tomato,23.5,54.1,72.2,21.8,5.96,64.7,17.3,30.6,6.4,11.6,47.1,2,78.6,1271.3500000000001,1573.96,112.6,1.3231083844580775,31.23,157.2,1,0,43.5,False
Soybean,27.0,62.8,146.6,80.0,6.43,45.3,26.9,41.0,4.2,14.1,21.2,6,108.8,1695.6,11728.0,113.19999999999999,0.6574746008708272,36.1,652.8,1,1,58.5,True
Soybean,23.0,78.0,102.5,63.2,7.37,10.0,57.4,50.1,5.3,7.9,49.3,7,101.1,1794.0,6478.0,117.5,0.09216589861751152,32.38,707.6999999999999,1,1,63.5,True
Tomato,26.2,70.2,213.4,84.4,5.0,44.6,24.0,52.9,6.4,11.5,38.4,2,66.9,1839.24,18010.960000000003,121.5,0.5725288831835686,35.519999999999996,133.8,1,1,60.5,True
Wheat,28.3,56.6,89.3,52.9,5.89,27.1,31.9,49.0,9.1,6.9,56.8,5,111.9,1601.78,4723.969999999999,108.0,0.3308913308913309,35.34,559.5,0,1,67.5,False
Wheat,18.0,58.4,198.6,70.3,5.95,39.5,55.3,65.6,7.5,13.6,39.3,6,136.3,1051.2,13961.58,160.39999999999998,0.32403609515996723,26.56,817.8000000000001,0,1,60.0,False
Groundnut,27.5,71.3,275.3,90.0,6.8,31.6,39.8,51.7,7.8,9.7,41.4,1,141.0,1960.75,24777.0,123.10000000000001,0.34162162162162163,36.57,141.0,1,1,75.5,True
Soybean,35.3,77.4,89.9,71.1,5.87,77.2,51.9,63.4,5.1,7.2,64.2,4,104.0,2732.22,6391.89,192.5,0.6638005159071367,44.48,416.0,0,1,64.0,False
Tomato,24.7,95.0,177.3,85.1,6.46,29.7,41.5,32.7,7.3,18.8,71.4,6,181.7,2346.5,15088.23,103.9,0.3949468085106383,37.96,1090.1999999999998,1,1,70.5,True
Maize,37.1,52.9,197.7,71.8,7.28,60.0,44.7,46.9,6.9,16.7,35.1,4,127.1,1962.59,14194.859999999999,151.6,0.6479481641468683,45.730000000000004,508.4,0,1,59.0,False
Maize,25.7,35.5,123.9,67.2,7.23,58.4,15.3,67.5,9.1,9.5,10.3,4,176.4,912.35,8326.08,141.2,0.6968973747016707,31.15,705.6,1,1,61.5,True
Cotton,32.7,60.0,185.0,62.6,7.1,39.4,35.9,33.0,7.4,14.4,34.1,6,95.3,1962.0000000000002,11581.0,108.3,0.563662374821173,41.580000000000005,571.8,1,1,55.50000000000001,True
Cotton,19.5,51.1,123.6,57.1,6.48,84.4,31.7,35.1,7.3,10.9,13.2,1,124.4,996.45,7057.5599999999995,151.20000000000002,1.2448377581120946,26.79,124.4,1,0,46.0,False
Soybean,20.9,85.2,164.7,67.1,6.42,66.3,41.8,38.4,6.3,7.7,40.8,5,79.3,1780.6799999999998,11051.369999999999,146.5,0.8165024630541873,30.959999999999997,396.5,1,1,58.5,True
Tomato,19.5,66.2,195.2,84.0,7.63,47.1,31.8,66.9,6.9,6.4,61.6,1,100.9,1290.9,16396.8,145.8,0.4724172517552658,27.400000000000002,100.9,1,1,69.0,True
Maize,30.5,83.9,105.0,61.2,5.53,58.3,48.2,45.5,7.3,16.6,63.3,1,66.2,2558.9500000000003,6426.0,152.0,0.6156282998944034,42.21,66.2,1,1,59.5,True
Wheat,26.7,81.6,191.1,71.9,5.71,54.4,14.8,53.4,8.5,4.2,37.6,3,66.9,2178.72,13740.09,122.6,0.7861271676300577,35.7,200.70000000000002,1,1,62.5,True
Tomato,19.3,69.8,97.2,49.0,5.59,48.3,11.9,39.5,7.3,7.8,55.1,5,77.6,1347.14,4762.8,99.69999999999999,0.9217557251908397,27.84,388.0,1,1,51.5,True
Wheat,23.0,56.1,158.1,69.6,6.63,64.5,28.7,70.1,6.3,5.9,24.1,7,60.1,1290.3,11003.759999999998,163.3,0.6462925851703407,29.79,420.7,1,1,56.00000000000001,True
Rice,29.7,81.0,350.0,90.0,6.74,55.7,15.6,37.4,6.8,2.7,51.9,6,138.1,2405.7,31500.0,108.69999999999999,1.0314814814814814,38.339999999999996,828.5999999999999,1,1,74.5,True
Tomato,24.3,94.6,141.3,83.2,6.4,33.3,33.0,51.5,3.7,8.2,63.0,5,86.3,2298.7799999999997,11756.160000000002,117.8,0.3894736842105263,35.4,431.5,1,1,67.5,True
Tomato,30.3,57.4,119.5,39.8,7.6,31.2,20.6,47.2,7.6,11.5,28.2,6,92.7,1739.22,4756.099999999999,99.0,0.4534883720930232,38.339999999999996,556.2,1,1,57.99999999999999,True
Tomato,33.5,55.9,210.6,86.5,6.86,45.1,19.9,23.6,9.6,8.1,36.9,2,124.8,1872.6499999999999,18216.899999999998,88.6,1.0134831460674159,40.71,249.6,1,1,70.0,True
Groundnut,26.4,62.8,84.4,33.9,5.77,52.2,19.0,53.0,9.4,18.5,67.7,6,40.4,1657.9199999999998,2861.16,124.2,0.715068493150685,36.38,242.39999999999998,1,0,46.0,False
Wheat,24.4,70.2,71.0,41.5,6.97,36.2,49.8,38.9,6.4,8.7,37.5,4,69.6,1712.8799999999999,2946.5,124.9,0.403567447045708,33.16,278.4,0,0,41.0,True
Wheat,24.9,59.4,84.2,41.8,7.06,57.8,20.7,41.0,7.2,8.0,42.2,5,110.3,1479.06,3519.56,119.5,0.9218500797448165,32.44,551.5,0,1,53.0,False
Soybean,27.4,70.5,139.5,47.8,6.79,70.4,44.9,61.4,9.5,8.9,47.7,6,135.2,1931.6999999999998,6668.099999999999,176.70000000000002,0.6561043802423113,36.23,811.1999999999999,0,1,56.00000000000001,False
Groundnut,22.9,63.3,123.0,41.2,7.6,36.6,32.1,30.0,7.0,13.0,32.4,1,111.1,1449.57,5067.6,98.7,0.5800316957210777,31.83,111.1,0,1,53.5,False
Groundnut,25.8,70.2,109.1,48.4,6.45,47.9,22.7,34.0,5.9,20.9,57.2,7,113.1,1811.16,5280.44,104.6,0.830155979202773,37.0,791.6999999999999,1,1,53.0,True
Rice,24.5,82.6,70.4,40.1,6.49,29.4,59.6,23.7,6.8,7.3,49.9,6,100.0,2023.6999999999998,2823.0400000000004,112.7,0.3487544483985765,34.22,600.0,1,1,56.00000000000001,True
Rice,35.1,89.9,101.4,67.4,5.66,96.6,18.3,49.8,5.2,14.7,44.8,7,89.2,3155.4900000000002,6834.360000000001,164.7,1.3979739507959479,47.03,624.4,1,1,64.0,True
Soybean,27.6,83.2,99.2,49.8,6.25,27.9,7.1,15.7,4.1,18.1,40.9,2,69.9,2296.32,4940.16,50.7,1.1722689075630253,39.54,139.8,1,1,57.49999999999999,True
Groundnut,21.2,90.1,114.8,68.5,7.38,60.2,31.9,61.5,6.7,15.0,62.3,5,107.0,1910.12,7863.8,153.6,0.6377118644067796,33.21,535.0,0,1,52.5,False
Tomato,22.8,77.6,114.1,54.2,7.06,54.9,35.0,63.8,8.1,9.4,31.7,4,83.2,1769.28,6184.22,153.7,0.5501002004008017,32.440000000000005,332.8,1,1,57.99999999999999,True
Soybean,34.9,78.2,114.5,63.2,5.1,46.9,36.9,65.7,7.8,21.7,22.2,4,120.8,2729.18,7236.400000000001,149.5,0.4527027027027027,47.06,483.2,1,1,59.0,True
Soybean,28.1,62.0,120.1,54.1,5.4,69.3,44.1,36.4,4.5,16.5,42.5,1,106.7,1742.2,6497.41,149.8,0.8503067484662576,37.6,106.7,1,1,51.5,True
Groundnut,18.6,76.2,153.9,65.3,7.13,84.8,39.6,31.5,7.5,17.8,19.8,6,123.9,1417.3200000000002,10049.67,155.9,1.1761442441054093,29.78,743.4000000000001,1,0,49.5,False
Soybean,22.4,67.8,73.8,49.8,7.0,51.0,23.6,47.1,6.2,8.5,37.7,2,65.7,1518.7199999999998,3675.24,121.69999999999999,0.7112970711297071,30.88,131.4,0,1,51.0,False
Maize,31.1,65.5,29.6,37.3,7.08,77.7,17.1,43.8,7.6,19.7,38.7,6,96.1,2037.0500000000002,1104.08,138.60000000000002,1.2552504038772214,41.589999999999996,576.5999999999999,0,0,46.0,True
Groundnut,25.8,65.1,87.5,60.5,6.99,81.5,38.7,51.6,9.8,19.8,41.1,2,93.8,1679.58,5293.75,171.8,0.8926615553121576,36.27,187.6,0,0,50.0,True
Rice,31.0,55.2,172.3,70.3,5.98,19.0,30.9,62.0,5.9,19.8,29.9,5,110.9,1711.2,12112.69,111.9,0.20234291799787008,40.480000000000004,554.5,1,1,56.99999999999999,True
Tomato,30.8,82.2,14.6,42.9,5.28,65.0,40.9,43.0,7.2,9.0,41.7,7,94.8,2531.76,626.3399999999999,148.9,0.7656065959952886,40.82,663.6,0,0,43.5,True
Rice,32.8,36.1,235.8,80.8,6.95,75.6,35.5,43.1,5.8,20.2,41.7,5,99.9,1184.08,19052.64,154.2,0.949748743718593,40.449999999999996,499.5,1,1,56.00000000000001,True
Wheat,36.4,72.9,38.1,30.4,7.51,58.4,40.1,5.7,6.6,14.6,45.9,1,124.2,2653.56,1158.24,104.2,1.2478632478632476,46.61,124.2,1,1,53.5,True
Cotton,20.3,78.4,35.2,27.7,7.77,26.1,26.8,20.1,6.9,10.3,59.6,7,85.4,1591.5200000000002,975.0400000000001,73.0,0.5448851774530271,30.2,597.8000000000001,1,1,53.0,True
Cotton,33.1,74.4,112.2,59.5,6.08,52.9,37.0,41.3,7.4,17.3,57.7,3,80.5,2462.6400000000003,6675.900000000001,131.2,0.6670870113493065,44.0,241.5,0,1,62.5,False
Wheat,32.0,75.3,145.0,65.9,6.33,41.9,37.9,38.1,10.0,21.9,57.9,6,111.7,2409.6,9555.5,117.9,0.5441558441558442,43.910000000000004,670.2,1,1,60.5,True
Tomato,30.1,67.5,109.6,77.5,6.05,67.0,33.0,58.4,8.0,11.0,42.5,7,95.4,2031.75,8494.0,158.4,0.725108225108225,39.050000000000004,667.8000000000001,1,1,62.5,True
Rice,19.5,42.8,133.5,67.3,5.49,80.0,21.2,48.2,9.9,6.0,33.0,7,92.0,834.5999999999999,8984.55,149.4,1.1363636363636362,24.98,644.0,1,1,61.0,True
Wheat,22.2,59.8,304.4,90.0,6.62,37.6,27.5,60.7,4.4,10.0,36.9,5,97.7,1327.56,27395.999999999996,125.8,0.42152466367713004,30.18,488.5,1,1,67.5,True
Maize,26.1,91.9,71.7,47.7,7.18,39.6,41.9,76.5,6.6,16.3,58.5,2,96.6,2398.59,3420.09,158.0,0.3316582914572864,38.550000000000004,193.2,0,1,56.49999999999999,False
Rice,30.7,76.2,57.1,45.2,6.85,57.4,25.2,5.0,9.0,4.4,32.2,7,73.9,2339.34,2580.92,87.6,1.8397435897435896,39.2,517.3000000000001,1,1,52.5,True
Rice,32.8,68.4,202.2,66.2,5.87,51.9,18.8,57.3,9.9,16.4,30.5,4,91.1,2243.52,13385.64,128.0,0.6731517509727627,42.92,364.4,1,1,65.0,True
Groundnut,25.7,68.8,65.5,30.3,5.88,57.5,28.7,26.4,6.5,12.5,59.8,7,172.4,1768.1599999999999,1984.65,112.6,1.0249554367201428,35.08,1206.8,1,1,51.5,True
Wheat,25.6,71.2,45.1,36.6,6.89,40.9,29.7,31.2,7.8,3.7,32.9,2,119.1,1822.7200000000003,1650.66,101.8,0.6607431340872375,33.46,238.2,0,0,46.0,True
Wheat,23.3,60.7,55.4,39.7,6.95,72.8,39.6,54.4,8.5,17.9,47.6,2,131.9,1414.3100000000002,2199.38,166.8,0.7663157894736842,32.95,263.8,1,1,50.5,True
Cotton,34.1,76.0,207.6,69.4,7.03,70.3,39.9,55.6,6.0,7.4,50.1,5,73.7,2591.6,14407.44,165.79999999999998,0.7284974093264248,43.18,368.5,1,1,61.5,True
Wheat,26.7,67.3,124.3,43.7,6.6,51.5,47.7,77.2,8.3,16.6,48.8,3,76.5,1796.9099999999999,5431.91,176.4,0.409054805401112,36.75,229.5,0,1,62.5,False
Rice,32.7,72.0,145.6,67.0,6.31,60.9,39.9,25.0,5.8,15.5,57.9,4,39.4,2354.4,9755.199999999999,125.8,0.9241274658573595,43.00000000000001,157.6,1,1,71.0,True
Tomato,24.3,67.4,11.2,23.7,5.65,75.7,52.3,33.3,4.4,13.5,41.7,2,138.7,1637.8200000000002,265.44,161.3,0.874133949191686,33.74,277.4,0,0,46.5,True
Groundnut,28.7,88.8,32.5,37.5,7.0,51.5,36.9,34.6,8.2,18.5,42.0,2,137.1,2548.56,1218.75,123.0,0.7103448275862069,41.28,274.2,1,0,48.0,False
Rice,25.9,66.6,65.1,64.0,7.68,59.2,27.9,27.0,5.6,10.5,43.0,4,109.4,1724.9399999999998,4166.4,114.1,1.0590339892665475,34.66,437.6,0,1,55.50000000000001,False
Soybean,28.3,41.0,197.2,59.4,6.69,89.2,38.8,37.4,9.5,14.2,11.4,1,70.9,1160.3,11713.679999999998,165.4,1.1554404145077721,35.239999999999995,70.9,1,1,51.0,True
Maize,20.7,53.4,232.8,75.6,6.16,40.4,29.5,46.0,6.6,7.6,32.0,6,74.4,1105.3799999999999,17599.68,115.9,0.5281045751633987,27.56,446.40000000000003,0,1,52.0,False
Tomato,25.9,49.4,51.2,20.5,7.02,22.0,26.4,66.7,5.3,20.2,29.2,6,103.0,1279.4599999999998,1049.6000000000001,115.1,0.23379383634431458,34.879999999999995,618.0,0,0,43.0,True
Tomato,18.4,83.5,58.2,57.2,6.35,38.1,27.1,50.1,5.5,12.2,46.6,5,91.8,1536.3999999999999,3329.0400000000004,115.30000000000001,0.48721227621483376,29.19,459.0,0,0,47.5,True
Wheat,24.4,70.7,80.3,37.0,5.9,10.3,36.5,56.3,5.4,17.6,44.3,7,98.2,1725.08,2971.1,103.1,0.10980810234541578,34.99,687.4,0,1,56.49999999999999,False
Soybean,26.9,63.6,350.0,90.0,6.26,29.8,29.7,54.9,6.4,11.6,45.0,3,95.5,1710.84,31500.0,114.4,0.34813084112149534,35.58,286.5,0,1,73.0,False
Groundnut,34.5,81.5,65.3,41.7,5.0,54.1,21.2,53.0,7.1,23.2,34.8,4,63.4,2811.75,2723.01,128.3,0.7194148936170213,47.29,253.6,0,0,42.0,True
Maize,21.3,70.7,63.3,48.8,6.17,55.7,25.1,39.3,7.4,5.1,38.8,6,76.5,1505.91,3089.0399999999995,120.10000000000001,0.8516819571865443,29.39,459.0,0,0,46.5,True
Tomato,28.1,65.4,64.7,39.8,7.44,26.0,27.1,57.1,8.6,7.6,39.5,4,38.3,1837.7400000000002,2575.06,110.2,0.30516431924882625,36.160000000000004,153.2,0,1,52.5,False
Maize,27.0,71.9,70.8,33.8,6.36,45.5,27.1,21.9,6.5,20.1,38.2,5,140.6,1941.3000000000002,2393.0399999999995,94.5,0.91,38.21,703.0,0,1,52.5,False
Rice,31.8,30.0,218.2,66.9,6.85,29.9,42.4,30.0,7.9,12.7,28.7,7,54.7,954.0,14597.58,102.3,0.4073569482288828,37.339999999999996,382.90000000000003,1,1,55.00000000000001,True
Wheat,21.7,86.7,121.5,76.5,6.85,57.9,40.5,81.6,6.5,21.7,33.6,7,98.4,1881.39,9294.75,180.0,0.4703493095044679,34.709999999999994,688.8000000000001,1,1,53.0,True
Maize,25.5,66.6,311.9,90.0,5.03,72.0,35.9,96.8,5.6,8.9,47.9,1,52.3,1698.3,28070.999999999996,204.7,0.5385190725504863,33.94,52.3,1,1,62.5,True
Soybean,21.3,85.2,73.4,41.1,7.06,27.1,20.9,46.4,8.3,10.0,40.9,5,134.6,1814.7600000000002,3016.7400000000002,94.4,0.39677891654465597,31.82,673.0,1,0,45.5,False
Rice,30.5,71.4,34.4,58.6,5.82,41.2,42.2,39.0,5.9,18.0,35.1,1,140.0,2177.7000000000003,2015.84,122.4,0.5012165450121655,41.24,140.0,1,1,62.5,True
Soybean,28.3,66.6,49.5,22.5,5.81,65.7,28.9,60.4,8.2,9.8,23.7,7,103.9,1884.78,1113.75,155.0,0.7275747508305649,36.92,727.3000000000001,0,0,36.0,True
Rice,27.9,60.6,106.5,43.8,6.34,52.4,28.0,38.9,6.0,14.5,44.9,1,76.1,1690.74,4664.7,119.30000000000001,0.7717231222385861,36.86,76.1,0,1,57.99999999999999,False
Rice,32.3,86.4,269.9,90.0,7.18,40.0,38.8,58.6,5.9,11.1,46.5,4,67.5,2790.72,24290.999999999996,137.4,0.4065040650406504,43.16,270.0,1,1,76.0,True
Wheat,28.9,63.0,140.9,54.8,6.84,76.2,45.1,19.1,5.4,16.3,35.2,7,113.7,1820.6999999999998,7721.32,140.4,1.1687116564417177,38.459999999999994,795.9,0,1,57.99999999999999,False
Groundnut,24.6,68.7,26.0,43.1,6.29,46.9,44.8,60.6,6.1,21.2,41.2,2,57.0,1690.0200000000002,1120.6000000000001,152.29999999999998,0.4407894736842105,35.71,114.0,0,0,47.5,True
Maize,25.9,69.0,237.8,90.0,7.12,15.9,44.6,11.2,6.8,11.7,51.3,4,121.9,1787.1,21402.0,71.7,0.27992957746478875,35.14,487.6,1,1,63.5,True
Maize,24.3,78.6,82.8,48.3,5.8,68.8,43.3,69.3,7.4,10.4,63.4,5,103.5,1909.98,3999.24,181.39999999999998,0.6056338028169014,34.239999999999995,517.5,0,1,64.0,False
Soybean,21.8,58.3,91.6,37.1,6.0,53.6,45.5,72.6,6.6,9.8,40.6,3,102.6,1270.94,3398.36,171.7,0.45004198152812763,29.590000000000003,307.79999999999995,1,0,44.5,False
Rice,28.7,46.7,219.6,84.9,6.37,56.2,27.1,28.1,8.3,8.2,26.9,3,20.0,1340.29,18644.04,111.4,1.0,35.01,60.0,0,1,63.5,False
Maize,17.0,92.7,42.9,31.5,7.21,44.5,33.9,59.3,7.5,5.4,52.5,5,68.0,1575.9,1351.35,137.7,0.47239915074309985,27.35,340.0,1,1,55.00000000000001,True
Rice,24.2,74.3,64.5,44.5,6.99,54.3,38.6,29.1,3.9,7.0,59.1,6,44.5,1798.06,2870.25,122.0,0.7903930131004366,33.03,267.0,1,1,51.5,True
Cotton,15.0,54.5,91.8,63.3,6.13,47.5,12.8,60.7,6.6,13.8,13.3,4,51.0,817.5,5810.94,121.0,0.6375838926174496,23.21,204.0,1,1,55.00000000000001,True
Rice,24.4,67.7,89.5,74.6,7.32,62.8,43.3,12.5,5.0,6.8,32.8,7,44.6,1651.8799999999999,6676.7,118.6,1.1056338028169015,32.53,312.2,0,0,45.5,True
Soybean,22.5,60.4,257.6,90.0,6.69,54.1,38.8,45.1,5.3,13.3,26.6,1,79.3,1359.0,23184.000000000004,138.0,0.6372202591283863,31.2,79.3,1,1,52.5,True
Groundnut,34.6,62.0,76.1,40.6,8.0,68.4,6.6,40.2,5.1,13.7,31.9,4,78.5,2145.2000000000003,3089.66,115.2,1.4309623430962344,43.540000000000006,314.0,0,1,56.49999999999999,False
Soybean,30.0,70.4,235.1,75.0,5.8,47.0,44.0,56.0,7.7,11.8,25.9,7,142.2,2112.0,17632.5,147.0,0.46534653465346537,39.4,995.3999999999999,1,1,66.5,True
Groundnut,34.5,67.6,68.0,34.0,7.6,75.1,17.4,38.0,7.2,16.5,51.3,4,114.3,2332.2,2312.0,130.5,1.3315602836879432,44.559999999999995,457.2,1,1,52.0,True
Cotton,29.4,40.2,103.2,47.6,6.42,83.2,13.2,34.7,8.2,21.7,31.6,3,102.4,1181.88,4912.320000000001,131.10000000000002,1.7014314928425356,37.760000000000005,307.20000000000005,1,0,38.5,False
Tomato,29.3,59.9,63.7,40.8,6.13,52.3,57.3,58.5,9.3,10.4,36.2,5,66.0,1755.07,2598.96,168.1,0.4477739726027397,37.37,330.0,1,0,38.5,False
Cotton,30.2,53.0,207.9,72.3,5.95,79.0,19.2,64.6,3.8,13.0,46.4,3,67.3,1600.6,15031.17,162.8,0.9316037735849056,38.1,201.89999999999998,0,1,56.99999999999999,False
Maize,24.9,54.5,160.9,44.7,6.17,51.0,36.5,59.8,5.9,10.2,37.5,5,79.1,1357.05,7192.2300000000005,147.3,0.5241521068859198,32.39,395.5,0,1,60.5,False
Groundnut,26.4,84.1,178.7,90.0,5.88,33.4,34.2,32.3,7.9,13.2,66.1,7,129.8,2220.24,16082.999999999998,99.89999999999999,0.4948148148148148,37.45,908.6000000000001,0,1,62.0,False
Soybean,28.5,74.9,90.2,60.0,6.67,61.3,31.3,60.8,3.9,3.3,34.8,7,125.7,2134.65,5412.0,153.39999999999998,0.6584317937701396,36.65,879.9,0,1,62.0,False
Cotton,29.6,76.4,65.5,46.9,5.63,61.5,24.2,65.8,7.3,13.6,45.3,5,62.0,2261.44,3071.95,151.5,0.6758241758241759,39.96,310.0,0,0,48.5,True
Rice,23.7,87.0,194.5,90.0,6.66,67.8,39.6,15.8,6.0,9.9,53.1,7,105.5,2061.9,17505.0,123.2,1.2021276595744679,34.379999999999995,738.5,1,1,73.5,True
Maize,20.6,32.2,118.1,26.4,5.61,95.0,45.7,72.0,8.5,7.9,36.0,3,72.3,663.32,3117.8399999999997,212.7,0.8003369839932603,25.4,216.89999999999998,0,1,55.50000000000001,False
Groundnut,26.9,58.3,157.8,47.6,6.53,56.4,32.1,42.8,4.1,17.3,41.2,4,109.4,1568.2699999999998,7511.280000000001,131.3,0.7430830039525691,36.19,437.6,1,1,61.0,True
Groundnut,22.4,73.5,154.2,58.9,6.67,51.2,47.9,46.7,8.8,10.3,47.5,4,72.0,1646.3999999999999,9082.38,145.8,0.5355648535564854,31.81,288.0,0,1,62.5,False
Wheat,30.7,56.9,255.7,90.0,6.62,29.2,8.6,48.4,8.4,8.6,43.7,7,155.5,1746.83,23013.0,86.19999999999999,0.503448275862069,38.11,1088.5,1,1,75.5,True
Maize,34.6,58.8,105.2,48.0,6.79,72.7,44.1,40.9,6.8,3.9,34.7,4,104.6,2034.48,5049.6,157.70000000000002,0.8453488372093023,41.260000000000005,418.4,1,0,49.5,False
Maize,26.0,49.4,106.1,44.9,5.82,63.4,31.5,43.0,6.7,19.0,47.6,4,133.4,1284.3999999999999,4763.889999999999,137.9,0.8397350993377484,34.739999999999995,533.6,1,1,53.0,True
Rice,30.5,52.3,210.8,70.3,6.66,94.2,41.7,46.5,9.2,9.7,38.6,4,77.6,1595.1499999999999,14819.24,182.4,1.0560538116591929,37.669999999999995,310.4,1,1,59.0,True
Cotton,21.2,81.3,62.3,53.8,6.95,51.9,36.7,72.3,6.3,11.4,60.0,7,119.8,1723.56,3351.74,160.89999999999998,0.4718181818181818,31.61,838.6,1,1,53.5,True
Maize,23.1,53.4,132.5,53.2,6.12,95.0,29.1,42.2,7.4,17.5,44.1,1,65.4,1233.54,7049.0,166.3,1.3139695712309818,31.94,65.4,0,0,42.0,True
Tomato,29.9,69.6,172.2,71.8,8.0,58.7,36.5,40.5,9.4,16.0,34.7,5,41.5,2081.0399999999995,12363.96,135.7,0.7525641025641026,40.06,207.5,0,1,70.0,False
Soybean,24.1,74.8,125.0,64.3,7.51,70.8,43.5,19.6,6.3,17.3,40.2,6,164.0,1802.68,8037.5,133.9,1.1045241809672388,35.04,984.0,1,1,56.99999999999999,True
Cotton,20.6,69.4,260.1,90.0,6.45,47.8,30.2,39.1,8.6,8.3,46.5,3,101.5,1429.6400000000003,23409.000000000004,117.1,0.6799431009957325,29.200000000000003,304.5,1,1,72.0,True
Wheat,24.0,81.1,168.4,73.3,6.73,53.4,9.1,39.5,7.0,6.9,49.2,6,54.6,1946.3999999999999,12343.72,102.0,1.0766129032258065,33.49,327.6,1,1,60.5,True
Maize,29.2,95.0,103.3,61.8,6.71,45.2,43.8,42.6,5.4,15.9,34.1,4,77.2,2774.0,6383.94,131.6,0.517162471395881,41.88,308.8,1,1,68.0,True
Soybean,35.1,78.0,162.3,54.9,6.06,100.2,34.1,51.3,7.3,15.9,61.6,5,94.0,2737.8,8910.27,185.60000000000002,1.159722222222222,46.08,470.0,1,1,64.0,True
Soybean,15.2,75.7,258.8,90.0,7.04,59.3,42.3,47.5,11.0,14.8,44.9,5,28.0,1150.64,23292.0,149.1,0.6530837004405287,25.73,140.0,1,1,68.0,True
Cotton,26.4,72.8,49.3,51.3,6.13,66.4,37.1,13.0,8.6,1.0,41.5,1,93.2,1921.9199999999998,2529.0899999999997,116.5,1.2994129158512722,33.88,93.2,1,1,59.0,True
Groundnut,20.8,53.6,111.4,34.3,6.63,51.6,30.4,42.4,7.3,23.5,23.3,3,153.4,1114.88,3821.02,124.4,0.6991869918699187,30.86,460.20000000000005,0,1,56.49999999999999,False
Groundnut,31.6,95.0,188.4,84.5,6.54,22.5,27.5,25.7,8.9,9.0,54.2,5,137.4,3002.0,15919.800000000001,75.7,0.4151291512915129,42.9,687.0,1,1,77.0,True
Groundnut,26.7,88.1,238.0,84.4,5.54,62.3,51.9,45.4,5.2,8.0,59.7,3,76.4,2352.27,20087.2,159.6,0.6337741607324516,37.11,229.20000000000002,0,1,71.0,False
Soybean,26.0,47.3,218.2,89.6,5.73,68.0,38.0,40.3,10.0,13.0,14.2,5,46.6,1229.8,19550.719999999998,146.3,0.8575031525851198,33.33,233.0,0,1,58.5,False
Tomato,19.2,75.1,91.9,64.7,6.8,56.1,33.1,53.3,7.3,10.3,29.7,4,144.3,1441.9199999999998,5945.93,142.5,0.6418764302059496,28.77,577.2,1,0,45.0,False
Tomato,27.8,55.8,161.5,70.3,6.76,46.7,56.6,41.8,7.2,7.0,27.3,4,64.7,1551.24,11353.449999999999,145.10000000000002,0.46981891348088534,34.78,258.8,1,1,61.5,True
Soybean,28.6,66.9,183.9,59.4,6.11,56.2,24.6,42.6,6.7,8.6,29.4,2,122.4,1913.3400000000001,10923.66,123.4,0.8240469208211144,37.01,244.8,1,1,55.00000000000001,True
Groundnut,36.3,66.0,86.5,44.9,7.21,81.7,38.1,55.1,5.0,15.1,52.6,5,112.2,2395.7999999999997,3883.85,174.9,0.8673036093418259,45.92,561.0,0,1,56.49999999999999,False
Tomato,29.0,95.0,119.1,49.2,6.24,28.2,45.9,49.7,9.1,15.3,40.6,4,100.9,2755.0,5859.72,123.8,0.2919254658385093,41.56,403.6,1,1,67.5,True
Tomato,32.7,70.9,71.9,28.4,6.39,56.5,26.0,46.9,6.9,10.2,26.5,1,174.4,2318.4300000000003,2041.96,129.4,0.7645466847090663,41.830000000000005,174.4,1,1,54.0,True
Maize,29.5,52.2,140.5,57.6,7.02,52.9,31.0,27.3,4.7,21.5,50.9,1,75.9,1539.9,8092.8,111.2,0.8920741989881956,39.019999999999996,75.9,0,1,65.0,False
Maize,26.0,67.1,157.0,66.5,6.66,56.3,26.2,44.5,4.5,17.5,57.3,2,106.1,1744.6,10440.5,127.0,0.7852161785216177,36.21,212.2,1,1,74.0,True
Wheat,18.4,81.5,94.3,53.2,6.19,66.0,28.6,49.8,9.3,11.2,54.8,2,20.0,1499.6,5016.76,144.39999999999998,0.8312342569269521,28.789999999999996,40.0,1,1,54.0,True
Soybean,27.1,77.4,235.5,90.0,7.18,34.3,57.8,54.1,8.4,8.2,61.2,4,101.7,2097.5400000000004,21195.0,146.2,0.30380868024800706,36.480000000000004,406.8,0,1,73.0,False
Cotton,22.7,95.0,240.6,90.0,7.15,40.7,30.1,43.1,7.5,15.7,48.4,5,43.8,2156.5,21654.0,113.9,0.5485175202156335,35.34,219.0,0,1,77.5,False
Cotton,27.2,51.7,87.4,37.3,7.51,84.7,44.3,24.0,7.8,8.4,25.5,4,114.4,1406.24,3260.02,153.0,1.2222222222222223,34.05,457.6,0,0,49.0,True
Cotton,37.0,64.5,188.9,90.0,6.02,29.1,49.3,46.1,11.0,6.4,21.5,7,48.0,2386.5,17001.0,124.5,0.30186721991701243,44.730000000000004,336.0,1,1,71.5,True
Maize,30.9,56.5,160.7,47.2,6.49,74.8,43.1,48.0,7.6,14.6,15.9,2,87.2,1745.85,7585.04,165.9,0.8121606948968513,39.47,174.4,1,1,57.49999999999999,True
Wheat,29.3,74.9,50.1,45.8,6.8,36.7,43.9,38.0,5.6,10.9,54.5,1,93.4,2194.57,2294.58,118.6,0.4427020506634499,38.97,93.4,1,1,56.00000000000001,True
Rice,30.1,68.1,41.8,45.0,5.44,75.9,57.2,71.8,9.1,15.8,33.7,6,59.1,2049.81,1880.9999999999998,204.90000000000003,0.5838461538461539,40.07000000000001,354.6,1,0,44.0,False
Wheat,32.3,75.5,68.8,63.9,5.61,42.8,39.6,51.5,5.7,12.4,62.2,5,130.2,2438.6499999999996,4396.32,133.9,0.46471226927252984,42.32999999999999,651.0,1,1,62.5,True
Soybean,28.9,56.9,234.6,90.0,6.68,57.7,27.4,68.6,5.7,15.9,22.0,6,55.9,1644.4099999999999,21114.0,153.7,0.5948453608247423,37.769999999999996,335.4,0,0,42.0,True
Rice,28.0,56.2,88.8,49.0,6.19,46.7,27.5,56.5,9.4,13.2,51.7,5,30.6,1573.6000000000001,4351.2,130.7,0.5494117647058824,36.26,153.0,0,1,63.5,False
Cotton,30.0,64.1,57.9,27.5,6.0,72.7,39.1,27.8,5.2,14.5,38.5,1,102.6,1922.9999999999998,1592.25,139.60000000000002,1.0706921944035346,39.309999999999995,102.6,1,1,54.0,True
Rice,22.4,85.9,32.7,36.7,5.91,38.0,39.2,23.0,10.2,6.1,52.8,7,93.7,1924.16,1200.0900000000001,100.2,0.6012658227848101,32.21,655.9,0,0,50.0,True
Groundnut,34.1,74.0,153.2,72.2,7.79,49.3,20.1,30.0,8.2,9.8,38.7,1,53.0,2523.4,11061.039999999999,99.4,0.9647749510763208,43.46,53.0,0,1,60.0,False
Wheat,25.7,41.1,65.3,15.0,5.89,51.5,27.1,66.3,7.4,12.8,33.2,5,77.3,1056.27,979.5,144.89999999999998,0.545550847457627,32.37,386.5,1,0,37.0,False
Wheat,20.6,52.0,244.6,90.0,6.42,56.3,59.7,56.0,7.4,7.5,8.8,1,133.3,1071.2,22014.0,172.0,0.48243359040274203,27.3,133.3,0,1,51.5,False
Wheat,25.9,68.0,151.8,63.6,8.0,69.4,44.9,25.5,8.3,15.7,48.2,7,103.0,1761.1999999999998,9654.480000000001,139.8,0.9719887955182073,35.839999999999996,721.0,0,1,61.0,False
Rice,33.0,85.4,78.5,62.3,6.9,76.3,28.8,18.8,6.2,20.1,51.4,7,129.2,2818.2000000000003,4890.55,123.89999999999999,1.5699588477366253,45.56,904.3999999999999,0,1,54.0,False
Maize,22.6,59.7,127.4,49.9,7.25,61.9,19.0,45.7,6.7,9.7,26.3,4,20.0,1349.2200000000003,6357.26,126.60000000000001,0.9421613394216133,30.51,80.0,1,1,52.0,True
Maize,21.7,38.8,75.4,52.7,5.97,76.0,43.0,37.8,7.1,10.5,24.7,1,69.0,841.9599999999999,3973.5800000000004,156.8,0.9290953545232274,27.68,69.0,1,1,51.0,True
Tomato,21.0,53.9,51.8,32.2,6.02,69.4,59.4,46.0,8.7,1.1,37.5,5,103.1,1131.8999999999999,1667.96,174.8,0.6522556390977444,26.61,515.5,0,1,56.99999999999999,False
Rice,26.5,90.6,119.7,70.9,6.04,51.8,43.4,29.7,6.8,1.0,50.4,4,60.4,2400.8999999999996,8486.730000000001,124.89999999999999,0.699055330634278,35.760000000000005,241.6,1,1,65.5,True
Rice,24.4,59.0,115.4,78.2,6.63,74.9,42.6,57.2,6.6,19.4,38.8,4,58.6,1439.6,9024.28,174.7,0.7430555555555556,34.18,234.4,0,1,50.5,False
Maize,29.6,61.8,121.1,48.2,6.3,34.1,27.3,50.3,4.4,14.9,34.6,5,106.4,1829.28,5837.02,111.7,0.4338422391857507,38.76,532.0,1,1,57.49999999999999,True
Wheat,24.4,56.0,232.6,90.0,7.71,20.4,49.7,37.6,7.0,17.0,24.2,4,104.6,1366.3999999999999,20934.0,107.69999999999999,0.2310305775764439,33.4,418.4,1,1,60.5,True
Rice,36.8,56.0,194.0,65.7,6.37,59.3,12.8,32.6,4.1,13.5,38.0,6,73.2,2060.7999999999997,12745.800000000001,104.69999999999999,1.27801724137931,45.1,439.20000000000005,0,1,61.0,False
Rice,29.2,66.7,99.9,57.9,6.09,60.9,5.0,68.0,11.0,14.7,57.6,2,93.1,1947.64,5784.21,133.9,0.822972972972973,38.809999999999995,186.2,1,1,55.50000000000001,True
Maize,22.8,67.6,157.5,65.5,6.84,38.6,34.7,49.2,7.4,15.1,37.1,2,92.5,1541.28,10316.25,122.50000000000001,0.4546525323910483,32.580000000000005,185.0,0,1,64.0,False
Soybean,29.4,93.4,141.5,72.2,7.42,40.7,39.5,35.0,8.9,17.1,55.8,3,119.6,2745.96,10216.300000000001,115.2,0.5390728476821193,42.16,358.79999999999995,1,1,69.0,True
Maize,26.9,40.6,350.0,90.0,6.19,30.5,58.9,25.8,8.6,12.5,37.8,1,80.6,1092.1399999999999,31500.0,115.2,0.35589264877479576,33.46,80.6,1,1,67.0,True
Soybean,30.7,65.3,159.0,65.4,7.7,49.4,10.6,49.5,6.0,9.9,32.2,5,148.0,2004.7099999999998,10398.6,109.5,0.8085106382978723,39.209999999999994,740.0,1,1,54.0,True
Wheat,25.8,62.3,69.6,48.4,6.04,25.2,22.2,41.6,8.6,20.7,31.0,3,61.1,1607.34,3368.6399999999994,89.0,0.3888888888888889,36.17,183.3,0,0,47.5,True
Rice,30.4,69.3,350.0,90.0,5.66,67.5,37.6,43.5,6.8,3.5,44.8,6,20.0,2106.72,31500.0,148.6,0.8221680876979294,38.03,120.0,1,1,73.5,True
Rice,22.4,57.2,63.6,35.2,6.54,38.8,34.4,55.1,5.0,12.9,40.2,6,71.7,1281.28,2238.7200000000003,128.29999999999998,0.42872928176795577,30.699999999999996,430.20000000000005,1,0,41.0,False
Groundnut,30.5,70.8,113.1,65.9,6.56,47.9,31.0,56.6,9.4,14.2,35.4,3,146.2,2159.4,7453.29,135.5,0.5406320541760723,40.42,438.59999999999997,1,1,55.00000000000001,True
Tomato,26.2,59.8,44.8,41.0,5.62,59.7,59.7,53.3,6.1,15.8,57.1,1,20.0,1566.76,1836.8,172.7,0.5236842105263159,35.34,20.0,1,0,43.0,False
Cotton,30.5,50.0,146.2,57.6,6.64,93.8,27.3,38.7,9.1,8.9,40.1,3,86.9,1525.0,8421.119999999999,159.8,1.4,37.28,260.70000000000005,1,1,59.0,True
Wheat,33.1,76.0,146.4,54.2,6.64,36.1,52.4,69.5,6.4,9.3,39.6,5,112.6,2515.6,7934.880000000001,158.0,0.2937347436940602,42.56,563.0,1,1,64.5,True
Tomato,26.5,69.3,105.7,51.9,6.18,53.7,42.5,26.1,7.4,9.7,66.3,5,102.7,1836.4499999999998,5485.83,122.30000000000001,0.7715517241379312,35.37,513.5,1,1,60.0,True
Cotton,28.6,67.9,127.1,56.8,6.47,22.7,46.2,33.3,6.4,23.0,49.5,6,84.9,1941.9400000000003,7219.28,102.2,0.2819875776397515,39.99,509.40000000000003,0,1,62.5,False
Cotton,29.1,89.5,124.8,86.6,6.92,62.6,26.5,39.0,7.0,12.0,53.1,2,59.3,2604.4500000000003,10807.679999999998,128.1,0.9413533834586466,40.449999999999996,118.6,1,1,75.0,True
Soybean,15.0,88.5,176.5,83.3,6.3,42.8,14.5,41.0,9.4,13.6,49.1,2,114.0,1327.5,14702.449999999999,98.3,0.7575221238938052,26.57,228.0,0,1,67.0,False
Cotton,26.3,57.8,83.6,50.8,6.62,48.8,19.6,58.4,8.2,12.5,36.4,4,129.1,1520.1399999999999,4246.879999999999,126.80000000000001,0.6177215189873417,34.58,516.4,0,0,46.0,True
Soybean,23.8,68.3,86.3,53.7,7.34,61.9,35.4,16.0,5.5,13.8,16.8,3,130.1,1625.54,4634.31,113.3,1.1812977099236641,33.39,390.29999999999995,1,0,44.5,False
Groundnut,36.2,68.8,125.4,74.1,6.28,42.7,12.7,47.0,6.8,13.6,37.0,4,80.9,2490.56,9292.14,102.4,0.7034596375617792,45.800000000000004,323.6,1,1,68.5,True
Rice,31.2,73.0,144.2,66.1,6.02,35.2,41.8,47.1,7.8,18.9,58.1,1,86.5,2277.6,9531.619999999999,124.1,0.39154616240266965,42.28,86.5,1,1,64.5,True
Maize,24.5,75.4,295.0,90.0,6.49,49.2,18.4,63.6,7.0,12.4,47.0,6,79.0,1847.3000000000002,26550.0,131.2,0.5927710843373495,34.519999999999996,474.0,1,1,75.5,True
Rice,17.5,73.1,142.6,70.2,6.09,47.0,38.3,40.6,8.6,15.7,52.3,5,80.1,1279.25,10010.52,125.9,0.588235294117647,27.95,400.5,1,1,70.0,True
Rice,26.1,95.0,241.7,90.0,6.71,52.1,38.6,54.1,6.0,5.9,52.6,2,61.0,2479.5,21753.0,144.8,0.5560298826040555,36.78,122.0,1,1,78.0,True
Tomato,24.3,55.8,102.1,45.6,6.87,23.0,5.2,42.8,5.9,11.5,22.4,3,91.0,1355.94,4655.76,71.0,0.46938775510204084,32.18,273.0,0,1,53.0,False
Wheat,19.1,66.0,64.1,35.4,6.79,41.3,13.3,42.3,4.5,12.4,49.6,6,57.2,1260.6000000000001,2269.14,96.89999999999999,0.7296819787985867,28.180000000000003,343.20000000000005,1,0,48.5,False
Maize,25.9,66.3,78.7,49.6,5.74,61.3,28.8,33.8,8.3,4.1,48.1,5,117.6,1717.1699999999998,3903.5200000000004,123.89999999999999,0.9638364779874214,33.35,588.0,1,1,59.0,True
Groundnut,25.2,68.6,247.7,90.0,6.16,66.3,41.4,48.2,6.9,6.7,40.2,2,99.7,1728.7199999999998,22293.0,155.89999999999998,0.7317880794701986,33.400000000000006,199.4,1,1,70.5,True
Cotton,31.6,76.1,60.9,34.2,6.38,63.0,10.5,47.4,9.7,5.3,47.1,2,81.0,2404.7599999999998,2082.78,120.9,1.069609507640068,40.27,162.0,0,1,52.0,False
Tomato,36.0,71.2,40.9,23.4,6.61,17.8,33.9,51.6,8.9,8.1,55.4,1,62.0,2563.2000000000003,957.06,103.30000000000001,0.20578034682080926,44.739999999999995,62.0,0,1,54.50000000000001,False
Groundnut,33.7,70.8,89.0,36.6,5.95,49.0,44.4,64.2,4.9,10.5,44.1,2,58.8,2385.96,3257.4,157.60000000000002,0.44708029197080296,42.88,117.6,0,1,56.99999999999999,False
Rice,26.2,52.5,80.9,40.1,6.72,67.8,52.2,70.1,8.3,9.6,43.8,2,61.7,1375.5,3244.09,190.1,0.5498783454987834,33.37,123.4,1,0,35.5,False
Tomato,32.4,55.8,72.4,45.1,6.07,22.3,29.7,44.6,7.1,11.4,44.4,1,93.8,1807.9199999999998,3265.2400000000002,96.6,0.2961487383798141,40.26,93.8,1,0,48.0,False
Tomato,22.5,76.7,70.5,56.3,7.5,33.4,33.7,47.2,7.3,8.1,32.8,1,79.4,1725.75,3969.1499999999996,114.3,0.40781440781440775,31.790000000000003,79.4,0,1,54.50000000000001,False
Cotton,27.8,63.9,262.1,90.0,6.9,55.8,18.5,58.3,7.7,7.5,20.4,5,130.6,1776.42,23589.000000000004,132.6,0.7172236503856041,35.69,653.0,0,1,71.0,False
Maize,18.9,66.1,36.8,40.4,5.56,74.6,30.3,66.4,4.6,10.5,26.9,3,68.0,1249.2899999999997,1486.7199999999998,171.3,0.7635619242579323,27.61,204.0,1,0,47.0,False
Rice,29.8,60.5,130.6,63.1,6.89,47.5,17.1,33.4,7.3,13.1,32.8,4,103.3,1802.9,8240.86,98.0,0.9223300970873787,38.47,413.2,1,1,65.5,True
Cotton,20.7,37.1,136.6,42.9,6.36,30.2,39.3,75.3,8.1,17.3,8.7,1,67.1,767.97,5860.139999999999,144.8,0.26124567474048443,27.87,67.1,1,1,56.99999999999999,True
Soybean,34.4,60.8,36.4,32.2,6.28,35.7,24.9,28.9,5.9,11.7,32.8,3,32.0,2091.52,1172.0800000000002,89.5,0.6514598540145986,42.81999999999999,96.0,1,1,52.0,True
Maize,21.8,73.7,129.9,46.3,6.21,53.3,36.6,54.7,7.8,8.3,32.3,2,66.8,1606.66,6014.37,144.60000000000002,0.5774647887323943,30.830000000000002,133.6,1,1,53.0,True
Soybean,21.3,30.0,84.0,28.7,6.4,52.4,46.6,5.0,8.5,12.4,25.3,2,53.2,639.0,2410.7999999999997,104.0,0.9961977186311787,26.78,106.4,1,1,54.50000000000001,True
Groundnut,31.8,58.5,165.7,59.9,5.92,89.1,56.9,37.9,7.0,12.5,23.5,3,110.7,1860.3,9925.429999999998,183.9,0.930062630480167,40.15,332.1,0,0,49.5,True
Soybean,25.5,75.5,25.8,45.4,7.49,41.7,39.1,53.2,8.3,16.0,42.7,5,75.7,1925.25,1171.32,134.0,0.44694533762057875,36.25,378.5,0,1,55.50000000000001,False
Rice,28.2,44.9,67.3,33.1,5.34,64.2,57.0,62.5,9.3,13.6,30.9,3,111.8,1266.1799999999998,2227.63,183.7,0.5327800829875519,35.41,335.4,1,0,41.5,False
Maize,23.4,73.8,350.0,90.0,5.0,40.0,61.9,35.1,6.9,20.0,35.6,6,98.8,1726.9199999999998,31500.0,137.0,0.40816326530612246,34.78,592.8,0,1,76.0,False
Maize,39.1,72.3,115.5,62.5,8.0,67.9,47.6,34.9,9.0,19.8,31.2,6,105.2,2826.93,7218.75,150.4,0.8131736526946108,50.29,631.2,1,0,46.0,False
Rice,35.9,61.6,34.7,31.7,5.73,72.5,60.2,70.1,7.0,13.2,28.8,2,148.6,2211.44,1099.99,202.79999999999998,0.5521706016755521,44.7,297.2,1,1,51.0,True
Maize,20.5,71.6,51.4,33.3,7.97,22.7,31.8,79.6,7.4,5.6,34.5,4,99.9,1467.8,1711.62,134.1,0.2019572953736655,28.78,399.6,1,1,54.0,True
Rice,28.6,69.2,87.2,56.2,7.33,80.0,51.6,34.7,5.2,10.8,34.6,4,125.4,1979.1200000000001,4900.64,166.3,0.9163802978235966,37.68000000000001,501.6,0,0,49.5,True
Groundnut,26.4,71.7,35.9,42.5,6.75,55.5,43.0,43.6,7.0,9.8,19.5,2,106.2,1892.8799999999999,1525.75,142.1,0.6335616438356165,35.53,212.4,0,0,47.5,True
Groundnut,23.7,77.1,112.3,47.1,6.35,73.4,18.0,19.1,7.0,14.1,46.7,1,66.2,1827.2699999999998,5289.33,110.5,1.926509186351706,34.23,66.2,1,1,57.49999999999999,True
Groundnut,36.0,46.1,170.8,77.6,6.63,59.2,30.8,33.9,7.8,13.3,24.2,7,107.7,1659.6000000000001,13254.08,123.9,0.9010654490106544,43.269999999999996,753.9,0,0,48.0,True
Maize,23.7,88.8,98.5,80.0,6.83,57.0,27.2,5.0,9.6,15.7,45.8,2,81.7,2104.56,7880.0,89.2,1.7168674698795179,35.72,163.4,1,1,61.5,True
Soybean,36.8,74.2,240.4,90.0,6.53,55.3,13.1,23.3,6.5,14.3,52.5,7,135.0,2730.56,21636.0,91.69999999999999,1.4786096256684491,47.08,945.0,0,1,64.5,False
Wheat,28.3,79.0,44.3,50.6,6.68,66.0,23.3,23.5,7.9,8.8,36.5,5,112.0,2235.7000000000003,2241.58,112.8,1.380753138075314,37.96,560.0,0,0,41.5,True
Tomato,23.9,56.9,164.8,71.4,5.82,42.9,24.3,73.7,8.0,6.4,45.0,4,109.4,1359.9099999999999,11766.720000000001,140.9,0.4333333333333333,30.869999999999997,437.6,1,1,70.5,True
Rice,32.5,51.9,350.0,90.0,5.3,79.6,24.9,31.7,9.3,12.4,27.4,5,96.7,1686.75,31500.0,136.2,1.3819444444444444,40.169999999999995,483.5,1,1,74.0,True
Maize,20.4,95.0,100.9,77.6,5.76,44.4,43.8,45.4,10.2,16.3,42.5,5,114.3,1937.9999999999998,7829.84,133.6,0.492239467849224,33.16,571.5,1,1,54.0,True
Wheat,22.8,47.7,112.5,64.5,8.0,53.0,10.0,38.4,4.5,13.1,34.5,6,108.3,1087.5600000000002,7256.25,101.4,1.0728744939271255,30.19,649.8,1,0,45.5,False
Wheat,26.8,77.9,185.5,81.4,6.02,58.8,36.8,72.5,8.2,3.9,31.7,2,66.9,2087.7200000000003,15099.7,168.1,0.5330915684496826,35.370000000000005,133.8,1,1,67.5,True
Maize,28.7,47.9,151.9,52.2,5.69,28.7,27.2,59.5,8.9,18.3,43.8,5,71.5,1374.73,7929.18,115.4,0.3272519954389966,37.150000000000006,357.5,1,1,53.0,True
Rice,24.2,57.7,222.3,82.3,6.83,75.3,55.2,60.4,5.1,20.1,43.9,2,84.6,1396.34,18295.29,190.9,0.6457975986277873,33.99,169.2,0,1,62.0,False
Soybean,22.7,47.7,212.6,77.2,6.75,71.5,55.2,5.0,6.9,12.9,13.7,4,181.7,1082.79,16412.72,131.7,1.168300653594771,30.049999999999997,726.8,1,1,56.49999999999999,True
Cotton,30.8,51.1,85.3,62.4,7.04,58.9,52.7,77.3,6.6,5.5,34.1,5,73.6,1573.88,5322.719999999999,188.89999999999998,0.449618320610687,37.010000000000005,368.0,1,1,53.5,True
Tomato,33.1,42.0,131.2,39.9,6.88,84.4,33.3,35.2,5.9,9.1,12.9,3,97.9,1390.2,5234.879999999999,152.9,1.2143884892086332,39.120000000000005,293.70000000000005,0,1,50.5,False
Groundnut,27.5,68.0,49.0,28.7,6.31,51.6,28.6,54.7,8.3,7.6,32.0,3,52.3,1870.0,1406.3,134.9,0.6120996441281138,35.82,156.89999999999998,1,0,37.0,False
Soybean,18.6,53.3,64.6,38.7,6.69,28.8,40.2,74.8,6.9,14.6,27.6,4,58.0,991.38,2500.02,143.8,0.2482758620689655,26.85,232.0,1,0,38.5,False
Groundnut,26.7,84.6,204.3,90.0,5.72,27.7,35.0,56.0,8.0,20.5,62.9,7,120.4,2258.8199999999997,18387.0,118.7,0.3010869565217391,39.26,842.8000000000001,0,1,79.5,False
Cotton,28.5,63.9,261.5,89.3,6.44,64.1,34.6,49.3,7.1,11.4,52.3,3,56.9,1821.1499999999999,23351.95,148.0,0.7550058892815076,37.17,170.7,1,1,71.5,True
Groundnut,30.1,62.6,121.3,64.2,5.71,89.0,24.0,35.3,4.1,12.4,45.1,4,163.2,1884.2600000000002,7787.46,148.3,1.4759535655058045,38.839999999999996,652.8,0,0,49.5,True
Maize,22.9,62.2,206.5,68.7,6.15,76.5,18.7,41.2,5.3,13.2,29.1,5,116.2,1424.3799999999999,14186.550000000001,136.4,1.2561576354679802,31.759999999999998,581.0,1,1,62.5,True
Soybean,26.1,73.8,148.5,64.0,7.06,50.7,28.8,87.6,8.1,6.8,42.4,7,134.5,1926.18,9504.0,167.1,0.4318568994889268,34.84,941.5,1,1,56.00000000000001,True
Soybean,36.4,71.5,156.8,72.1,6.22,37.6,39.3,47.1,7.4,23.7,39.3,1,58.5,2602.6,11305.28,124.0,0.4302059496567506,48.29,58.5,0,1,67.0,False
Groundnut,30.0,47.7,145.7,46.1,5.99,72.3,22.6,43.6,6.7,1.0,30.7,3,43.2,1431.0,6716.7699999999995,138.5,1.075892857142857,34.970000000000006,129.60000000000002,1,1,54.50000000000001,True
Maize,34.4,83.2,107.2,76.9,7.4,80.9,16.7,51.7,7.5,13.6,59.4,2,117.9,2862.08,8243.68,149.3,1.1657060518731988,45.44,235.8,0,1,64.5,False
Cotton,26.6,60.5,93.2,41.9,6.2,63.4,14.9,37.9,6.5,9.1,24.7,3,125.4,1609.3000000000002,3905.08,116.19999999999999,1.1784386617100373,34.47,376.20000000000005,1,1,54.50000000000001,True
Soybean,25.6,79.7,145.8,73.9,7.01,63.6,46.3,34.7,7.6,11.7,36.6,1,64.4,2040.3200000000002,10774.62,144.60000000000002,0.775609756097561,35.91,64.4,1,1,66.5,True
Wheat,25.5,76.3,78.3,36.4,6.56,36.2,45.7,29.2,8.0,21.9,46.5,5,90.5,1945.6499999999999,2850.12,111.10000000000001,0.4769433465085639,37.510000000000005,452.5,1,1,60.0,True
Tomato,40.0,53.2,128.9,54.1,6.34,81.9,45.3,10.9,9.7,18.3,38.7,1,38.4,2128.0,6973.490000000001,138.1,1.431818181818182,48.980000000000004,38.4,1,1,52.5,True
Groundnut,30.6,74.3,203.1,90.0,7.05,37.1,33.9,47.3,7.4,3.6,35.8,6,74.1,2273.58,18279.0,118.3,0.45133819951338205,38.75,444.59999999999997,0,1,80.5,False
Soybean,31.3,49.1,58.2,39.0,6.32,35.9,62.6,55.5,6.7,16.4,51.3,4,70.4,1536.8300000000002,2269.8,154.0,0.30142737195633923,39.49,281.6,0,0,47.5,True
Maize,29.5,62.0,191.8,70.5,7.06,70.2,39.2,58.0,7.9,14.3,25.8,4,105.2,1829.0,13521.900000000001,167.4,0.714867617107943,38.56,420.8,1,1,54.50000000000001,True
Wheat,25.3,68.3,131.8,53.3,7.54,40.5,19.7,59.5,6.8,3.3,42.9,6,59.5,1727.99,7024.9400000000005,119.7,0.5049875311720698,32.79,357.0,0,1,52.5,False
Tomato,40.0,59.5,29.6,29.8,7.31,68.0,44.6,39.4,7.6,15.9,38.6,1,84.8,2380.0,882.08,152.0,0.8,49.13,84.8,0,1,62.5,False
Groundnut,38.1,83.9,65.8,36.3,5.47,46.1,34.0,40.8,4.6,10.1,62.1,1,80.0,3196.59,2388.5399999999995,120.89999999999999,0.608179419525066,48.510000000000005,80.0,0,1,64.5,False
Maize,25.5,82.9,247.8,90.0,6.77,23.3,25.9,17.4,5.6,13.7,47.2,2,100.8,2113.9500000000003,22302.0,66.6,0.525959367945824,36.53,201.6,1,1,62.0,True
Maize,23.1,72.4,48.7,34.1,6.84,66.6,31.3,79.1,8.2,15.8,33.0,1,44.6,1672.4400000000003,1660.67,177.0,0.5978456014362658,33.5,44.6,1,1,51.0,True
Cotton,28.7,64.3,282.9,90.0,7.54,80.5,64.2,40.5,8.0,6.1,19.7,6,102.3,1845.4099999999999,25460.999999999996,185.2,0.7615894039735099,36.349999999999994,613.8,1,1,58.5,True
Cotton,24.2,75.9,144.6,60.4,5.62,45.1,35.6,14.5,7.6,23.6,18.0,2,125.2,1836.78,8733.84,95.2,0.8825831702544031,36.51,250.4,1,1,55.00000000000001,True
Rice,36.7,69.9,169.2,84.6,6.01,60.3,40.7,36.0,6.2,17.3,40.6,7,151.0,2565.3300000000004,14314.319999999998,137.0,0.776061776061776,47.150000000000006,1057.0,1,1,71.0,True
Groundnut,36.0,72.0,215.1,90.0,6.47,67.2,42.9,40.9,8.5,13.6,23.7,2,78.4,2592.0,19359.0,151.0,0.7924528301886793,45.92,156.8,1,0,48.0,False
Soybean,23.8,54.3,55.0,32.2,6.12,37.0,40.6,34.0,8.8,12.2,32.5,4,66.6,1292.34,1771.0000000000002,111.6,0.4894179894179895,31.67,266.4,0,0,37.5,True
Wheat,21.2,76.3,129.5,38.0,7.15,29.0,42.7,16.9,8.5,19.3,48.5,6,23.1,1617.56,4921.0,88.6,0.4785478547854785,32.69,138.60000000000002,0,1,61.0,False
Cotton,23.3,90.8,97.5,55.2,6.47,74.8,29.5,27.3,7.5,13.5,64.0,1,185.0,2115.64,5382.0,131.6,1.2941176470588236,35.080000000000005,185.0,0,1,63.0,False
Rice,28.6,59.3,239.4,90.0,6.48,72.5,17.0,57.9,5.4,7.1,44.5,3,143.6,1695.98,21546.0,147.4,0.9552042160737813,35.95,430.79999999999995,1,1,65.5,True
Tomato,24.6,72.1,52.7,15.0,7.03,69.9,30.9,70.6,6.9,7.9,54.8,7,53.3,1773.6599999999999,790.5,171.4,0.6819512195121952,33.39,373.09999999999997,1,0,44.5,False
Rice,31.0,67.7,22.1,19.7,7.28,42.9,49.0,21.1,4.7,19.4,69.5,6,120.0,2098.7000000000003,435.37,113.0,0.6033755274261604,41.650000000000006,720.0,1,0,49.0,False
Soybean,27.6,95.0,115.6,67.2,7.32,59.0,44.5,42.0,7.4,15.3,56.8,5,114.0,2622.0,7768.32,145.5,0.6742857142857143,40.160000000000004,570.0,0,1,60.0,False
Groundnut,24.8,64.7,75.1,49.6,6.03,40.4,25.6,73.8,7.3,6.2,49.9,6,60.3,1604.5600000000002,3724.96,139.8,0.40239043824701193,32.510000000000005,361.79999999999995,0,1,52.5,False
Rice,32.9,71.8,216.6,90.0,6.84,50.5,52.1,56.0,5.5,9.9,36.1,2,75.9,2362.22,19494.0,158.6,0.462878093492209,42.059999999999995,151.8,0,1,71.5,False
Cotton,31.5,34.3,235.5,69.7,6.33,34.5,34.9,88.3,5.8,10.3,21.6,2,105.5,1080.4499999999998,16414.350000000002,157.7,0.2777777777777778,36.99,211.0,1,1,60.5,True
Tomato,27.9,94.2,257.1,90.0,5.33,82.7,35.4,41.0,8.3,13.6,77.7,2,97.5,2628.18,23139.000000000004,159.1,1.0684754521963824,40.04,195.0,1,1,74.0,True
Wheat,30.8,62.8,212.3,77.3,5.62,58.9,38.8,50.6,9.7,10.5,29.4,7,73.1,1934.24,16410.79,148.29999999999998,0.6515486725663716,39.18,511.69999999999993,1,1,57.99999999999999,True
Wheat,30.5,59.4,264.6,90.0,6.91,67.4,37.7,57.3,6.3,21.2,42.5,1,62.7,1811.7,23814.000000000004,162.4,0.7020833333333334,40.68,62.7,0,1,62.0,False
Wheat,17.5,63.2,135.5,71.7,6.77,39.8,37.8,29.7,5.8,18.1,32.1,6,122.8,1106.0,9715.35,107.3,0.581021897810219,27.44,736.8,0,1,53.0,False
Rice,27.8,73.1,84.8,52.4,6.31,30.3,49.4,28.0,9.8,14.9,45.4,1,82.1,2032.1799999999998,4443.5199999999995,107.7,0.3864795918367347,38.089999999999996,82.1,0,1,66.0,False
Groundnut,38.0,60.4,282.3,90.0,6.81,38.4,28.7,79.2,5.8,8.9,51.0,1,70.7,2295.2,25407.0,146.3,0.3526170798898071,45.82,70.7,0,1,64.5,False
Maize,16.4,70.2,246.4,76.7,5.41,84.2,27.6,43.2,4.9,7.6,40.5,2,67.5,1151.28,18898.88,155.0,1.172701949860724,24.939999999999998,135.0,0,1,57.49999999999999,False
Rice,30.8,65.4,279.4,90.0,6.45,55.1,18.5,81.1,6.4,12.2,45.1,7,60.2,2014.3200000000002,25145.999999999996,154.7,0.547713717693837,39.78,421.40000000000003,1,1,74.5,True
Maize,35.8,76.6,152.5,67.3,6.66,53.3,22.8,74.0,5.3,11.3,38.4,2,58.5,2742.2799999999997,10263.25,150.1,0.5449897750511248,45.71999999999999,117.0,1,1,62.5,True
Rice,26.6,73.1,69.8,48.5,7.04,60.8,38.4,49.5,5.0,19.0,54.4,5,112.3,1944.46,3385.2999999999997,148.7,0.6839145106861642,37.71,561.5,1,0,49.0,False
Groundnut,20.3,83.5,161.9,68.2,5.93,59.5,31.5,56.1,8.4,13.6,52.1,6,88.4,1695.05,11041.580000000002,147.1,0.6715575620767494,31.369999999999997,530.4000000000001,1,1,67.0,True
Wheat,28.0,61.8,97.4,61.4,6.9,10.0,41.4,40.4,7.7,9.6,15.4,2,125.8,1730.3999999999999,5980.360000000001,91.8,0.12077294685990339,36.1,251.6,1,1,59.0,True
Rice,36.0,47.3,176.4,54.4,6.08,36.0,48.7,48.0,8.9,15.8,50.0,4,69.6,1702.8,9596.16,132.7,0.36847492323439096,43.89,278.4,1,1,53.5,True
Cotton,26.7,56.3,180.8,41.3,7.75,43.5,41.0,26.8,7.2,8.1,25.6,2,107.9,1503.2099999999998,7467.04,111.3,0.6322674418604651,33.949999999999996,215.8,0,1,52.0,False
Groundnut,21.4,62.4,103.7,61.2,7.41,69.7,8.0,73.6,8.2,12.1,59.5,7,88.1,1335.36,6346.4400000000005,151.3,0.8438256658595643,30.060000000000002,616.6999999999999,0,1,51.5,False
Groundnut,28.7,89.2,135.3,53.1,6.9,75.1,33.4,5.0,7.3,11.9,46.5,4,107.0,2560.04,7184.430000000001,113.5,1.9060913705583755,40.0,428.0,1,1,56.49999999999999,True
Soybean,25.9,87.5,70.7,65.5,6.4,73.2,22.8,47.7,6.2,6.7,37.2,3,94.2,2266.25,4630.85,143.7,1.0237762237762238,35.99,282.6,1,0,45.0,False
Wheat,37.1,65.5,239.2,84.1,6.67,36.0,37.0,55.8,7.7,3.7,32.3,7,119.7,2430.05,20116.719999999998,128.8,0.3837953091684435,44.39,837.9,1,1,73.5,True
Wheat,20.8,45.0,86.6,46.5,5.68,43.0,42.5,65.2,7.4,12.9,36.2,1,128.7,936.0,4026.8999999999996,150.7,0.39558417663293466,27.880000000000003,128.7,1,0,44.5,False
Soybean,32.7,58.4,156.6,67.8,7.02,43.8,45.1,56.8,7.5,6.2,41.5,7,50.1,1909.68,10617.48,145.7,0.4256559766763848,39.78000000000001,350.7,0,1,61.0,False
Tomato,32.7,57.6,73.0,18.8,6.63,43.9,59.0,49.3,8.0,9.7,44.3,5,96.6,1883.5200000000002,1372.4,152.2,0.40164684354986274,40.4,483.0,0,0,44.0,True
Tomato,31.0,56.0,186.9,90.0,6.28,66.7,33.9,30.1,9.7,11.2,31.5,3,77.7,1736.0,16821.0,130.7,1.0261538461538462,38.84,233.10000000000002,0,1,61.5,False
Tomato,26.2,63.1,136.3,52.5,7.95,51.4,19.2,42.6,6.1,6.7,34.8,1,117.3,1653.22,7155.750000000001,113.19999999999999,0.8184713375796179,33.85,117.3,0,1,58.5,False
